-- phpMyAdmin SQL Dump
-- version 4.5.1
-- http://www.phpmyadmin.net
--
-- Хост: mysql7.locum.ru
-- Время создания: Авг 31 2017 г., 11:15
-- Версия сервера: 5.5.53-38.5-log
-- Версия PHP: 5.6.30-0+deb8u1

SET SQL_MODE = "NO_AUTO_VALUE_ON_ZERO";
SET time_zone = "+00:00";


/*!40101 SET @OLD_CHARACTER_SET_CLIENT=@@CHARACTER_SET_CLIENT */;
/*!40101 SET @OLD_CHARACTER_SET_RESULTS=@@CHARACTER_SET_RESULTS */;
/*!40101 SET @OLD_COLLATION_CONNECTION=@@COLLATION_CONNECTION */;
/*!40101 SET NAMES utf8mb4 */;

--
-- База данных: `belka_krasnoda26`
--

-- --------------------------------------------------------

--
-- Структура таблицы `migration`
--

CREATE TABLE `migration` (
  `version` varchar(180) NOT NULL,
  `apply_time` int(11) DEFAULT NULL
) ENGINE=InnoDB DEFAULT CHARSET=utf8;

--
-- Дамп данных таблицы `migration`
--

INSERT INTO `migration` (`version`, `apply_time`) VALUES
('m000000_000000_base', 1495614946),
('m160331_140545_users', 1495615009),
('m170519_079643_product', 1495615014),
('m170519_080239_shop', 1495615014),
('m170523_085321_history_seller', 1495615014),
('m170524_072836_table_check', 1495615014),
('m170524_130748_link_percentage_sum', 1495636472),
('m170525_092507_fix_card', 1496321941),
('m170531_091833_fix_date_birth_type', 1496321932),
('m170531_112918_add_field_bonus_sum', 1496321941),
('m170531_141036_add_total_sum_check', 1496321941),
('m170531_141536_fields_client_history', 1496321941),
('m170601_143126_add_column_seller_history_id', 1496328505),
('m170602_073202_add_bonus_sum_field_to_check', 1496395040),
('m170602_132449_add_seller_history_columns', 1496748035),
('m170602_133445_add_client_history_columns', 1496747067),
('m170602_144107_fix_column_parcentage', 1496747312),
('m170606_115830_add_column_pay_method', 1496751181),
('m170606_132607_add_fields_seller_history', 1496833565),
('m170606_134553_seller_report', 1496833565),
('m170607_063429_add_column_payment_bonus', 1496833565),
('m170607_123215_add_columns_seller_report', 1496841953),
('m170608_105446_add_column_one_count_price', 1496920681),
('m170608_111222_drop_column_extra_charge', 1496920681),
('m170609_065626_add_column_shop_id', 1496995514),
('m170609_093909_add_column_requisites_to_shop', 1497001523),
('m170720_060943_add_coockies_column_to_post_user_users', 1500550355),
('m170720_061608_add_coockies_column_to_post', 1500550355),
('m170720_073754_add_drop_email_unique', 1500550356),
('m170720_131446_add_user_in_2shop', 1500558541),
('m170726_131833_add_new_table_product_price', 1501080329);

-- --------------------------------------------------------

--
-- Структура таблицы `product_categories`
--

CREATE TABLE `product_categories` (
  `id` int(11) NOT NULL,
  `parent_id` int(11) DEFAULT '0',
  `name` varchar(255) NOT NULL,
  `description` text
) ENGINE=InnoDB DEFAULT CHARSET=utf8;

--
-- Дамп данных таблицы `product_categories`
--

INSERT INTO `product_categories` (`id`, `parent_id`, `name`, `description`) VALUES
(1, 0, 'Зерно-бобовые', 'Зерновые культуры'),
(2, 0, 'Комбикорм заводской', ''),
(3, 0, 'PURINA', ''),
(4, 0, 'GUTENAGRO', ''),
(5, 0, 'ЮЖНАЯ КОРОНА БКЗ', ''),
(6, 0, 'Старый Оскол', ''),
(7, 0, 'Зерносмеси', ''),
(8, 0, 'Манки/мучки', ''),
(9, 0, 'Отходы', ''),
(10, 0, 'Кормушки/поилки', ''),
(11, 0, 'Добавки', ''),
(12, 0, 'Стеклотара', ''),
(13, 0, 'Тара', ''),
(14, 0, 'Пищевка', ''),
(15, 0, 'Крупы', ''),
(16, 0, 'Собаки', ''),
(17, 0, 'Кошки', ''),
(18, 0, 'Отрава', ''),
(19, 0, 'Напитки', ''),
(20, 0, 'Хозяйственные товары', '');

-- --------------------------------------------------------

--
-- Структура таблицы `product_percentages`
--

CREATE TABLE `product_percentages` (
  `id` int(11) NOT NULL,
  `value` float NOT NULL
) ENGINE=InnoDB DEFAULT CHARSET=utf8;

--
-- Дамп данных таблицы `product_percentages`
--

INSERT INTO `product_percentages` (`id`, `value`) VALUES
(1, 3),
(2, 5),
(3, 7),
(4, 10),
(5, 2),
(6, 4),
(7, 6),
(8, 9);

-- --------------------------------------------------------

--
-- Структура таблицы `product_price`
--

CREATE TABLE `product_price` (
  `id` int(11) NOT NULL,
  `product_id` int(11) DEFAULT NULL,
  `price_bag` float DEFAULT NULL,
  `price_kg` float DEFAULT NULL,
  `forShop` int(11) NOT NULL
) ENGINE=InnoDB DEFAULT CHARSET=utf8;

--
-- Дамп данных таблицы `product_price`
--

INSERT INTO `product_price` (`id`, `product_id`, `price_bag`, `price_kg`, `forShop`) VALUES
(1351, 5, 480, 12.5, 1),
(1352, 6, 480, 12.5, 1),
(1353, 7, 440, 11.5, 1),
(1354, 8, 520, 13.5, 1),
(1355, 9, 1300, 33, 1),
(1356, 10, 1220, 31, 1),
(1357, 11, 1200, 30.5, 1),
(1358, 12, 1160, 29.5, 1),
(1359, 13, 920, 23.5, 1),
(1360, 14, 880, 22.5, 1),
(1361, 15, 1140, 29, 1),
(1362, 16, 1360, 34.5, 1),
(1363, 17, 1070, 27.5, 1),
(1364, 18, 860, 22, 1),
(1365, 19, 840, 21.5, 1),
(1366, 20, 870, 22.5, 1),
(1367, 21, 1120, 28.5, 1),
(1368, 22, 1050, 27, 1),
(1369, 23, 850, 22, 1),
(1370, 24, 1020, 26, 1),
(1371, 25, 960, 24.5, 1),
(1372, 26, 800, 20.5, 1),
(1373, 27, 1060, 27, 1),
(1374, 28, 900, 36.5, 1),
(1375, 29, 1100, 28, 1),
(1376, 30, 1400, 35.5, 1),
(1377, 31, 1300, 33, 1),
(1378, 32, 1220, 31, 1),
(1379, 33, 1280, 32.5, 1),
(1380, 34, 1160, 29.5, 1),
(1381, 35, 1280, 32.5, 1),
(1382, 36, 1040, 26.5, 1),
(1383, 37, 1120, 28.5, 1),
(1384, 38, 1500, 38, 1),
(1385, 39, 1200, 30.5, 1),
(1386, 40, 1160, 29.5, 1),
(1387, 41, 1750, 70.5, 1),
(1388, 42, 1750, 70.5, 1),
(1389, 43, 1250, 50.5, 1),
(1390, 44, 1550, 62.5, 1),
(1391, 45, 735, 30, 1),
(1392, 46, 625, 25.5, 1),
(1393, 47, 600, 24.5, 1),
(1394, 48, 585, 24, 1),
(1395, 49, 775, 31.5, 1),
(1396, 50, 715, 29.5, 1),
(1397, 51, 775, 31.5, 1),
(1398, 52, 620, 25.5, 1),
(1399, 53, 945, 38.5, 1),
(1400, 54, 880, 36, 1),
(1401, 55, 535, 22, 1),
(1402, 56, 525, 21.5, 1),
(1403, 57, 655, 27, 1),
(1404, 58, 800, 32.5, 1),
(1405, 59, 640, 26.5, 1),
(1406, 60, 750, 30.5, 1),
(1407, 61, 500, 13, 1),
(1408, 62, 560, 14.5, 1),
(1409, 63, 1400, 35.5, 1),
(1410, 64, 700, 18, 1),
(1411, 65, 450, 15.5, 1),
(1412, 66, 455, 13.5, 1),
(1413, 67, 680, 17.5, 1),
(1414, 68, 640, 16.5, 1),
(1415, 69, 435, 15, 1),
(1416, 70, 1225, 35.5, 1),
(1417, 71, 1050, 30.5, 1),
(1418, 72, 200, 10, 1),
(1419, 73, 520, 13.5, 1),
(1420, 74, 21.5, 840, 1),
(1421, 75, 570, 19.5, 1),
(1422, 76, 560, 14.5, 1),
(1423, 77, 14.5, 560, 1),
(1424, 78, 780, 20, 1),
(1425, 79, 900, 18.5, 1),
(1426, 80, 720, 18.5, 1),
(1427, 81, 660, 17, 1),
(1428, 82, 290, 290, 1),
(1429, 83, 360, 12.5, 1),
(1430, 84, 350, 10.5, 1),
(1431, 85, 525, 11, 1),
(1432, 86, 440, 11.5, 1),
(1433, 87, 330, 11.5, 1),
(1434, 88, 270, 9.5, 1),
(1435, 89, 480, 12.5, 1),
(1436, 90, 200, 200, 1),
(1437, 91, 400, 400, 1),
(1438, 92, 200, 200, 1),
(1439, 93, 120, 120, 1),
(1440, 94, 25, 25, 1),
(1441, 95, 100, 100, 1),
(1442, 96, 150, 150, 1),
(1443, 97, 250, 250, 1),
(1444, 98, 225, 8, 1),
(1445, 99, 250, 8, 1),
(1446, 100, 3000, 75.5, 1),
(1447, 101, 1200, 30.5, 1),
(1448, 102, 2000, 50.5, 1),
(1449, 103, 2500, 50.5, 1),
(1450, 104, 1750, 70.5, 1),
(1451, 105, 1950, 78.5, 1),
(1452, 106, 1000, 40.5, 1),
(1453, 107, 2300, 92.5, 1),
(1454, 108, 2250, 90.5, 1),
(1455, 109, 40, 40, 1),
(1456, 110, 85, 85, 1),
(1457, 111, 65, 65, 1),
(1458, 112, 45, 45, 1),
(1459, 113, 75, 75, 1),
(1460, 114, 45, 45, 1),
(1461, 115, 60, 60, 1),
(1462, 116, 50, 50, 1),
(1463, 117, 50, 50, 1),
(1464, 118, 65, 65, 1),
(1465, 119, 190, 190, 1),
(1466, 120, 25, 25, 1),
(1467, 121, 75, 75, 1),
(1468, 122, 5, 5, 1),
(1469, 123, 60, 60, 1),
(1470, 124, 45, 45, 1),
(1471, 125, 500, 10.5, 1),
(1472, 126, 190, 38.5, 1),
(1473, 127, 360, 36.5, 1),
(1474, 128, 170, 34.5, 1),
(1475, 129, 330, 33.5, 1),
(1476, 130, 95, 95, 1),
(1477, 131, 65, 65, 1),
(1478, 132, 1100, 74, 1),
(1479, 133, 750, 75.5, 1),
(1480, 134, 1100, 110.5, 1),
(1481, 135, 275, 92, 1),
(1482, 136, 55, 157, 1),
(1483, 137, 85, 85, 1),
(1484, 138, 85, 85, 1),
(1485, 139, 14, 14, 1),
(1486, 140, 20, 20, 1),
(1487, 141, 11, 11, 1),
(1488, 142, 700, 18, 1),
(1489, 143, 700, 18, 1),
(1490, 144, 16, 16, 1),
(1491, 145, 13, 13, 1),
(1492, 146, 29, 29, 1),
(1493, 147, 35, 35, 1),
(1494, 148, 38, 38, 1),
(1495, 149, 11, 11, 1),
(1496, 150, 23, 23, 1),
(1497, 151, 37, 37, 1),
(1498, 152, 36, 36, 1),
(1499, 153, 40, 40, 1),
(1500, 154, 45, 45, 1),
(1501, 155, 190, 190, 1),
(1502, 156, 3, 3, 1),
(1503, 157, 7, 7, 1),
(1504, 158, 13, 13, 1),
(1505, 159, 900, 18.5, 1),
(1506, 160, 45.5, 45.5, 1),
(1507, 161, 650, 17, 1),
(1508, 162, 700, 18, 1),
(1509, 163, 700, 18, 1),
(1510, 164, 720, 18.5, 1),
(1511, 165, 450, 18.5, 1),
(1512, 166, 740, 19, 1),
(1513, 167, 595, 17.5, 1),
(1514, 168, 490, 14.5, 1),
(1515, 169, 480, 12.5, 1),
(1516, 170, 440, 11.5, 1),
(1517, 171, 1150, 23, 1),
(1518, 172, 600, 24, 1),
(1519, 173, 250, 25, 1),
(1520, 174, 130, 26, 1),
(1521, 175, 2050, 41, 1),
(1522, 176, 1100, 44, 1),
(1523, 177, 430, 43, 1),
(1524, 178, 220, 44, 1),
(1525, 179, 55, 55, 1),
(1526, 180, 105, 105, 1),
(1527, 181, 200, 200, 1),
(1528, 182, 290, 290, 1),
(1529, 183, 470, 470, 1),
(1530, 184, 95, 95, 1),
(1531, 185, 190, 190, 1),
(1532, 186, 285, 285, 1),
(1533, 187, 450, 450, 1),
(1534, 188, 90, 90, 1),
(1535, 189, 170, 170, 1),
(1536, 190, 30, 30, 1),
(1537, 191, 36, 36, 1),
(1538, 192, 25, 25, 1),
(1539, 193, 40, 40, 1),
(1540, 194, 85, 85, 1),
(1541, 195, 25, 25, 1),
(1542, 196, 25, 25, 1),
(1543, 197, 35, 35, 1),
(1544, 198, 80, 80, 1),
(1545, 199, 45, 45, 1),
(1546, 200, 25, 25, 1),
(1547, 201, 10, 10, 1),
(1548, 202, 110, 110, 1),
(1549, 203, 100, 100, 1),
(1550, 204, 110, 110, 1),
(1551, 205, 120, 120, 1),
(1552, 206, 18, 18, 1),
(1553, 207, 310, 310, 1),
(1554, 208, 300, 300, 1),
(1555, 209, 310, 310, 1),
(1556, 210, 320, 320, 1),
(1557, 211, 90, 90, 1),
(1558, 212, 3, 3, 1),
(1559, 213, 5, 5, 1),
(1560, 214, 10, 10, 1),
(1561, 215, 270, 270, 1),
(1562, 216, 440, 440, 1),
(1563, 217, 900, 90.5, 1),
(1564, 218, 100, 100, 1),
(1565, 219, 350, 350, 1),
(1566, 220, 500, 13, 1),
(1567, 221, 41.5, 41.5, 1),
(1568, 222, 440, 11.5, 1),
(1569, 223, 60, 0, 1),
(1570, 224, 90, 0, 1),
(1571, 225, 70, 70, 1),
(1572, 226, 85, 85, 1),
(1573, 227, 105, 105, 1),
(1574, 228, 55, 55, 1),
(1575, 229, 200, 200, 1),
(1576, 5, 480, 12.5, 3),
(1577, 6, 480, 12.5, 3),
(1578, 7, 440, 11.5, 3),
(1579, 8, 520, 13.5, 3),
(1580, 9, 1300, 33, 3),
(1581, 10, 1220, 31, 3),
(1582, 11, 1200, 30.5, 3),
(1583, 12, 1160, 29.5, 3),
(1584, 13, 920, 23.5, 3),
(1585, 14, 880, 22.5, 3),
(1586, 15, 1140, 29, 3),
(1587, 16, 1360, 34.5, 3),
(1588, 17, 1070, 27.5, 3),
(1589, 18, 860, 22, 3),
(1590, 19, 840, 21.5, 3),
(1591, 20, 870, 22.5, 3),
(1592, 21, 1120, 28.5, 3),
(1593, 22, 1050, 27, 3),
(1594, 23, 850, 22, 3),
(1595, 24, 1020, 26, 3),
(1596, 25, 960, 24.5, 3),
(1597, 26, 800, 20.5, 3),
(1598, 27, 1060, 27, 3),
(1599, 28, 900, 36.5, 3),
(1600, 29, 1100, 28, 3),
(1601, 30, 1400, 35.5, 3),
(1602, 31, 1300, 33, 3),
(1603, 32, 1220, 31, 3),
(1604, 33, 1280, 32.5, 3),
(1605, 34, 1160, 29.5, 3),
(1606, 35, 1280, 32.5, 3),
(1607, 36, 1040, 26.5, 3),
(1608, 37, 1120, 28.5, 3),
(1609, 38, 1500, 38, 3),
(1610, 39, 1200, 30.5, 3),
(1611, 40, 1160, 29.5, 3),
(1612, 41, 1750, 70.5, 3),
(1613, 42, 1750, 70.5, 3),
(1614, 43, 1250, 50.5, 3),
(1615, 44, 1550, 62.5, 3),
(1616, 45, 735, 30, 3),
(1617, 46, 625, 25.5, 3),
(1618, 47, 600, 24.5, 3),
(1619, 48, 585, 24, 3),
(1620, 49, 775, 31.5, 3),
(1621, 50, 715, 29.5, 3),
(1622, 51, 775, 31.5, 3),
(1623, 52, 620, 25.5, 3),
(1624, 53, 945, 38.5, 3),
(1625, 54, 880, 36, 3),
(1626, 55, 535, 22, 3),
(1627, 56, 525, 21.5, 3),
(1628, 57, 655, 27, 3),
(1629, 58, 800, 32.5, 3),
(1630, 59, 640, 26.5, 3),
(1631, 60, 750, 30.5, 3),
(1632, 61, 500, 13, 3),
(1633, 62, 560, 14.5, 3),
(1634, 63, 1400, 35.5, 3),
(1635, 64, 700, 18, 3),
(1636, 65, 450, 15.5, 3),
(1637, 66, 455, 13.5, 3),
(1638, 67, 680, 17.5, 3),
(1639, 68, 640, 16.5, 3),
(1640, 69, 435, 15, 3),
(1641, 70, 1225, 35.5, 3),
(1642, 71, 1050, 30.5, 3),
(1643, 72, 200, 10, 3),
(1644, 73, 520, 13.5, 3),
(1645, 74, 21.5, 840, 3),
(1646, 75, 570, 19.5, 3),
(1647, 76, 560, 14.5, 3),
(1648, 77, 14.5, 560, 3),
(1649, 78, 780, 20, 3),
(1650, 79, 900, 18.5, 3),
(1651, 80, 720, 18.5, 3),
(1652, 81, 660, 17, 3),
(1653, 82, 290, 290, 3),
(1654, 83, 360, 12.5, 3),
(1655, 84, 350, 10.5, 3),
(1656, 85, 525, 11, 3),
(1657, 86, 440, 11.5, 3),
(1658, 87, 330, 11.5, 3),
(1659, 88, 270, 9.5, 3),
(1660, 89, 480, 12.5, 3),
(1661, 90, 200, 200, 3),
(1662, 91, 400, 400, 3),
(1663, 92, 200, 200, 3),
(1664, 93, 120, 120, 3),
(1665, 94, 25, 25, 3),
(1666, 95, 100, 100, 3),
(1667, 96, 150, 150, 3),
(1668, 97, 250, 250, 3),
(1669, 98, 225, 8, 3),
(1670, 99, 250, 8, 3),
(1671, 100, 3000, 75.5, 3),
(1672, 101, 1200, 30.5, 3),
(1673, 102, 2000, 50.5, 3),
(1674, 103, 2500, 50.5, 3),
(1675, 104, 1750, 70.5, 3),
(1676, 105, 1950, 78.5, 3),
(1677, 106, 1000, 40.5, 3),
(1678, 107, 2300, 92.5, 3),
(1679, 108, 2250, 90.5, 3),
(1680, 109, 40, 40, 3),
(1681, 110, 85, 85, 3),
(1682, 111, 65, 65, 3),
(1683, 112, 45, 45, 3),
(1684, 113, 75, 75, 3),
(1685, 114, 45, 45, 3),
(1686, 115, 60, 60, 3),
(1687, 116, 50, 50, 3),
(1688, 117, 50, 50, 3),
(1689, 118, 65, 65, 3),
(1690, 119, 190, 190, 3),
(1691, 120, 25, 25, 3),
(1692, 121, 75, 75, 3),
(1693, 122, 5, 5, 3),
(1694, 123, 60, 60, 3),
(1695, 124, 45, 45, 3),
(1696, 125, 500, 10.5, 3),
(1697, 126, 190, 38.5, 3),
(1698, 127, 360, 36.5, 3),
(1699, 128, 170, 34.5, 3),
(1700, 129, 330, 33.5, 3),
(1701, 130, 95, 95, 3),
(1702, 131, 65, 65, 3),
(1703, 132, 1100, 74, 3),
(1704, 133, 750, 75.5, 3),
(1705, 134, 1100, 110.5, 3),
(1706, 135, 275, 92, 3),
(1707, 136, 55, 157, 3),
(1708, 137, 85, 85, 3),
(1709, 138, 85, 85, 3),
(1710, 139, 14, 14, 3),
(1711, 140, 20, 20, 3),
(1712, 141, 11, 11, 3),
(1713, 142, 700, 18, 3),
(1714, 143, 700, 18, 3),
(1715, 144, 16, 16, 3),
(1716, 145, 13, 13, 3),
(1717, 146, 29, 29, 3),
(1718, 147, 35, 35, 3),
(1719, 148, 38, 38, 3),
(1720, 149, 11, 11, 3),
(1721, 150, 23, 23, 3),
(1722, 151, 37, 37, 3),
(1723, 152, 36, 36, 3),
(1724, 153, 40, 40, 3),
(1725, 154, 45, 45, 3),
(1726, 155, 190, 190, 3),
(1727, 156, 3, 3, 3),
(1728, 157, 7, 7, 3),
(1729, 158, 13, 13, 3),
(1730, 159, 900, 18.5, 3),
(1731, 160, 45.5, 45.5, 3),
(1732, 161, 650, 17, 3),
(1733, 162, 700, 18, 3),
(1734, 163, 700, 18, 3),
(1735, 164, 720, 18.5, 3),
(1736, 165, 450, 18.5, 3),
(1737, 166, 740, 19, 3),
(1738, 167, 595, 17.5, 3),
(1739, 168, 490, 14.5, 3),
(1740, 169, 480, 12.5, 3),
(1741, 170, 440, 11.5, 3),
(1742, 171, 1150, 23, 3),
(1743, 172, 600, 24, 3),
(1744, 173, 250, 25, 3),
(1745, 174, 130, 26, 3),
(1746, 175, 2050, 41, 3),
(1747, 176, 1100, 44, 3),
(1748, 177, 430, 43, 3),
(1749, 178, 220, 44, 3),
(1750, 179, 55, 55, 3),
(1751, 180, 105, 105, 3),
(1752, 181, 200, 200, 3),
(1753, 182, 290, 290, 3),
(1754, 183, 470, 470, 3),
(1755, 184, 95, 95, 3),
(1756, 185, 190, 190, 3),
(1757, 186, 285, 285, 3),
(1758, 187, 450, 450, 3),
(1759, 188, 90, 90, 3),
(1760, 189, 170, 170, 3),
(1761, 190, 30, 30, 3),
(1762, 191, 36, 36, 3),
(1763, 192, 25, 25, 3),
(1764, 193, 40, 40, 3),
(1765, 194, 85, 85, 3),
(1766, 195, 25, 25, 3),
(1767, 196, 25, 25, 3),
(1768, 197, 35, 35, 3),
(1769, 198, 80, 80, 3),
(1770, 199, 45, 45, 3),
(1771, 200, 25, 25, 3),
(1772, 201, 10, 10, 3),
(1773, 202, 110, 110, 3),
(1774, 203, 100, 100, 3),
(1775, 204, 110, 110, 3),
(1776, 205, 120, 120, 3),
(1777, 206, 18, 18, 3),
(1778, 207, 310, 310, 3),
(1779, 208, 300, 300, 3),
(1780, 209, 310, 310, 3),
(1781, 210, 320, 320, 3),
(1782, 211, 90, 90, 3),
(1783, 212, 3, 3, 3),
(1784, 213, 5, 5, 3),
(1785, 214, 10, 10, 3),
(1786, 215, 270, 270, 3),
(1787, 216, 440, 440, 3),
(1788, 217, 900, 90.5, 3),
(1789, 218, 100, 100, 3),
(1790, 219, 350, 350, 3),
(1791, 220, 500, 13, 3),
(1792, 221, 41.5, 41.5, 3),
(1793, 222, 440, 11.5, 3),
(1794, 223, 60, 0, 3),
(1795, 224, 90, 0, 3),
(1796, 225, 70, 70, 3),
(1797, 226, 85, 85, 3),
(1798, 227, 105, 105, 3),
(1799, 228, 55, 55, 3),
(1800, 229, 200, 200, 3),
(1801, 5, 480, 12.5, 4),
(1802, 6, 480, 12.5, 4),
(1803, 7, 440, 11.5, 4),
(1804, 8, 520, 13.5, 4),
(1805, 9, 1300, 33, 4),
(1806, 10, 1220, 31, 4),
(1807, 11, 1200, 30.5, 4),
(1808, 12, 1160, 29.5, 4),
(1809, 13, 920, 23.5, 4),
(1810, 14, 880, 22.5, 4),
(1811, 15, 1140, 29, 4),
(1812, 16, 1360, 34.5, 4),
(1813, 17, 1070, 27.5, 4),
(1814, 18, 860, 22, 4),
(1815, 19, 840, 21.5, 4),
(1816, 20, 870, 22.5, 4),
(1817, 21, 1120, 28.5, 4),
(1818, 22, 1050, 27, 4),
(1819, 23, 850, 22, 4),
(1820, 24, 1020, 26, 4),
(1821, 25, 960, 24.5, 4),
(1822, 26, 800, 20.5, 4),
(1823, 27, 1060, 27, 4),
(1824, 28, 900, 36.5, 4),
(1825, 29, 1100, 28, 4),
(1826, 30, 1400, 35.5, 4),
(1827, 31, 1300, 33, 4),
(1828, 32, 1220, 31, 4),
(1829, 33, 1280, 32.5, 4),
(1830, 34, 1160, 29.5, 4),
(1831, 35, 1280, 32.5, 4),
(1832, 36, 1040, 26.5, 4),
(1833, 37, 1120, 28.5, 4),
(1834, 38, 1500, 38, 4),
(1835, 39, 1200, 30.5, 4),
(1836, 40, 1160, 29.5, 4),
(1837, 41, 1750, 70.5, 4),
(1838, 42, 1750, 70.5, 4),
(1839, 43, 1250, 50.5, 4),
(1840, 44, 1550, 62.5, 4),
(1841, 45, 735, 30, 4),
(1842, 46, 625, 25.5, 4),
(1843, 47, 600, 24.5, 4),
(1844, 48, 585, 24, 4),
(1845, 49, 775, 31.5, 4),
(1846, 50, 715, 29.5, 4),
(1847, 51, 775, 31.5, 4),
(1848, 52, 620, 25.5, 4),
(1849, 53, 945, 38.5, 4),
(1850, 54, 880, 36, 4),
(1851, 55, 535, 22, 4),
(1852, 56, 525, 21.5, 4),
(1853, 57, 655, 27, 4),
(1854, 58, 800, 32.5, 4),
(1855, 59, 640, 26.5, 4),
(1856, 60, 750, 30.5, 4),
(1857, 61, 500, 13, 4),
(1858, 62, 560, 14.5, 4),
(1859, 63, 1400, 35.5, 4),
(1860, 64, 700, 18, 4),
(1861, 65, 450, 15.5, 4),
(1862, 66, 455, 13.5, 4),
(1863, 67, 680, 17.5, 4),
(1864, 68, 640, 16.5, 4),
(1865, 69, 435, 15, 4),
(1866, 70, 1225, 35.5, 4),
(1867, 71, 1050, 30.5, 4),
(1868, 72, 200, 10, 4),
(1869, 73, 520, 13.5, 4),
(1870, 74, 21.5, 840, 4),
(1871, 75, 570, 19.5, 4),
(1872, 76, 560, 14.5, 4),
(1873, 77, 14.5, 560, 4),
(1874, 78, 780, 20, 4),
(1875, 79, 900, 18.5, 4),
(1876, 80, 720, 18.5, 4),
(1877, 81, 660, 17, 4),
(1878, 82, 290, 290, 4),
(1879, 83, 360, 12.5, 4),
(1880, 84, 350, 10.5, 4),
(1881, 85, 525, 11, 4),
(1882, 86, 440, 11.5, 4),
(1883, 87, 330, 11.5, 4),
(1884, 88, 270, 9.5, 4),
(1885, 89, 480, 12.5, 4),
(1886, 90, 200, 200, 4),
(1887, 91, 400, 400, 4),
(1888, 92, 200, 200, 4),
(1889, 93, 120, 120, 4),
(1890, 94, 25, 25, 4),
(1891, 95, 100, 100, 4),
(1892, 96, 150, 150, 4),
(1893, 97, 250, 250, 4),
(1894, 98, 225, 8, 4),
(1895, 99, 250, 8, 4),
(1896, 100, 3000, 75.5, 4),
(1897, 101, 1200, 30.5, 4),
(1898, 102, 2000, 50.5, 4),
(1899, 103, 2500, 50.5, 4),
(1900, 104, 1750, 70.5, 4),
(1901, 105, 1950, 78.5, 4),
(1902, 106, 1000, 40.5, 4),
(1903, 107, 2300, 92.5, 4),
(1904, 108, 2250, 90.5, 4),
(1905, 109, 40, 40, 4),
(1906, 110, 85, 85, 4),
(1907, 111, 65, 65, 4),
(1908, 112, 45, 45, 4),
(1909, 113, 75, 75, 4),
(1910, 114, 45, 45, 4),
(1911, 115, 60, 60, 4),
(1912, 116, 50, 50, 4),
(1913, 117, 50, 50, 4),
(1914, 118, 65, 65, 4),
(1915, 119, 190, 190, 4),
(1916, 120, 25, 25, 4),
(1917, 121, 75, 75, 4),
(1918, 122, 5, 5, 4),
(1919, 123, 60, 60, 4),
(1920, 124, 45, 45, 4),
(1921, 125, 500, 10.5, 4),
(1922, 126, 190, 38.5, 4),
(1923, 127, 360, 36.5, 4),
(1924, 128, 170, 34.5, 4),
(1925, 129, 330, 33.5, 4),
(1926, 130, 95, 95, 4),
(1927, 131, 65, 65, 4),
(1928, 132, 1100, 74, 4),
(1929, 133, 750, 75.5, 4),
(1930, 134, 1100, 110.5, 4),
(1931, 135, 275, 92, 4),
(1932, 136, 55, 157, 4),
(1933, 137, 85, 85, 4),
(1934, 138, 85, 85, 4),
(1935, 139, 14, 14, 4),
(1936, 140, 20, 20, 4),
(1937, 141, 11, 11, 4),
(1938, 142, 700, 18, 4),
(1939, 143, 700, 18, 4),
(1940, 144, 16, 16, 4),
(1941, 145, 13, 13, 4),
(1942, 146, 29, 29, 4),
(1943, 147, 35, 35, 4),
(1944, 148, 38, 38, 4),
(1945, 149, 11, 11, 4),
(1946, 150, 23, 23, 4),
(1947, 151, 37, 37, 4),
(1948, 152, 36, 36, 4),
(1949, 153, 40, 40, 4),
(1950, 154, 45, 45, 4),
(1951, 155, 190, 190, 4),
(1952, 156, 3, 3, 4),
(1953, 157, 7, 7, 4),
(1954, 158, 13, 13, 4),
(1955, 159, 900, 18.5, 4),
(1956, 160, 45.5, 45.5, 4),
(1957, 161, 650, 17, 4),
(1958, 162, 700, 18, 4),
(1959, 163, 700, 18, 4),
(1960, 164, 720, 18.5, 4),
(1961, 165, 450, 18.5, 4),
(1962, 166, 740, 19, 4),
(1963, 167, 595, 17.5, 4),
(1964, 168, 490, 14.5, 4),
(1965, 169, 480, 12.5, 4),
(1966, 170, 440, 11.5, 4),
(1967, 171, 1150, 23, 4),
(1968, 172, 600, 24, 4),
(1969, 173, 250, 25, 4),
(1970, 174, 130, 26, 4),
(1971, 175, 2050, 41, 4),
(1972, 176, 1100, 44, 4),
(1973, 177, 430, 43, 4),
(1974, 178, 220, 44, 4),
(1975, 179, 55, 55, 4),
(1976, 180, 105, 105, 4),
(1977, 181, 200, 200, 4),
(1978, 182, 290, 290, 4),
(1979, 183, 470, 470, 4),
(1980, 184, 95, 95, 4),
(1981, 185, 190, 190, 4),
(1982, 186, 285, 285, 4),
(1983, 187, 450, 450, 4),
(1984, 188, 90, 90, 4),
(1985, 189, 170, 170, 4),
(1986, 190, 30, 30, 4),
(1987, 191, 36, 36, 4),
(1988, 192, 25, 25, 4),
(1989, 193, 40, 40, 4),
(1990, 194, 85, 85, 4),
(1991, 195, 25, 25, 4),
(1992, 196, 25, 25, 4),
(1993, 197, 35, 35, 4),
(1994, 198, 80, 80, 4),
(1995, 199, 45, 45, 4),
(1996, 200, 25, 25, 4),
(1997, 201, 10, 10, 4),
(1998, 202, 110, 110, 4),
(1999, 203, 100, 100, 4),
(2000, 204, 110, 110, 4),
(2001, 205, 120, 120, 4),
(2002, 206, 18, 18, 4),
(2003, 207, 310, 310, 4),
(2004, 208, 300, 300, 4),
(2005, 209, 310, 310, 4),
(2006, 210, 320, 320, 4),
(2007, 211, 90, 90, 4),
(2008, 212, 3, 3, 4),
(2009, 213, 5, 5, 4),
(2010, 214, 10, 10, 4),
(2011, 215, 270, 270, 4),
(2012, 216, 440, 440, 4),
(2013, 217, 900, 90.5, 4),
(2014, 218, 100, 100, 4),
(2015, 219, 350, 350, 4),
(2016, 220, 500, 13, 4),
(2017, 221, 41.5, 41.5, 4),
(2018, 222, 440, 11.5, 4),
(2019, 223, 60, 0, 4),
(2020, 224, 90, 0, 4),
(2021, 225, 70, 70, 4),
(2022, 226, 85, 85, 4),
(2023, 227, 105, 105, 4),
(2024, 228, 55, 55, 4),
(2025, 229, 200, 200, 4);

-- --------------------------------------------------------

--
-- Структура таблицы `product_products`
--

CREATE TABLE `product_products` (
  `id` int(11) NOT NULL,
  `category_id` int(11) DEFAULT NULL,
  `name` varchar(255) NOT NULL,
  `description` text,
  `price_bag` float NOT NULL,
  `price_kg` float NOT NULL,
  `max_bonus_percentage` int(11) DEFAULT NULL,
  `max_discount_percentage` int(11) DEFAULT NULL,
  `created_at` timestamp NOT NULL DEFAULT CURRENT_TIMESTAMP,
  `check_one` tinyint(1) DEFAULT NULL
) ENGINE=InnoDB DEFAULT CHARSET=utf8;

--
-- Дамп данных таблицы `product_products`
--

INSERT INTO `product_products` (`id`, `category_id`, `name`, `description`, `price_bag`, `price_kg`, `max_bonus_percentage`, `max_discount_percentage`, `created_at`, `check_one`) VALUES
(5, 1, 'Кукуруза', 'Кукуруза', 480, 12.5, 1, 4, '2017-06-01 13:45:09', NULL),
(6, 1, 'Пшеница', 'Пшеница', 480, 12.5, 1, 1, '2017-06-01 13:45:34', NULL),
(7, 1, 'Ячмень', 'Ячмень', 440, 11.5, NULL, NULL, '2017-06-01 13:46:37', NULL),
(8, 15, 'Кукуруза №6', 'Кукуруза №6', 520, 13.5, NULL, NULL, '2017-06-01 13:47:10', NULL),
(9, 5, 'БР-1 ЮК', 'Старт для бройлеров 0-14 дней', 1300, 33, NULL, NULL, '2017-06-15 08:24:50', NULL),
(10, 5, 'БР-2 ЮК', 'Бройлер рост', 1220, 31, NULL, NULL, '2017-06-15 08:25:50', NULL),
(11, 5, 'БР-3 ЮК', 'Бройлер финиш', 1200, 30.5, NULL, NULL, '2017-06-15 08:26:59', NULL),
(12, 5, 'ПК-2 ЮК', 'Старт несушки', 1160, 29.5, NULL, NULL, '2017-06-15 08:28:42', NULL),
(13, 5, 'ПК-4 ЮК', 'Рост для кур-несушек\r\n', 920, 23.5, NULL, NULL, '2017-06-15 08:37:16', NULL),
(14, 5, 'ПК-1 ЮК', 'Куры-несушки ', 880, 22.5, NULL, NULL, '2017-06-15 08:38:34', NULL),
(15, 5, 'ПК-21 ЮК', 'Старт для уток', 1140, 29, NULL, NULL, '2017-06-15 08:39:15', NULL),
(16, 5, 'ПК-11 ЮК', 'Старт для индюков', 1360, 34.5, NULL, NULL, '2017-06-15 08:41:06', NULL),
(17, 5, 'ПК-12 ЮК', 'Рост для индюков', 1070, 27.5, NULL, NULL, '2017-06-15 08:43:34', NULL),
(18, 5, 'ПК-13 ЮК', 'Финиш для индюков', 860, 22, NULL, NULL, '2017-06-15 08:45:06', NULL),
(19, 5, 'ПК-90 без тр. муки ЮК', '', 840, 21.5, NULL, NULL, '2017-06-15 08:58:45', NULL),
(20, 5, 'ПК-90 с тр. мукой ЮК', '', 870, 22.5, NULL, NULL, '2017-06-15 09:01:31', NULL),
(21, 5, 'ДК-52 ЮК', '', 1120, 28.5, NULL, NULL, '2017-06-15 09:02:20', NULL),
(22, 5, 'КК-62', '', 1050, 27, NULL, NULL, '2017-06-15 09:23:36', NULL),
(23, 5, 'КК-63', '', 850, 22, NULL, NULL, '2017-06-15 09:24:28', NULL),
(24, 5, 'ПК-50', '', 1020, 26, NULL, NULL, '2017-06-15 09:30:12', NULL),
(25, 5, 'ПК-51', '', 960, 24.5, NULL, NULL, '2017-06-15 09:30:54', NULL),
(26, 5, 'ПК-55', '', 800, 20.5, NULL, NULL, '2017-06-15 09:31:29', NULL),
(27, 3, '409206 Кролики универсальный PURINA', '', 1060, 27, NULL, NULL, '2017-06-15 10:12:04', NULL),
(28, 3, '254113 Старт перепелка PURINA', '', 900, 36.5, NULL, NULL, '2017-06-15 10:13:15', NULL),
(29, 3, '404552 Перепела-несушки PURINA', '', 1100, 28, NULL, NULL, '2017-06-15 10:15:03', NULL),
(30, 3, '403168 БР-1 PURINA', '', 1400, 35.5, NULL, NULL, '2017-06-15 10:16:00', NULL),
(31, 3, '403268 БР-2 PURINA', '', 1300, 33, NULL, NULL, '2017-06-15 10:16:31', NULL),
(32, 3, '403356 БР-3 PURINA', '', 1220, 31, NULL, NULL, '2017-06-15 10:18:01', NULL),
(33, 3, '404151 Старт водоплавающая пт. PURINA', '', 1280, 32.5, NULL, NULL, '2017-06-15 10:19:48', NULL),
(34, 3, '404351 Рост/финиш водоплавающая пт. PURINA', '', 1160, 29.5, NULL, NULL, '2017-06-15 10:23:52', NULL),
(35, 3, '402151 Старт куры-несушки PURINA', '', 1280, 32.5, NULL, NULL, '2017-06-15 10:25:44', NULL),
(36, 3, '402651 Куры-несушки PURINA', '', 1040, 26.5, NULL, NULL, '2017-06-15 10:28:38', NULL),
(37, 3, '402451 Рост куры-несушки PURINA', '', 1120, 28.5, NULL, NULL, '2017-06-15 10:30:16', NULL),
(38, 3, '404161 Старт-2 индюки PURINA', '', 1500, 38, NULL, NULL, '2017-06-15 10:32:05', NULL),
(39, 3, '404261 Рост индюки PURINA', '', 1200, 30.5, NULL, NULL, '2017-06-15 10:45:31', NULL),
(40, 3, '404361 Финиш индюки PURINA', '', 1160, 29.5, NULL, NULL, '2017-06-15 10:46:27', NULL),
(41, 3, '251285 БМВД свиньи 10-20% PURINA', '', 1750, 70.5, NULL, NULL, '2017-06-15 10:48:57', NULL),
(42, 3, '252525 БМВД д/яичной пт. PURINA', '', 1750, 70.5, NULL, NULL, '2017-06-15 10:49:44', NULL),
(43, 3, '257329 БМВД КРС откорм молодняка PURINA', '', 1250, 50.5, NULL, NULL, '2017-06-15 10:51:27', NULL),
(44, 3, '253392 БМВД 10,5% д/мясной пт. PURINA', '', 1550, 62.5, NULL, NULL, '2017-06-15 10:52:16', NULL),
(45, 4, 'ПК-2 Старт д/кур-несушек GA(25кг)', '', 735, 30, NULL, NULL, '2017-06-15 10:57:55', NULL),
(46, 4, 'ПК-3 Рост д/кур-несушек GA(25кг)', '', 625, 25.5, NULL, NULL, '2017-06-15 10:58:47', NULL),
(47, 4, 'ПК-4 Рост д/кур-несушек GA(25кг)', '', 600, 24.5, NULL, NULL, '2017-06-15 10:59:33', NULL),
(48, 4, 'ПК-1 Куры-несушки GA(25кг)', '', 585, 24, NULL, NULL, '2017-06-15 11:00:00', NULL),
(49, 4, 'ПК-5-2 Рост д/бройлеров GA(25кг)', '', 775, 31.5, NULL, NULL, '2017-06-15 11:00:54', NULL),
(50, 4, 'ПК-5-3 Финиш д/бройлеров GA(25кг)', '', 715, 29.5, NULL, NULL, '2017-06-15 11:02:15', NULL),
(51, 4, 'ПК-21Старт д/водоплавающей пт. GA(25кг)', '', 775, 31.5, NULL, NULL, '2017-06-15 11:02:51', NULL),
(52, 4, 'ПК-22 Рост д/водоплавающей пт. GA(25кг)', '', 620, 25.5, NULL, NULL, '2017-06-15 11:04:14', NULL),
(53, 4, 'ПК-11-1 Старт для индюков GA(25кг)', '', 945, 38.5, NULL, NULL, '2017-06-15 11:05:34', NULL),
(54, NULL, 'ПК-11-2 Старт 2 д/индюков GA(25кг)', '', 880, 36, NULL, NULL, '2017-06-15 11:12:00', NULL),
(55, 4, 'ПК-12 Рост д/индюков GA(25кг)', '', 535, 22, NULL, NULL, '2017-06-15 11:13:05', NULL),
(56, 4, 'ПК-90 GA(25кг)', '', 525, 21.5, NULL, NULL, '2017-06-15 11:14:11', NULL),
(57, 4, 'ПК-90 КМ Кроликоматки и молодняк GA(25кг)', '', 655, 27, NULL, NULL, '2017-06-15 11:14:51', NULL),
(58, 4, 'ПЕ-1 Старт д/перепелов GA(25кг)', '', 800, 32.5, NULL, NULL, '2017-06-15 11:15:24', NULL),
(59, 4, 'ПЕ-Н Перепела-несушки GA(25кг)', '', 640, 26.5, NULL, NULL, '2017-06-15 11:15:57', NULL),
(60, 4, 'ПЕ-2 Рост д/перепелов GA(25кг)', '', 750, 30.5, NULL, NULL, '2017-06-15 11:16:55', NULL),
(61, 1, 'Овес', '', 500, 13, NULL, NULL, '2017-06-15 11:17:53', NULL),
(62, 1, 'Кукуруза бондюэль (попкорн)', '', 560, 14.5, NULL, NULL, '2017-06-15 11:18:48', NULL),
(63, 1, 'Соя', '', 1400, 35.5, NULL, NULL, '2017-06-15 11:20:57', NULL),
(64, 1, 'Горох', '', 700, 18, NULL, NULL, '2017-06-15 11:22:04', NULL),
(65, 7, 'Зерносмесь ЭКСТРА', '', 450, 15.5, NULL, NULL, '2017-06-15 11:22:54', NULL),
(66, 7, 'Зерносмесь №1', '', 455, 13.5, NULL, NULL, '2017-06-15 11:23:52', NULL),
(67, 7, 'Зерносмесь для цыплят и утят (дробл.) ', '', 680, 17.5, NULL, NULL, '2017-06-15 11:25:05', NULL),
(68, 7, 'Зерносмесь для голубей', '', 640, 16.5, NULL, NULL, '2017-06-15 11:25:56', NULL),
(69, 7, 'Зерносмесь кролики', '', 435, 15, NULL, NULL, '2017-06-15 11:28:07', NULL),
(70, 1, 'Семечка маслянка', '', 1225, 35.5, NULL, NULL, '2017-06-16 06:19:14', NULL),
(71, 1, 'Семечка с лузгой', '', 1050, 30.5, NULL, NULL, '2017-06-16 06:22:12', NULL),
(72, 9, 'Отруби', '', 200, 10, NULL, NULL, '2017-06-16 06:25:05', NULL),
(73, 9, 'Жом свекольный', '', 520, 13.5, NULL, NULL, '2017-06-16 06:28:00', NULL),
(74, 9, 'Жмых/макуха', '', 21.5, 840, NULL, NULL, '2017-06-16 06:29:42', NULL),
(75, 9, 'Жмых черный', '', 570, 19.5, NULL, NULL, '2017-06-16 06:30:24', NULL),
(76, 8, 'Дерть ', '', 560, 14.5, NULL, NULL, '2017-06-16 06:39:40', NULL),
(77, 9, 'Шрот подсолнечный', '', 14.5, 560, NULL, NULL, '2017-06-16 06:40:59', NULL),
(78, 15, 'Каша для собак', '', 780, 20, NULL, NULL, '2017-06-16 06:50:00', NULL),
(79, 15, 'Крупа ячменная (ячка) (50кг)', '', 900, 18.5, NULL, NULL, '2017-06-16 06:51:52', NULL),
(80, 15, 'Пшеничная крупа (пшеничка) (40кг)', '', 720, 18.5, NULL, NULL, '2017-06-16 06:58:20', NULL),
(81, 15, 'Рис сечка (50кг)', '', 660, 17, NULL, NULL, '2017-06-16 06:59:17', NULL),
(82, 8, 'Комбикорм универсальный', '', 290, 290, NULL, NULL, '2017-06-16 07:00:55', NULL),
(83, 8, 'Комбикорм для дойных', '', 360, 12.5, NULL, NULL, '2017-06-16 07:02:29', NULL),
(84, 8, 'Комбикорм куриный', '', 350, 10.5, NULL, NULL, '2017-06-16 07:03:49', NULL),
(85, 8, 'Рисовая манка (50кг)', '', 525, 11, NULL, NULL, '2017-06-16 07:04:33', NULL),
(86, 8, 'Рисовая мучка (40кг)', '', 440, 11.5, NULL, NULL, '2017-06-16 07:10:30', NULL),
(87, 8, 'Овсяная мучка (30кг)', '', 330, 11.5, NULL, NULL, '2017-06-16 07:11:18', NULL),
(88, 8, 'Гречневая мучка (30кг)', '', 270, 9.5, NULL, NULL, '2017-06-16 07:12:05', NULL),
(89, 8, 'Кукурузная манка', '', 480, 12.5, NULL, NULL, '2017-06-16 07:14:52', NULL),
(90, 10, 'Кормушка бункерная 5л', '', 200, 200, NULL, NULL, '2017-06-16 07:32:42', NULL),
(91, 10, 'Кормушка бункерная 10л', '', 400, 400, NULL, NULL, '2017-06-16 07:34:55', NULL),
(92, 10, 'Кормушка прямогольная', '', 200, 200, NULL, NULL, '2017-06-16 07:36:27', NULL),
(93, NULL, 'Кормушка бункерная мал.', '', 120, 120, NULL, NULL, '2017-06-16 07:36:55', NULL),
(94, 10, 'Поилка под банку 3л', '', 25, 25, NULL, NULL, '2017-06-16 07:38:04', NULL),
(95, NULL, 'Поилка под ПЭТ бутылку', '', 100, 100, NULL, NULL, '2017-06-16 07:38:28', NULL),
(96, 10, 'Поилка (ведро) 5л', '', 150, 150, NULL, NULL, '2017-06-16 07:42:53', NULL),
(97, 10, 'Поилка (ведро) 10л', '', 250, 250, NULL, NULL, '2017-06-16 07:43:22', NULL),
(98, 11, 'Мел кормовой (30кг)', '', 225, 8, NULL, NULL, '2017-06-16 07:44:39', NULL),
(99, 11, 'Ракушка (35кг)', '', 250, 8, NULL, NULL, '2017-06-16 07:45:43', NULL),
(100, 11, 'Рыбная мука (40кг)', '', 3000, 75.5, NULL, NULL, '2017-06-16 07:47:01', NULL),
(101, 11, 'Мясокостная мука', '', 1200, 30.5, NULL, NULL, '2017-06-16 07:48:00', NULL),
(102, 11, 'Дрожжи кормовые', '', 2000, 50.5, NULL, NULL, '2017-06-16 07:49:08', NULL),
(103, 11, 'Трикальцийфосфат', '', 2500, 50.5, NULL, NULL, '2017-06-16 07:50:05', NULL),
(104, 11, 'Кормилак для поросят (0%)', '', 1750, 70.5, NULL, NULL, '2017-06-16 08:22:00', NULL),
(105, 11, 'Кормилак для телят (16%)', '', 1950, 78.5, NULL, NULL, '2017-06-16 08:23:45', NULL),
(106, 11, 'Живой белок', '', 1000, 40.5, NULL, NULL, '2017-06-16 08:24:25', NULL),
(107, 11, 'Линомилк 16% (25кг)', '', 2300, 92.5, NULL, NULL, '2017-06-19 14:21:28', NULL),
(108, 11, 'Линомилк ЭКО 12% (25кг)', '', 2250, 90.5, NULL, NULL, '2017-06-19 14:22:22', NULL),
(109, 11, 'Рябушка мал.', '', 40, 40, NULL, NULL, '2017-06-19 14:23:27', NULL),
(110, 11, 'Рябушка бол.', '', 85, 85, NULL, NULL, '2017-06-19 14:23:57', NULL),
(111, 11, 'Рябушка эконом', '', 65, 65, NULL, NULL, '2017-06-19 14:24:28', NULL),
(112, 11, 'Гаврюша', '', 45, 45, NULL, NULL, '2017-06-19 14:25:17', NULL),
(113, 11, 'Буренка', '', 75, 75, NULL, NULL, '2017-06-19 14:25:50', NULL),
(114, 11, 'Хрюша', '', 45, 45, NULL, NULL, '2017-06-19 14:29:00', NULL),
(115, 11, 'Борька', '', 60, 60, NULL, NULL, '2017-06-19 14:29:35', NULL),
(116, 11, 'Фиам супер', '', 50, 50, NULL, NULL, '2017-06-19 14:30:05', NULL),
(117, 18, 'Крысиная смерть', '', 50, 50, NULL, NULL, '2017-06-19 14:30:59', NULL),
(118, 11, 'Зорька мал. (0.2л)', '', 65, 65, NULL, NULL, '2017-06-19 14:31:54', NULL),
(119, 11, 'Зорька бол. (0.75л)', '', 190, 190, NULL, NULL, '2017-06-19 14:32:37', NULL),
(120, 11, 'Сера', '', 25, 25, NULL, NULL, '2017-06-19 14:33:06', NULL),
(121, 11, 'Соль лизунец универсальный', '', 75, 75, NULL, NULL, '2017-06-19 14:33:33', NULL),
(122, 11, 'Альбен', '', 5, 5, NULL, NULL, '2017-06-19 14:34:03', NULL),
(123, 11, 'Зинка', '', 60, 60, NULL, NULL, '2017-06-19 14:34:34', NULL),
(124, 11, 'Солнышко', '', 45, 45, NULL, NULL, '2017-06-19 14:34:58', NULL),
(125, 11, 'Соль крупный помол', '', 500, 10.5, NULL, NULL, '2017-06-19 14:35:48', NULL),
(126, 16, 'Релка (5кг)', '', 190, 38.5, NULL, NULL, '2017-06-19 14:40:46', NULL),
(127, 16, 'Релка (10кг)', '', 360, 36.5, NULL, NULL, '2017-06-19 14:41:16', NULL),
(128, 16, 'Профи (5кг)', '', 170, 34.5, NULL, NULL, '2017-06-19 14:42:20', NULL),
(129, 16, 'Профи (10кг)', '', 330, 33.5, NULL, NULL, '2017-06-19 14:42:49', NULL),
(130, 16, 'Педигри 600г', '', 95, 95, NULL, NULL, '2017-06-19 14:43:36', NULL),
(131, 16, 'Чаппи 600г', '', 65, 65, NULL, NULL, '2017-06-19 14:44:14', NULL),
(132, 16, 'Чаппи 15кг', '', 1100, 74, NULL, NULL, '2017-06-19 14:48:27', NULL),
(133, 16, 'Прохвост д/собак', '', 750, 75.5, NULL, NULL, '2017-06-19 14:49:09', NULL),
(134, 17, 'Прохвост кошачий (10кг)', '', 1100, 110.5, NULL, NULL, '2017-06-19 14:50:15', NULL),
(135, 17, 'Китекэт 3кг', '', 275, 92, NULL, NULL, '2017-06-19 14:51:16', NULL),
(136, 17, 'Китекэт 350г', '', 55, 157, NULL, NULL, '2017-06-19 14:52:16', NULL),
(137, 17, 'Вискас д/котят', '', 85, 85, NULL, NULL, '2017-06-19 14:53:05', NULL),
(138, 17, 'Вискас 350г', '', 85, 85, NULL, NULL, '2017-06-19 14:53:58', NULL),
(139, 17, 'Китекэт пауч.', '', 14, 14, NULL, NULL, '2017-06-19 14:55:15', NULL),
(140, 17, 'Вискас пауч.', '', 20, 20, NULL, NULL, '2017-06-19 14:55:39', NULL),
(141, 12, 'СКО 0.5л', '', 11, 11, NULL, NULL, '2017-06-20 09:36:23', NULL),
(142, 6, 'ПК-1 Старый оскол крупка', '', 700, 18, NULL, NULL, '2017-06-20 11:33:06', NULL),
(143, 6, 'ПК-1 Гранула Старый оскол', '', 700, 18, NULL, NULL, '2017-06-20 11:34:54', NULL),
(144, 12, 'СКО 0.9л', '', 16, 16, NULL, NULL, '2017-06-20 11:41:09', NULL),
(145, 12, 'СКО 0.65', '', 13, 13, NULL, NULL, '2017-06-20 11:42:22', NULL),
(146, 12, 'СКО 1.5', '', 29, 29, NULL, NULL, '2017-06-20 11:42:46', NULL),
(147, 12, 'СКО 2л', '', 35, 35, NULL, NULL, '2017-06-20 11:43:12', NULL),
(148, 12, 'СКО 3л', '', 38, 38, NULL, NULL, '2017-06-20 11:43:33', NULL),
(149, 12, 'ЕВРО 0.5л', '', 11, 11, NULL, NULL, '2017-06-20 11:43:57', NULL),
(150, 12, 'ЕВРО 1л', '', 23, 23, NULL, NULL, '2017-06-20 11:45:35', NULL),
(151, 12, 'ЕВРО 1.5л', '', 37, 37, NULL, NULL, '2017-06-20 11:46:06', NULL),
(152, 12, 'ЕВРО 1.8л', '', 36, 36, NULL, NULL, '2017-06-20 11:46:35', NULL),
(153, 12, 'ЕВРО 2л', '', 40, 40, NULL, NULL, '2017-06-20 11:46:56', NULL),
(154, 12, 'ЕВРО 3л', '', 45, 45, NULL, NULL, '2017-06-20 11:47:19', NULL),
(155, 12, 'Крышки СВЕТЛАНА', '', 190, 190, NULL, NULL, '2017-06-20 11:48:00', NULL),
(156, 12, 'Крышка ПЭТ', '', 3, 3, NULL, NULL, '2017-06-20 11:48:44', NULL),
(157, 12, 'Евро крышка 0.82', '', 7, 7, NULL, NULL, '2017-06-20 11:49:22', NULL),
(158, 12, 'Крышка Евро 1.00', '', 13, 13, NULL, NULL, '2017-06-20 11:49:54', NULL),
(159, 15, 'Перловка (50кг)', '', 900, 18.5, NULL, NULL, '2017-06-20 11:50:45', NULL),
(160, 1, 'Семечка едовая', '', 45.5, 45.5, NULL, NULL, '2017-06-20 11:52:03', NULL),
(161, 6, 'Кормосмесь универсальная', '', 650, 17, NULL, NULL, '2017-06-20 11:53:04', NULL),
(162, 6, 'Гранула для КРС ', '', 700, 18, NULL, NULL, '2017-06-20 11:53:44', NULL),
(163, 6, 'Гранула для откорма свиней', '', 700, 18, NULL, NULL, '2017-06-20 11:54:15', NULL),
(164, 6, 'Гранулы для взрослых кроликов СО', '', 720, 18.5, NULL, NULL, '2017-06-20 11:54:58', NULL),
(165, 6, 'Спецкорм ПК-1 СО', '', 450, 18.5, NULL, NULL, '2017-06-20 11:55:46', NULL),
(166, 7, 'Витаминка', '', 740, 19, NULL, NULL, '2017-06-20 12:02:24', NULL),
(167, 7, 'Зерносмесь откорм', '', 595, 17.5, NULL, NULL, '2017-06-20 12:03:31', NULL),
(168, 7, 'Зерносмесь для уток', '', 490, 14.5, NULL, NULL, '2017-06-20 12:04:44', NULL),
(169, 8, 'Пшеничная мучка (40кг)', '', 480, 12.5, NULL, NULL, '2017-06-20 12:07:18', NULL),
(170, 8, 'Овсяная мучка (40кг)', '', 440, 11.5, NULL, NULL, '2017-06-20 12:08:25', NULL),
(171, 14, 'Пшеничная мука в/с (50кг)', '', 1150, 23, NULL, NULL, '2017-06-20 12:14:45', NULL),
(172, 14, 'Пшеничная мука в/с (25кг)', '', 600, 24, NULL, NULL, '2017-06-20 12:16:34', NULL),
(173, 14, 'Пшеничная мука в/с (10кг)', '', 250, 25, NULL, NULL, '2017-06-20 12:17:17', NULL),
(174, 14, 'Пшеничная мука в/с (5кг)', '', 130, 26, NULL, NULL, '2017-06-20 12:18:07', NULL),
(175, 14, 'Сахар (50кг)', '', 2050, 41, NULL, NULL, '2017-06-20 12:19:08', NULL),
(176, 14, 'Сахар (25кг)', '', 1100, 44, NULL, NULL, '2017-06-20 12:19:56', NULL),
(177, 14, 'Сахар (10кг)', '', 430, 43, NULL, NULL, '2017-06-20 12:20:30', NULL),
(178, 14, 'Сахар (5кг)', '', 220, 44, NULL, NULL, '2017-06-20 12:21:01', NULL),
(179, 14, 'Масло подсолнечное "СЕВЕРСКОЕ" 0.5л ', '', 55, 55, NULL, NULL, '2017-06-20 12:24:23', NULL),
(180, 14, 'Масло подсолнечное "СЕВЕРСКОЕ" 1л', '', 105, 105, NULL, NULL, '2017-06-20 12:25:02', NULL),
(181, 14, 'Масло подсолнечное "СЕВЕРСКОЕ" 2л', '', 200, 200, NULL, NULL, '2017-06-20 12:25:50', NULL),
(182, 14, 'Масло подсолнечное "СЕВЕРСКОЕ" 3л', '', 290, 290, NULL, NULL, '2017-06-20 12:26:16', NULL),
(183, 14, 'Масло подсолнечное "СЕВЕРСКОЕ" 5л', '', 470, 470, NULL, NULL, '2017-06-20 12:26:54', NULL),
(184, 14, 'Масло подсолнечное рафинированное "МАМРУКОВСКОЕ" 1л (без запаха)', '', 95, 95, NULL, NULL, '2017-06-20 12:28:19', NULL),
(185, 14, 'Масло подсолнечное рафинированное "МАМРУКОВСКОЕ" 2л (без запаха)', '', 190, 190, NULL, NULL, '2017-06-20 12:29:04', NULL),
(186, 14, 'Масло подсолнечное рафинированное "МАМРУКОВСКОЕ" 3л (без запаха)', '', 285, 285, NULL, NULL, '2017-06-20 12:30:55', NULL),
(187, 14, 'Масло подсолнечное рафинированное "МАМРУКОВСКОЕ" 5л (без запаха)', '', 450, 450, NULL, NULL, '2017-06-20 12:39:55', NULL),
(188, 14, 'Масло подсолнечное нераф. "МАМРУКОВСКОЕ" 1л (с запахом)', '', 90, 90, NULL, NULL, '2017-06-20 12:41:12', NULL),
(189, 14, 'Масло подсолнечное нераф. "МАМРУКОВСКОЕ" 2л (с запахом)', '', 170, 170, NULL, NULL, '2017-06-20 12:51:18', NULL),
(190, 18, 'Капкан мышиный', '', 30, 30, NULL, NULL, '2017-06-22 10:44:56', NULL),
(191, 18, 'Капкан таракан', '', 36, 36, NULL, NULL, '2017-06-22 10:45:49', NULL),
(192, 18, 'Капкан паста', '', 25, 25, NULL, NULL, '2017-06-22 10:46:55', NULL),
(193, 18, 'Преграда мухи', '', 40, 40, NULL, NULL, '2017-06-22 10:49:04', NULL),
(194, 18, 'КАПКАН ПЛЮС', '', 85, 85, NULL, NULL, '2017-06-22 10:56:27', NULL),
(195, 18, 'Русский капкан', '', 25, 25, NULL, NULL, '2017-06-22 10:57:04', NULL),
(196, 18, 'Капкан-тесто', '', 25, 25, NULL, NULL, '2017-06-22 10:57:58', NULL),
(197, 18, 'Преграда мыши', '', 35, 35, NULL, NULL, '2017-06-22 10:58:24', NULL),
(198, 18, 'Преграда крысы', '', 80, 80, NULL, NULL, '2017-06-22 10:58:55', NULL),
(199, 18, 'Преграда мыши (бол.)', '', 45, 45, NULL, NULL, '2017-06-22 11:00:10', NULL),
(200, 18, 'Преграда тараканы', '', 25, 25, NULL, NULL, '2017-06-22 11:00:40', NULL),
(201, 18, 'Капкан мухи', '', 10, 10, NULL, NULL, '2017-06-22 11:01:26', NULL),
(202, 19, 'Вода АЛЬПИН 19л (бутылка на обмен)', '', 110, 110, NULL, NULL, '2017-06-22 11:12:05', NULL),
(203, 19, 'Вода Горный Хрусталь 19л (с обменом бутылки)', '', 100, 100, NULL, NULL, '2017-06-22 11:12:48', NULL),
(204, 19, 'Вода Серебряная капля 19л (с бутылкой на обмен)', '', 110, 110, NULL, NULL, '2017-06-22 11:15:57', NULL),
(205, 18, 'Вода Софийский Ледник 19л (с бутылкой на обмен)', '', 120, 120, NULL, NULL, '2017-06-22 11:16:41', NULL),
(206, 19, 'Горячий ключ 2000 1.5л', '', 18, 18, NULL, NULL, '2017-06-22 11:18:39', NULL),
(207, 19, 'Вода АЛЬПИН 19л (БЕЗ БУТЫЛКИ)', '', 310, 310, NULL, NULL, '2017-06-22 11:20:19', NULL),
(208, 19, 'Вода Горный Хрусталь 19л (БЕЗ БУТЫЛКИ)', '', 300, 300, NULL, NULL, '2017-06-22 11:20:52', NULL),
(209, 19, 'Вода Серебряная капля 19л (БЕЗ БУТЫЛКИ)', '', 310, 310, NULL, NULL, '2017-06-22 11:21:30', NULL),
(210, 19, 'Вода Софийский Ледник 19л (БЕЗ БУТЫЛКИ)', '', 320, 320, NULL, NULL, '2017-06-22 11:22:11', NULL),
(211, 14, 'Масло рафинированное "Золотая капля"', '', 90, 90, NULL, NULL, '2017-06-22 11:24:10', NULL),
(212, 13, 'Пакет ПЭТ 3р', '', 3, 3, NULL, NULL, '2017-06-22 11:39:31', NULL),
(213, 13, 'Пакет ПЭТ 5р', '', 5, 5, NULL, NULL, '2017-06-22 11:39:57', NULL),
(214, 13, 'Мешок полипропиленовый ', '', 10, 10, NULL, NULL, '2017-06-22 11:40:30', NULL),
(215, 14, 'Масло подсолнечное нераф. "МАМРУКОВСКОЕ" 3л (с запахом)', '', 270, 270, NULL, NULL, '2017-06-22 11:46:21', NULL),
(216, 14, 'Масло подсолнечное нераф. "МАМРУКОВСКОЕ" 5л (с запахом)', '', 440, 440, NULL, NULL, '2017-06-22 11:47:04', NULL),
(217, 17, 'Мистер кот (10кг)', '', 900, 90.5, NULL, NULL, '2017-06-22 11:52:32', NULL),
(218, NULL, 'Карта постоянного клиента "ЭКО-КОРМА"', '', 100, 100, NULL, NULL, '2017-06-22 12:12:13', NULL),
(219, 14, 'Сухой паек ИРП-2 (сухпай)', '', 350, 350, NULL, NULL, '2017-06-22 12:12:48', NULL),
(220, 1, 'Просо', '', 500, 13, NULL, NULL, '2017-07-13 12:54:19', NULL),
(221, 15, 'Гречневая крупа', '', 41.5, 41.5, NULL, NULL, '2017-07-13 13:00:43', NULL),
(222, 9, 'Рисовые отходы', '', 440, 11.5, NULL, NULL, '2017-07-13 13:03:20', NULL),
(223, 20, 'Таз 8л', '', 60, 0, NULL, NULL, '2017-07-13 13:07:47', 1),
(224, 20, 'таз 10л', '', 90, 0, NULL, NULL, '2017-07-13 13:08:17', 1),
(225, 20, 'таз 10л', '', 70, 70, NULL, NULL, '2017-07-13 13:08:17', NULL),
(226, 20, 'таз 12л', '', 85, 85, NULL, NULL, '2017-07-13 13:09:15', NULL),
(227, 20, 'Таз 16л', '', 105, 105, NULL, NULL, '2017-07-13 13:09:48', NULL),
(228, 20, 'Таз 4л', '', 55, 55, NULL, NULL, '2017-07-13 13:10:21', NULL),
(229, 11, 'Дёготь', '', 200, 200, NULL, NULL, '2017-07-13 13:14:43', NULL);

-- --------------------------------------------------------

--
-- Структура таблицы `shop_cards`
--

CREATE TABLE `shop_cards` (
  `id` int(11) NOT NULL,
  `number` varchar(100) NOT NULL,
  `value` float DEFAULT '0',
  `total` float DEFAULT '0',
  `type` varchar(10) DEFAULT NULL,
  `bonus_sum` float DEFAULT NULL
) ENGINE=InnoDB DEFAULT CHARSET=utf8;

--
-- Дамп данных таблицы `shop_cards`
--

INSERT INTO `shop_cards` (`id`, `number`, `value`, `total`, `type`, `bonus_sum`) VALUES
(1, '1', 5, 50965.6, 'bonus', 869.459),
(2, '2', 2, 9380.2, 'discount', NULL),
(6, '2300000000016', 3, 4769.83, 'discount', NULL),
(7, '2300000000023', 2, 1429.7, 'discount', NULL),
(8, '2300000000030', NULL, NULL, NULL, NULL),
(9, '2300000000047', 2, 392, 'discount', NULL),
(10, '2300000000054', 2, 2284.2, 'discount', NULL),
(11, '2300000000061', 2, 4568.01, 'discount', NULL),
(12, '2300000000078', NULL, NULL, NULL, NULL),
(13, '2300000000085', 2, 2356.69, 'discount', NULL),
(14, '2300000000092', 2, 1372, 'discount', NULL),
(15, '2300000000108', 3, 14670, 'bonus', 440.1),
(16, '2300000000115', NULL, NULL, NULL, NULL),
(17, '2300000000122', 2, 1176, 'discount', NULL),
(18, '2300000000139', 3, 6555.56, 'bonus', 196.667),
(19, '2300000000146', 3, 963.2, 'bonus', 28.896),
(20, '2300000000153', 2, 1460.42, 'discount', NULL),
(21, '2300000000160', 2, 4156, 'discount', NULL),
(22, '2300000000177', 3, 2175.7, 'bonus', 65.2707),
(23, '2300000000184', 3, 5760, 'bonus', 172.8),
(24, '2300000000191', 3, 150.06, 'bonus', 4.5018),
(25, '2300000000207', 3, 4275.15, 'bonus', 128.255),
(26, '2300000000214', NULL, NULL, NULL, NULL),
(27, '2300000000221', NULL, NULL, NULL, NULL),
(28, '2300000000238', 3, NULL, 'bonus', NULL),
(30, '2300000000245', 2, NULL, 'discount', NULL),
(31, '2300000000252', 2, NULL, 'discount', NULL),
(32, '2300000000269', 3, 2449.97, 'bonus', 73.4992),
(33, '2300000000276', 2, 10309.9, 'discount', NULL),
(34, '2300000000283', 2, 1803.2, 'discount', NULL),
(36, '2300000000290', 2, 980, 'discount', NULL),
(37, '2300000000306', 3, 3650.54, 'bonus', 109.516),
(38, '2300000000313', 3, 3646.65, 'bonus', 109.399),
(39, '2300000000320', 2, 4537.81, 'discount', NULL),
(40, '2300000000337', NULL, NULL, NULL, NULL),
(41, '2300000000344', 3, 12129.6, 'bonus', 363.888),
(42, '2300000000351', 3, NULL, 'bonus', NULL),
(43, '2300000000368', 2, 7152.26, 'discount', NULL),
(44, '2300000000375', 3, NULL, 'bonus', NULL),
(45, '2300000000382', 3, 810, 'bonus', 24.3),
(46, '2300000000399', 3, 910, 'bonus', 27.3),
(47, '2300000000405', 3, 2661.55, 'bonus', 79.8465),
(48, '2300000000412', 3, 3180.24, 'bonus', 95.4071),
(49, '2300000000429', 2, 1136.8, 'discount', NULL),
(50, '2300000000436', 2, 1195.6, 'discount', NULL),
(51, '2300000000443', NULL, NULL, NULL, NULL),
(52, '2300000000450', 2, 846.764, 'discount', NULL),
(53, '2300000000467', 3, 8570, 'bonus', 257.1),
(54, '2300000000474', 3, NULL, 'bonus', NULL),
(55, '2300000000481', 2, 980, 'discount', NULL),
(56, '2300000000498', 2, 3750.2, 'discount', NULL),
(57, '2300000000504', 3, 1624.9, 'bonus', 48.747),
(59, '2300000000511', 3, 920, 'bonus', 27.6),
(60, '2300000000528', 3, 5154, 'bonus', 154.62),
(61, '2300000000535', 3, 7196.74, 'bonus', 215.903),
(62, '2300000000542', 3, 2440, 'bonus', 73.2),
(63, '2300000000559', 2, 2744, 'discount', NULL),
(64, '2300000000566', 3, 1595.32, 'bonus', 47.8596),
(65, '2300000000573', 3, 1425, 'bonus', 42.75),
(66, '2300000000580', 3, 2013.95, 'bonus', 12.4191),
(67, '2300000000597', 5, NULL, 'bonus', NULL),
(68, '2300000000603', 3, 10240, 'bonus', 307.199),
(69, '2300000000610', 3, 600.25, 'bonus', 18.0075),
(70, '2300000000627', 3, 3579.96, 'bonus', 107.399),
(71, '2300000000634', 3, 1886.25, 'bonus', 56.5875),
(72, '2300000000641', 3, NULL, 'bonus', NULL),
(73, '2300000000658', 3, 4950, 'bonus', 148.5),
(74, '2300000000665', 2, 1176, 'discount', NULL),
(75, '2300000000672', 2, 557.185, 'discount', NULL),
(76, '2300000000689', 2, 2930.26, 'discount', NULL),
(77, '2300000000696', 2, 245.049, 'discount', NULL),
(78, '2300000000702', 3, 8720, 'bonus', 261.6),
(79, '2300000000719', 2, 2110.79, 'discount', NULL),
(80, '2300000000726', 3, 2693.2, 'bonus', 80.796),
(81, '2300000000733', 3, 9342.6, 'bonus', 280.278),
(83, '2300000000740', 3, 894.965, 'bonus', 26.8489),
(84, '2300000000757', 3, 7380.25, 'bonus', 221.408),
(85, '2300000000764', 3, NULL, 'bonus', NULL),
(86, '2300000000771', 3, 680, 'bonus', 20.4),
(87, '2300000000788', 3, NULL, 'bonus', NULL),
(88, '2300000000795', 3, NULL, 'bonus', NULL),
(89, '2300000000801', 3, 10471.6, 'bonus', 57.087),
(90, '2300000000818', 3, 1200.2, 'bonus', 36.006),
(91, '2300000000825', 3, NULL, 'bonus', NULL),
(92, '2300000000832', 3, 4679.19, 'bonus', 140.376),
(93, '2300000000849', 3, 11215.1, 'bonus', 336.454),
(94, '2300000000856', 3, 840, 'bonus', 25.2),
(95, '2300000000863', 3, 190, 'bonus', 5.7),
(96, '2300000000870', 3, 2874.5, 'bonus', 86.235),
(97, '2300000000887', 3, 8265.42, 'bonus', 13.362),
(98, '2300000000894', 2, 5649.7, 'discount', NULL),
(99, '2300000000900', 2, NULL, 'discount', NULL),
(100, '2300000000962', 3, NULL, 'bonus', NULL),
(101, '2300000000955', 3, 1160, 'bonus', 34.8),
(102, '2300000000948', 3, 1575.13, 'bonus', 47.2539),
(103, '2300000000931', 3, NULL, 'bonus', NULL),
(104, '2300000000924', 3, 1575, 'bonus', 47.25),
(105, '2300000000917', NULL, NULL, NULL, NULL),
(106, '2300000000979', 2, NULL, 'discount', NULL),
(107, '2300000000986', NULL, NULL, NULL, NULL),
(108, '2300000000993', NULL, NULL, NULL, NULL),
(109, '2300000001006', NULL, NULL, NULL, NULL),
(110, '2300000001013', 3, 17947.2, 'bonus', 536.933),
(111, '2300000001020', 7, 214120, 'bonus', 6423.6),
(112, '2300000001037', NULL, NULL, NULL, NULL),
(113, '2300000001044', 3, NULL, 'bonus', NULL),
(114, '2300000001051', NULL, NULL, NULL, NULL),
(115, '2300000001068', 3, 480, 'bonus', 14.4),
(116, '2300000001075', 2, NULL, 'discount', NULL),
(117, '2300000001082', 3, 960, 'bonus', 28.8),
(118, '2300000001099', NULL, NULL, NULL, NULL),
(119, '2300000001105', 3, 3600, 'bonus', 108),
(120, '2300000001112', NULL, NULL, NULL, NULL),
(121, '2300000001129', 3, NULL, 'bonus', NULL),
(122, '2300000001136', NULL, NULL, NULL, NULL),
(123, '2300000001143', 3, 265, 'bonus', 7.95),
(124, '2300000001150', 3, NULL, 'bonus', NULL),
(125, '2300000001464', NULL, NULL, NULL, NULL),
(126, '2300000001471', 3, NULL, 'bonus', NULL),
(127, '2300000001488', NULL, NULL, NULL, NULL),
(128, '2300000001495', NULL, NULL, NULL, NULL),
(129, '2300000001501', NULL, NULL, NULL, NULL),
(130, '2300000001518', NULL, NULL, NULL, NULL),
(131, '2300000001525', NULL, NULL, NULL, NULL),
(132, '2300000001532', NULL, NULL, NULL, NULL),
(133, '2300000001549', NULL, NULL, NULL, NULL),
(134, '2300000001556', NULL, NULL, NULL, NULL),
(135, '2300000001563', NULL, NULL, NULL, NULL),
(136, '2300000001570', NULL, NULL, NULL, NULL),
(137, '2300000001587', NULL, NULL, NULL, NULL),
(138, '2300000001594', NULL, NULL, NULL, NULL),
(139, '2300000001600', NULL, NULL, NULL, NULL),
(140, '2300000001617', NULL, NULL, NULL, NULL),
(141, '2300000001624', NULL, NULL, NULL, NULL),
(142, '2300000001631', NULL, NULL, NULL, NULL),
(143, '2300000001648', NULL, NULL, NULL, NULL),
(144, '2300000001655', NULL, NULL, NULL, NULL),
(145, '2300000001167', 3, NULL, 'bonus', NULL),
(146, '2300000001457', 3, NULL, 'bonus', NULL),
(147, '2300000001204', 3, 1960, 'bonus', 58.8);

-- --------------------------------------------------------

--
-- Структура таблицы `shop_checks`
--

CREATE TABLE `shop_checks` (
  `id` int(11) NOT NULL,
  `code` int(11) DEFAULT NULL,
  `date` timestamp NOT NULL DEFAULT CURRENT_TIMESTAMP ON UPDATE CURRENT_TIMESTAMP,
  `seller_history_id` int(11) DEFAULT NULL,
  `total_sum` float NOT NULL,
  `payment_bonus` float DEFAULT '0'
) ENGINE=InnoDB DEFAULT CHARSET=utf8;

-- --------------------------------------------------------

--
-- Структура таблицы `shop_client`
--

CREATE TABLE `shop_client` (
  `id` int(11) NOT NULL,
  `user_id` int(11) NOT NULL,
  `card_id` int(11) DEFAULT NULL,
  `total_sum_buy` float DEFAULT '0'
) ENGINE=InnoDB DEFAULT CHARSET=utf8;

--
-- Дамп данных таблицы `shop_client`
--

INSERT INTO `shop_client` (`id`, `user_id`, `card_id`, `total_sum_buy`) VALUES
(1, 4, 1, 0),
(2, 5, 2, 0),
(3, 11, 6, 0),
(4, 15, 57, 0),
(5, 16, 7, 0),
(6, 17, 15, 0),
(7, 18, 37, 0),
(8, 19, 39, 0),
(9, 20, 38, 0),
(10, 21, 24, 0),
(11, 22, 25, 0),
(12, 23, 20, 0),
(13, 24, 21, 0),
(14, 25, 22, 0),
(15, 26, 33, 0),
(16, 27, 34, 0),
(17, 28, 19, 0),
(18, 29, 13, 0),
(19, 30, 17, 0),
(20, 31, 18, 0),
(21, 32, 11, 0),
(22, 33, 44, 0),
(23, 34, 9, 0),
(24, 35, 10, 0),
(25, 36, 32, 0),
(26, 37, 56, 0),
(27, 38, 49, 0),
(28, 39, 50, 0),
(29, 40, 52, 0),
(30, 41, 48, 0),
(31, 42, 53, 0),
(32, 43, 23, 0),
(33, 44, 54, 0),
(34, 45, 45, 0),
(35, 46, 47, 0),
(36, 47, 46, 0),
(37, 48, 41, 0),
(38, 49, 42, 0),
(39, 50, 43, 0),
(40, 51, 55, 0),
(41, 52, 36, 0),
(42, 53, 31, 0),
(43, 54, 30, 0),
(44, 55, 14, 0),
(45, 56, 28, 0),
(46, 57, 76, 0),
(47, 58, 75, 0),
(48, 59, 74, 0),
(49, 60, 84, 0),
(50, 61, 59, 0),
(51, 62, 62, 0),
(52, 63, 81, 0),
(53, 64, 73, 0),
(54, 65, 78, 0),
(55, 66, 77, 0),
(56, 67, 63, 0),
(57, 68, 68, 0),
(58, 69, 71, 0),
(59, 70, 72, 0),
(60, 71, 69, 0),
(61, 72, 65, 0),
(62, 73, 79, 0),
(63, 74, 64, 0),
(64, 75, 66, 0),
(65, 76, 85, 0),
(66, 77, 86, 0),
(67, 78, 67, 0),
(68, 79, 98, 0),
(69, 80, 96, 0),
(70, 81, 70, 0),
(71, 82, 97, 0),
(72, 83, 87, 0),
(73, 84, 94, 0),
(74, 85, 93, 0),
(75, 86, 61, 0),
(76, 87, 95, 0),
(77, 88, 88, 0),
(78, 89, 80, 0),
(79, 90, 60, 0),
(80, 91, 92, 0),
(81, 92, 83, 0),
(82, 93, 91, 0),
(83, 94, 89, 0),
(84, 95, 110, 0),
(85, 96, 90, 0),
(86, 97, 104, 0),
(87, 98, 124, 0),
(88, 99, 100, 0),
(89, 100, 102, 0),
(90, 101, 101, 0),
(91, 102, 106, 0),
(92, 103, 103, 0),
(93, 104, 113, 0),
(94, 105, 99, 0),
(95, 106, 116, 0),
(96, 107, 115, 0),
(97, 108, 121, 0),
(98, 109, 111, 0),
(99, 110, 117, 0),
(100, 111, 123, 0),
(101, 113, 145, 0),
(102, 114, 146, 0),
(103, 115, 126, 0),
(104, 116, 147, 0),
(105, 117, 119, 0);

-- --------------------------------------------------------

--
-- Структура таблицы `shop_client_purchases_history`
--

CREATE TABLE `shop_client_purchases_history` (
  `id` int(11) NOT NULL,
  `seller_history_id` int(11) NOT NULL,
  `product_id` int(11) NOT NULL,
  `count` float NOT NULL,
  `sum` float NOT NULL,
  `bonus` float DEFAULT '0',
  `discount` float DEFAULT '0',
  `type_product` varchar(5) NOT NULL,
  `full_sum` float NOT NULL,
  `bonus_percent_value` int(11) DEFAULT '0',
  `discount_percent_value` int(11) DEFAULT '0',
  `payment_bonus` float DEFAULT '0',
  `price_one_count` float NOT NULL
) ENGINE=InnoDB DEFAULT CHARSET=utf8;

--
-- Дамп данных таблицы `shop_client_purchases_history`
--

INSERT INTO `shop_client_purchases_history` (`id`, `seller_history_id`, `product_id`, `count`, `sum`, `bonus`, `discount`, `type_product`, `full_sum`, `bonus_percent_value`, `discount_percent_value`, `payment_bonus`, `price_one_count`) VALUES
(4, 2, 27, 1, 1060, 31.8, 0, 'bag', 1060, 3, 0, 0, 1060),
(5, 2, 62, 5, 72.5, 2.175, 0, 'kg', 72.5, 3, 0, 0, 14.5),
(6, 2, 6, 3, 1440, 43.2, 0, 'bag', 1440, 3, 0, 0, 480),
(7, 3, 5, 2, 900, 0, 100, 'bag', 1000, 0, 10, 0, 500),
(8, 3, 6, 2, 931.2, 0, 28.8, 'bag', 960, 0, 3, 0, 480),
(9, 3, 13, 1, 828, 0, 92, 'bag', 920, 0, 10, 0, 920),
(10, 4, 5, 1, 500, 0, 0, 'bag', 500, 0, 0, 0, 500),
(11, 4, 12, 10, 295, 0, 0, 'kg', 295, 0, 0, 0, 29.5),
(12, 4, 6, 1, 480, 0, 0, 'bag', 480, 0, 0, 0, 480),
(13, 5, 33, 2, 2304, 0, 256, 'bag', 2560, 0, 10, 0, 1280),
(14, 5, 5, 10, 117, 0, 13, 'kg', 130, 0, 10, 0, 13),
(15, 6, 62, 1, 543.2, 0, 16.8, 'bag', 560, 0, 3, 0, 560),
(16, 6, 6, 1, 465.6, 0, 14.4, 'bag', 480, 0, 3, 0, 480),
(17, 6, 13, 20, 455.9, 0, 14.1, 'kg', 470, 0, 3, 0, 23.5),
(18, 7, 5, 10, 130, 0, 0, 'kg', 130, 0, 0, 0, 13),
(20, 9, 19, 3, 2268, 0, 252, 'bag', 2520, 0, 10, 0, 840),
(21, 9, 48, 25, 540, 0, 60, 'kg', 600, 0, 10, 0, 24),
(22, 10, 34, 25, 737.5, 0, 0, 'kg', 737.5, 0, 0, 0, 29.5),
(23, 11, 5, 1, 485, 0, 15, 'bag', 500, 0, 3, 0, 500),
(24, 11, 6, 1, 12.125, 0, 0.375, 'kg', 12.5, 0, 3, 0, 12.5),
(25, 12, 47, 2, 1200, 0, 0, 'bag', 1200, 0, 0, 0, 600),
(26, 13, 8, 20, 270, 0, 0, 'kg', 270, 0, 0, 0, 13.5),
(27, 15, 27, 6.1, 164.7, 0, 0, 'kg', 164.7, 0, 0, 0, 27),
(32, 19, 81, 8.6, 146.2, 0, 0, 'kg', 146.2, 0, 0, 0, 17),
(33, 19, 80, 8.08, 149.48, 0, 0, 'kg', 149.48, 0, 0, 0, 18.5),
(34, 19, 8, 15.22, 205.47, 0, 0, 'kg', 205.47, 0, 0, 0, 13.5),
(35, 20, 69, 19.36, 290.4, 0, 0, 'kg', 290.4, 0, 0, 0, 15),
(36, 21, 5, 1, 480, 0, 0, 'bag', 480, 0, 0, 0, 480),
(38, 23, 27, 11.06, 298.62, 0, 0, 'kg', 298.62, 0, 0, 0, 27),
(39, 23, 213, 1, 5, 0, 0, 'bag', 5, 0, 0, 0, 5),
(40, 23, 82, 1, 290, 0, 0, 'bag', 290, 0, 0, 0, 290),
(41, 23, 66, 1, 455, 0, 0, 'bag', 455, 0, 0, 0, 455),
(43, 25, 31, 21.58, 712.14, 0, 0, 'kg', 712.14, 0, 0, 0, 33),
(44, 25, 37, 5.34, 152.19, 0, 0, 'kg', 152.19, 0, 0, 0, 28.5),
(45, 26, 31, 8.96, 295.68, 0, 0, 'kg', 295.68, 0, 0, 0, 33),
(46, 26, 17, 10.7, 294.25, 0, 0, 'kg', 294.25, 0, 0, 0, 27.5),
(47, 26, 213, 2, 10, 0, 0, 'bag', 10, 0, 0, 0, 5),
(48, 27, 32, 21.22, 657.82, 0, 0, 'kg', 657.82, 0, 0, 0, 31),
(49, 27, 214, 1, 10, 0, 0, 'bag', 10, 0, 0, 0, 10),
(53, 30, 5, 3, 1440, 0, 0, 'bag', 1440, 0, 0, 0, 480),
(54, 31, 70, 13.6, 482.8, 0, 0, 'kg', 482.8, 0, 0, 0, 35.5),
(55, 32, 53, 2.22, 85.47, 0, 0, 'kg', 85.47, 0, 0, 0, 38.5),
(56, 32, 37, 10.38, 295.83, 0, 0, 'kg', 295.83, 0, 0, 0, 28.5),
(57, 32, 213, 1, 5, 0, 0, 'bag', 5, 0, 0, 0, 5),
(64, 35, 52, 6.52, 166.26, 0, 0, 'kg', 166.26, 0, 0, 0, 25.5),
(65, 35, 31, 7.1, 234.3, 0, 0, 'kg', 234.3, 0, 0, 0, 33),
(66, 35, 36, 7.64, 202.46, 0, 0, 'kg', 202.46, 0, 0, 0, 26.5),
(67, 35, 79, 3.86, 71.41, 0, 0, 'kg', 71.41, 0, 0, 0, 18.5),
(68, 35, 56, 11.82, 254.13, 0, 0, 'kg', 254.13, 0, 0, 0, 21.5),
(69, 36, 82, 2, 580, 0, 0, 'bag', 580, 0, 0, 0, 290),
(77, 39, 65, 10.28, 159.34, 0, 0, 'kg', 159.34, 0, 0, 0, 15.5),
(78, 39, 213, 1, 5, 0, 0, 'bag', 5, 0, 0, 0, 5),
(79, 39, 8, 16.52, 223.02, 0, 0, 'kg', 223.02, 0, 0, 0, 13.5),
(80, 39, 27, 4.66, 125.82, 0, 0, 'kg', 125.82, 0, 0, 0, 27),
(81, 39, 212, 1, 3, 0, 0, 'bag', 3, 0, 0, 0, 3),
(82, 40, 66, 17.5, 236.25, 0, 0, 'kg', 236.25, 0, 0, 0, 13.5),
(83, 41, 52, 1, 620, 0, 0, 'bag', 620, 0, 0, 0, 620),
(84, 41, 35, 10.16, 330.2, 0, 0, 'kg', 330.2, 0, 0, 0, 32.5),
(85, 41, 6, 1, 480, 0, 0, 'bag', 480, 0, 0, 0, 480),
(86, 41, 5, 1, 480, 0, 0, 'bag', 480, 0, 0, 0, 480),
(87, 41, 177, 2, 860, 0, 0, 'bag', 860, 0, 0, 0, 430),
(91, 43, 18, 1, 860, 0, 0, 'bag', 860, 0, 0, 0, 860),
(92, 43, 37, 2, 2240, 0, 0, 'bag', 2240, 0, 0, 0, 1120),
(93, 43, 17, 1, 1070, 0, 0, 'bag', 1070, 0, 0, 0, 1070),
(94, 43, 32, 1, 1220, 0, 0, 'bag', 1220, 0, 0, 0, 1220),
(95, 44, 65, 1, 450, 0, 0, 'bag', 450, 0, 0, 0, 450),
(96, 45, 8, 18.45, 249.075, 0, 0, 'kg', 249.075, 0, 0, 0, 13.5),
(97, 45, 214, 1, 10, 0, 0, 'bag', 10, 0, 0, 0, 10),
(98, 45, 47, 10.8, 264.6, 0, 0, 'kg', 264.6, 0, 0, 0, 24.5),
(99, 46, 52, 7.88, 200.94, 0, 0, 'kg', 200.94, 0, 0, 0, 25.5),
(101, 48, 27, 5.55, 149.85, 0, 0, 'kg', 149.85, 0, 0, 0, 27),
(102, 48, 65, 1, 450, 0, 0, 'bag', 450, 0, 0, 0, 450),
(103, 49, 52, 1, 620, 0, 0, 'bag', 620, 0, 0, 0, 620),
(104, 50, 51, 3.92, 123.48, 0, 0, 'kg', 123.48, 0, 0, 0, 31.5),
(110, 52, 6, 5, 2400, 0, 0, 'bag', 2400, 0, 0, 0, 480),
(111, 52, 8, 4, 2080, 0, 0, 'bag', 2080, 0, 0, 0, 520),
(112, 52, 163, 2, 1400, 0, 0, 'bag', 1400, 0, 0, 0, 700),
(113, 52, 81, 20, 340, 0, 0, 'kg', 340, 0, 0, 0, 17),
(114, 52, 81, 2, 1320, 0, 0, 'bag', 1320, 0, 0, 0, 660),
(115, 53, 83, 2, 720, 0, 0, 'bag', 720, 0, 0, 0, 360),
(116, 54, 37, 1, 1120, 0, 0, 'bag', 1120, 0, 0, 0, 1120),
(117, 55, 73, 1, 520, 15.6, 0, 'bag', 520, 3, 0, 0, 520),
(118, 55, 103, 1.98, 99.99, 2.9997, 0, 'kg', 99.99, 3, 0, 0, 50.5),
(119, 55, 121, 2, 150, 4.5, 0, 'bag', 150, 3, 0, 0, 75),
(120, 56, 39, 1, 1176, 0, 24, 'bag', 1200, 0, 2, 0, 1200),
(123, 58, 38, 21.06, 800.28, 0, 0, 'kg', 800.28, 0, 0, 0, 38),
(124, 58, 82, 1, 290, 0, 0, 'bag', 290, 0, 0, 0, 290),
(125, 58, 180, 1, 105, 0, 0, 'bag', 105, 0, 0, 0, 105),
(126, 59, 46, 2, 1250, 0, 0, 'bag', 1250, 0, 0, 0, 625),
(127, 60, 37, 7.8, 222.3, 0, 0, 'kg', 222.3, 0, 0, 0, 28.5),
(128, 61, 185, 1, 190, 5.7, 0, 'bag', 190, 3, 0, 0, 190),
(129, 61, 34, 1, 1160, 34.8, 0, 'bag', 1160, 3, 0, 0, 1160),
(130, 62, 143, 4, 2800, 84, 0, 'bag', 2800, 3, 0, 0, 700),
(131, 63, 81, 20.62, 350.54, 10.5162, 0, 'kg', 350.54, 3, 0, 0, 17),
(132, 63, 214, 1, 10, 0.3, 0, 'bag', 10, 3, 0, 0, 10),
(133, 63, 181, 1, 200, 6, 0, 'bag', 200, 3, 0, 0, 200),
(134, 63, 78, 14.5, 290, 8.7, 0, 'kg', 290, 3, 0, 0, 20),
(135, 64, 6, 2, 960, 0, 0, 'bag', 960, 0, 0, 0, 480),
(136, 65, 98, 2, 16, 0, 0, 'kg', 16, 0, 0, 0, 8),
(137, 66, 75, 1, 570, 0, 0, 'bag', 570, 0, 0, 0, 570),
(138, 66, 82, 1, 290, 0, 0, 'bag', 290, 0, 0, 0, 290),
(139, 66, 6, 1, 480, 0, 0, 'bag', 480, 0, 0, 0, 480),
(140, 66, 67, 1, 680, 0, 0, 'bag', 680, 0, 0, 0, 680),
(141, 67, 174, 1, 130, 0, 0, 'bag', 130, 0, 0, 0, 130),
(142, 68, 78, 20, 400, 0, 0, 'kg', 400, 0, 0, 0, 20),
(143, 69, 67, 2, 1360, 0, 0, 'bag', 1360, 0, 0, 0, 680),
(144, 70, 6, 2, 960, 0, 0, 'bag', 960, 0, 0, 0, 480),
(145, 71, 32, 21, 651, 0, 0, 'kg', 651, 0, 0, 0, 31),
(146, 71, 177, 1, 430, 0, 0, 'bag', 430, 0, 0, 0, 430),
(147, 71, 178, 1, 220, 0, 0, 'bag', 220, 0, 0, 0, 220),
(148, 71, 8, 1, 520, 0, 0, 'bag', 520, 0, 0, 0, 520),
(149, 72, 78, 4.98, 99.6, 0, 0, 'kg', 99.6, 0, 0, 0, 20),
(150, 72, 81, 6, 102, 0, 0, 'kg', 102, 0, 0, 0, 17),
(151, 73, 34, 15, 442.5, 0, 0, 'kg', 442.5, 0, 0, 0, 29.5),
(155, 76, 32, 1, 1220, 0, 0, 'bag', 1220, 0, 0, 0, 1220),
(156, 77, 89, 2, 960, 0, 0, 'bag', 960, 0, 0, 0, 480),
(157, 78, 5, 1, 480, 0, 0, 'bag', 480, 0, 0, 0, 480),
(158, 79, 39, 1, 1200, 0, 0, 'bag', 1200, 0, 0, 0, 1200),
(159, 79, 5, 1, 480, 0, 0, 'bag', 480, 0, 0, 0, 480),
(160, 80, 81, 21, 357, 0, 0, 'kg', 357, 0, 0, 0, 17),
(161, 80, 67, 10, 175, 0, 0, 'kg', 175, 0, 0, 0, 17.5),
(162, 80, 59, 15, 397.5, 0, 0, 'kg', 397.5, 0, 0, 0, 26.5),
(163, 81, 8, 2, 1040, 0, 0, 'bag', 1040, 0, 0, 0, 520),
(164, 82, 33, 10, 325, 0, 0, 'kg', 325, 0, 0, 0, 32.5),
(165, 82, 213, 1, 5, 0, 0, 'bag', 5, 0, 0, 0, 5),
(166, 82, 35, 7.3, 237.25, 0, 0, 'kg', 237.25, 0, 0, 0, 32.5),
(167, 82, 212, 1, 3, 0, 0, 'bag', 3, 0, 0, 0, 3),
(168, 83, 163, 21, 378, 0, 0, 'kg', 378, 0, 0, 0, 18),
(169, 84, 6, 1, 480, 0, 0, 'bag', 480, 0, 0, 0, 480),
(170, 85, 37, 10, 285, 0, 0, 'kg', 285, 0, 0, 0, 28.5),
(171, 85, 67, 10, 175, 0, 0, 'kg', 175, 0, 0, 0, 17.5),
(172, 86, 83, 2, 720, 0, 0, 'bag', 720, 0, 0, 0, 360),
(173, 86, 67, 1, 680, 0, 0, 'bag', 680, 0, 0, 0, 680),
(174, 86, 81, 15, 255, 0, 0, 'kg', 255, 0, 0, 0, 17),
(175, 87, 41, 10, 705, 0, 0, 'kg', 705, 0, 0, 0, 70.5),
(177, 89, 39, 1, 1200, 0, 0, 'bag', 1200, 0, 0, 0, 1200),
(178, 89, 13, 1, 920, 0, 0, 'bag', 920, 0, 0, 0, 920),
(179, 90, 13, 22, 517, 0, 0, 'kg', 517, 0, 0, 0, 23.5),
(180, 90, 12, 11, 324.5, 0, 0, 'kg', 324.5, 0, 0, 0, 29.5),
(181, 90, 81, 10, 170, 0, 0, 'kg', 170, 0, 0, 0, 17),
(182, 91, 89, 1, 480, 0, 0, 'bag', 480, 0, 0, 0, 480),
(183, 91, 169, 1, 480, 0, 0, 'bag', 480, 0, 0, 0, 480),
(184, 92, 8, 2, 1040, 0, 0, 'bag', 1040, 0, 0, 0, 520),
(185, 93, 40, 1, 1160, 0, 0, 'bag', 1160, 0, 0, 0, 1160),
(186, 93, 37, 1, 1120, 0, 0, 'bag', 1120, 0, 0, 0, 1120),
(187, 93, 5, 1, 480, 0, 0, 'bag', 480, 0, 0, 0, 480),
(189, 95, 5, 1, 480, 0, 0, 'bag', 480, 0, 0, 0, 480),
(190, 95, 6, 1, 480, 0, 0, 'bag', 480, 0, 0, 0, 480),
(191, 95, 143, 1, 700, 0, 0, 'bag', 700, 0, 0, 0, 700),
(192, 96, 33, 3, 97.5, 0, 0, 'kg', 97.5, 0, 0, 0, 32.5),
(193, 96, 34, 3, 88.5, 0, 0, 'kg', 88.5, 0, 0, 0, 29.5),
(194, 96, 212, 2, 6, 0, 0, 'bag', 6, 0, 0, 0, 3),
(195, 97, 6, 10, 125, 0, 0, 'kg', 125, 0, 0, 0, 12.5),
(196, 98, 17, 1, 1070, 0, 0, 'bag', 1070, 0, 0, 0, 1070),
(197, 98, 177, 1, 430, 0, 0, 'bag', 430, 0, 0, 0, 430),
(198, 99, 17, 1, 1070, 0, 0, 'bag', 1070, 0, 0, 0, 1070),
(199, 100, 35, 10, 325, 0, 0, 'kg', 325, 0, 0, 0, 32.5),
(200, 100, 37, 5, 142.5, 0, 0, 'kg', 142.5, 0, 0, 0, 28.5),
(201, 100, 34, 15, 442.5, 0, 0, 'kg', 442.5, 0, 0, 0, 29.5),
(202, 101, 70, 2, 71, 0, 0, 'kg', 71, 0, 0, 0, 35.5),
(203, 101, 81, 5.5, 93.5, 0, 0, 'kg', 93.5, 0, 0, 0, 17),
(204, 101, 35, 7.5, 243.75, 0, 0, 'kg', 243.75, 0, 0, 0, 32.5),
(205, 101, 31, 5.3, 174.9, 0, 0, 'kg', 174.9, 0, 0, 0, 33),
(206, 101, 212, 2, 6, 0, 0, 'bag', 6, 0, 0, 0, 3),
(207, 102, 32, 10.1, 306.838, 0, 6.262, 'kg', 313.1, 0, 2, 0, 31),
(208, 103, 27, 15, 405, 0, 0, 'kg', 405, 0, 0, 0, 27),
(209, 104, 31, 12.3, 405.9, 0, 0, 'kg', 405.9, 0, 0, 0, 33),
(210, 104, 213, 2, 10, 0, 0, 'bag', 10, 0, 0, 0, 5),
(211, 104, 35, 5.4, 175.5, 0, 0, 'kg', 175.5, 0, 0, 0, 32.5),
(212, 104, 34, 7.5, 221.25, 0, 0, 'kg', 221.25, 0, 0, 0, 29.5),
(213, 104, 33, 3.8, 123.5, 0, 0, 'kg', 123.5, 0, 0, 0, 32.5),
(214, 104, 212, 2, 6, 0, 0, 'bag', 6, 0, 0, 0, 3),
(215, 105, 40, 1, 1160, 0, 0, 'bag', 1160, 0, 0, 0, 1160),
(216, 105, 8, 1, 520, 0, 0, 'bag', 520, 0, 0, 0, 520),
(217, 105, 37, 8.67, 247.095, 0, 0, 'kg', 247.095, 0, 0, 0, 28.5),
(218, 105, 213, 1, 5, 0, 0, 'bag', 5, 0, 0, 0, 5),
(219, 106, 72, 2, 400, 0, 0, 'bag', 400, 0, 0, 0, 200),
(221, 108, 6, 8, 100, 0, 0, 'kg', 100, 0, 0, 0, 12.5),
(222, 108, 213, 1, 5, 0, 0, 'bag', 5, 0, 0, 0, 5),
(223, 109, 72, 2, 400, 0, 0, 'bag', 400, 0, 0, 0, 200),
(224, 110, 127, 1, 360, 0, 0, 'bag', 360, 0, 0, 0, 360),
(225, 110, 39, 10.8, 329.4, 0, 0, 'kg', 329.4, 0, 0, 0, 30.5),
(226, 111, 6, 1, 480, 0, 0, 'bag', 480, 0, 0, 0, 480),
(227, 111, 35, 7.7, 250.25, 0, 0, 'kg', 250.25, 0, 0, 0, 32.5),
(228, 112, 126, 1, 190, 0, 0, 'bag', 190, 0, 0, 0, 190),
(229, 113, 32, 2, 2440, 0, 0, 'bag', 2440, 0, 0, 0, 1220),
(230, 114, 13, 4.28, 98.5684, 0, 2.0116, 'kg', 100.58, 0, 2, 0, 23.5),
(231, 114, 34, 3.4, 98.294, 0, 2.006, 'kg', 100.3, 0, 2, 0, 29.5),
(232, 115, 6, 3, 1440, 0, 0, 'bag', 1440, 0, 0, 0, 480),
(233, 116, 72, 2, 400, 0, 0, 'bag', 400, 0, 0, 0, 200),
(234, 116, 82, 2, 580, 0, 0, 'bag', 580, 0, 0, 0, 290),
(235, 117, 5, 1, 480, 0, 0, 'bag', 480, 0, 0, 0, 480),
(236, 117, 38, 10, 380, 0, 0, 'kg', 380, 0, 0, 0, 38),
(237, 117, 213, 1, 5, 0, 0, 'bag', 5, 0, 0, 0, 5),
(238, 118, 6, 2, 960, 0, 0, 'bag', 960, 0, 0, 0, 480),
(239, 118, 5, 1, 480, 0, 0, 'bag', 480, 0, 0, 0, 480),
(240, 119, 8, 2, 1040, 0, 0, 'bag', 1040, 0, 0, 0, 520),
(241, 119, 37, 6.3, 179.55, 0, 0, 'kg', 179.55, 0, 0, 0, 28.5),
(242, 119, 42, 3, 211.5, 0, 0, 'kg', 211.5, 0, 0, 0, 70.5),
(243, 120, 127, 1, 360, 0, 0, 'bag', 360, 0, 0, 0, 360),
(244, 120, 35, 1, 1280, 0, 0, 'bag', 1280, 0, 0, 0, 1280),
(245, 121, 42, 4, 282, 0, 0, 'kg', 282, 0, 0, 0, 70.5),
(246, 122, 65, 1, 450, 0, 0, 'bag', 450, 0, 0, 0, 450),
(248, 124, 33, 11.6, 369.46, 0, 7.54, 'kg', 377, 0, 2, 0, 32.5),
(249, 124, 213, 1, 4.9, 0, 0.1, 'bag', 5, 0, 2, 0, 5),
(250, 125, 39, 2, 2400, 0, 0, 'bag', 2400, 0, 0, 0, 1200),
(251, 125, 67, 1, 680, 0, 0, 'bag', 680, 0, 0, 0, 680),
(252, 126, 203, 1, 100, 0, 0, 'bag', 100, 0, 0, 0, 100),
(253, 127, 37, 6.5, 185.25, 0, 0, 'kg', 185.25, 0, 0, 0, 28.5),
(254, 127, 213, 1, 5, 0, 0, 'bag', 5, 0, 0, 0, 5),
(255, 128, 46, 1, 625, 0, 0, 'bag', 625, 0, 0, 0, 625),
(256, 129, 13, 12, 282, 0, 0, 'kg', 282, 0, 0, 0, 23.5),
(257, 133, 78, 15, 300, 0, 0, 'kg', 300, 0, 0, 0, 20),
(258, 134, 66, 2, 910, 0, 0, 'bag', 910, 0, 0, 0, 455),
(259, 134, 67, 2, 1360, 0, 0, 'bag', 1360, 0, 0, 0, 680),
(260, 134, 78, 1, 780, 0, 0, 'bag', 780, 0, 0, 0, 780),
(261, 134, 8, 5, 2600, 0, 0, 'bag', 2600, 0, 0, 0, 520),
(262, 134, 72, 6, 1200, 0, 0, 'bag', 1200, 0, 0, 0, 200),
(265, 136, 67, 1, 680, 0, 0, 'bag', 680, 0, 0, 0, 680),
(266, 136, 65, 1, 450, 0, 0, 'bag', 450, 0, 0, 0, 450),
(267, 136, 38, 2, 3000, 0, 0, 'bag', 3000, 0, 0, 0, 1500),
(268, 136, 66, 2, 910, 0, 0, 'bag', 910, 0, 0, 0, 455),
(269, 137, 5, 2, 960, 0, 0, 'bag', 960, 0, 0, 0, 480),
(270, 137, 65, 2, 900, 0, 0, 'bag', 900, 0, 0, 0, 450),
(271, 137, 67, 1, 680, 0, 0, 'bag', 680, 0, 0, 0, 680),
(272, 138, 78, 15.66, 313.2, 9.396, 0, 'kg', 313.2, 3, 0, 0, 20),
(273, 139, 8, 1, 520, 0, 0, 'bag', 520, 0, 0, 0, 520),
(274, 140, 66, 1, 455, 0, 0, 'bag', 455, 0, 0, 0, 455),
(275, 140, 5, 1, 480, 0, 0, 'bag', 480, 0, 0, 0, 480),
(276, 140, 8, 1, 520, 0, 0, 'bag', 520, 0, 0, 0, 520),
(277, 141, 67, 1, 680, 20.4, 0, 'bag', 680, 3, 0, 0, 680),
(278, 142, 67, 1, 666.4, 0, 13.6, 'bag', 680, 0, 2, 0, 680),
(280, 144, 65, 1, 450, 0, 0, 'bag', 450, 0, 0, 0, 450),
(281, 145, 82, 5, 1450, 0, 0, 'bag', 1450, 0, 0, 0, 290),
(282, 145, 59, 2, 53, 0, 0, 'kg', 53, 0, 0, 0, 26.5),
(283, 145, 59, 1, 640, 0, 0, 'bag', 640, 0, 0, 0, 640),
(284, 145, 14, 3, 2640, 0, 0, 'bag', 2640, 0, 0, 0, 880),
(285, 145, 66, 2, 910, 0, 0, 'bag', 910, 0, 0, 0, 455),
(286, 145, 219, 1, 350, 0, 0, 'bag', 350, 0, 0, 0, 350),
(287, 146, 82, 5, 1450, 43.5, 0, 'bag', 1450, 3, 0, 0, 290),
(288, 146, 72, 5, 1000, 30, 0, 'bag', 1000, 3, 0, 0, 200),
(289, 146, 67, 4, 2720, 81.6, 0, 'bag', 2720, 3, 0, 0, 680),
(290, 146, 73, 1, 520, 15.6, 0, 'bag', 520, 3, 0, 0, 520),
(291, 146, 6, 3, 1440, 43.2, 0, 'bag', 1440, 3, 0, 0, 480),
(292, 146, 5, 3, 1440, 43.2, 0, 'bag', 1440, 3, 0, 0, 480),
(295, 148, 67, 1, 680, 20.4, 0, 'bag', 680, 3, 0, 0, 680),
(296, 148, 134, 2, 221, 6.63, 0, 'kg', 221, 3, 0, 0, 110.5),
(297, 148, 52, 12.6, 321.3, 9.639, 0, 'kg', 321.3, 3, 0, 0, 25.5),
(298, 150, 39, 1, 1200, 36, 0, 'bag', 1200, 3, 0, 0, 1200),
(299, 151, 32, 1, 1220, 36.6, 0, 'bag', 1220, 3, 0, 0, 1220),
(300, 152, 34, 10.8, 318.6, 9.558, 0, 'kg', 318.6, 3, 0, 0, 29.5),
(301, 153, 65, 2, 900, 0, 0, 'bag', 900, 0, 0, 0, 450),
(302, 154, 44, 10.4, 650, 0, 0, 'kg', 650, 0, 0, 0, 62.5),
(303, 155, 67, 2, 1360, 40.8, 0, 'bag', 1360, 3, 0, 0, 680),
(304, 156, 47, 1, 600, 0, 0, 'bag', 600, 0, 0, 0, 600),
(305, 157, 32, 1, 1220, 36.6, 0, 'bag', 1220, 3, 0, 0, 1220),
(306, 157, 8, 2, 1040, 31.2, 0, 'bag', 1040, 3, 0, 0, 520),
(307, 157, 173, 1, 250, 7.5, 0, 'bag', 250, 3, 0, 0, 250),
(308, 158, 11, 4.92, 150.06, 4.5018, 0, 'kg', 150.06, 3, 0, 0, 30.5),
(309, 159, 134, 6.26, 691.73, 0, 0, 'kg', 691.73, 0, 0, 0, 110.5),
(310, 159, 127, 2, 720, 0, 0, 'bag', 720, 0, 0, 0, 360),
(311, 160, 75, 32.3, 629.85, 0, 0, 'kg', 629.85, 0, 0, 0, 19.5),
(313, 162, 35, 5.3, 172.25, 5.1675, 0, 'kg', 172.25, 3, 0, 0, 32.5),
(314, 162, 34, 5.4, 159.3, 4.779, 0, 'kg', 159.3, 3, 0, 0, 29.5),
(315, 163, 8, 2, 1040, 0, 0, 'bag', 1040, 0, 0, 0, 520),
(316, 164, 72, 2, 400, 0, 0, 'bag', 400, 0, 0, 0, 200),
(317, 164, 67, 2, 1360, 0, 0, 'bag', 1360, 0, 0, 0, 680),
(318, 164, 39, 10.8, 329.4, 0, 0, 'kg', 329.4, 0, 0, 0, 30.5),
(319, 164, 213, 1, 5, 0, 0, 'bag', 5, 0, 0, 0, 5),
(320, 165, 65, 2, 900, 0, 0, 'bag', 900, 0, 0, 0, 450),
(321, 165, 72, 5, 1000, 0, 0, 'bag', 1000, 0, 0, 0, 200),
(322, 165, 5, 2, 960, 0, 0, 'bag', 960, 0, 0, 0, 480),
(323, 165, 81, 25.88, 439.96, 0, 0, 'kg', 439.96, 0, 0, 0, 17),
(324, 166, 31, 10, 330, 0, 0, 'kg', 330, 0, 0, 0, 33),
(325, 166, 213, 1, 5, 0, 0, 'bag', 5, 0, 0, 0, 5),
(326, 166, 32, 1, 1220, 0, 0, 'bag', 1220, 0, 0, 0, 1220),
(327, 167, 52, 1, 620, 0, 0, 'bag', 620, 0, 0, 0, 620),
(328, 167, 67, 1, 680, 0, 0, 'bag', 680, 0, 0, 0, 680),
(329, 167, 82, 1, 290, 0, 0, 'bag', 290, 0, 0, 0, 290),
(330, 167, 72, 1, 200, 0, 0, 'bag', 200, 0, 0, 0, 200),
(331, 167, 44, 10.4, 650, 0, 0, 'kg', 650, 0, 0, 0, 62.5),
(332, 167, 213, 1, 5, 0, 0, 'bag', 5, 0, 0, 0, 5),
(333, 168, 78, 10, 200, 0, 0, 'kg', 200, 0, 0, 0, 20),
(334, 169, 39, 1, 1200, 0, 0, 'bag', 1200, 0, 0, 0, 1200),
(335, 170, 72, 5, 1000, 0, 0, 'bag', 1000, 0, 0, 0, 200),
(336, 170, 82, 2, 580, 0, 0, 'bag', 580, 0, 0, 0, 290),
(337, 170, 81, 25.9, 440.3, 0, 0, 'kg', 440.3, 0, 0, 0, 17),
(338, 171, 35, 1.5, 48.75, 0, 0, 'kg', 48.75, 0, 0, 0, 32.5),
(339, 171, 31, 8.5, 280.5, 0, 0, 'kg', 280.5, 0, 0, 0, 33),
(340, 172, 164, 22, 407, 0, 0, 'kg', 407, 0, 0, 0, 18.5),
(341, 173, 37, 1, 1120, 0, 0, 'bag', 1120, 0, 0, 0, 1120),
(342, 174, 17, 1, 1070, 0, 0, 'bag', 1070, 0, 0, 0, 1070),
(343, 175, 78, 5, 100, 0, 0, 'kg', 100, 0, 0, 0, 20),
(344, 175, 35, 3, 97.5, 0, 0, 'kg', 97.5, 0, 0, 0, 32.5),
(345, 176, 8, 44.8, 592.704, 0, 12.096, 'kg', 604.8, 0, 2, 0, 13.5),
(346, 177, 40, 1, 1160, 34.8, 0, 'bag', 1160, 3, 0, 0, 1160),
(347, 177, 32, 2, 2440, 73.2, 0, 'bag', 2440, 3, 0, 0, 1220),
(348, 177, 82, 2, 580, 17.4, 0, 'bag', 580, 3, 0, 0, 290),
(349, 177, 8, 1, 520, 15.6, 0, 'bag', 520, 3, 0, 0, 520),
(350, 177, 65, 1, 450, 13.5, 0, 'bag', 450, 3, 0, 0, 450),
(351, 178, 27, 2, 2077.6, 0, 42.4, 'bag', 2120, 0, 2, 0, 1060),
(352, 179, 164, 2, 1440, 0, 0, 'bag', 1440, 0, 0, 0, 720),
(353, 179, 67, 1, 680, 0, 0, 'bag', 680, 0, 0, 0, 680),
(354, 179, 128, 1, 170, 0, 0, 'bag', 170, 0, 0, 0, 170),
(355, 179, 155, 1, 190, 0, 0, 'bag', 190, 0, 0, 0, 190),
(356, 180, 37, 1, 1120, 0, 0, 'bag', 1120, 0, 0, 0, 1120),
(357, 180, 31, 1, 1300, 0, 0, 'bag', 1300, 0, 0, 0, 1300),
(358, 180, 66, 1, 455, 0, 0, 'bag', 455, 0, 0, 0, 455),
(359, 181, 66, 1, 455, 13.65, 0, 'bag', 455, 3, 0, 0, 455),
(360, 181, 47, 1, 600, 18, 0, 'bag', 600, 3, 0, 0, 600),
(361, 181, 67, 18.3, 320.25, 9.6075, 0, 'kg', 320.25, 3, 0, 0, 17.5),
(362, 182, 5, 1, 480, 0, 0, 'bag', 480, 0, 0, 0, 480),
(363, 182, 42, 5, 8750, 0, 0, 'bag', 8750, 0, 0, 0, 1750),
(364, 183, 5, 1, 480, 0, 0, 'bag', 480, 0, 0, 0, 480),
(365, 183, 42, 5, 352.5, 0, 0, 'kg', 352.5, 0, 0, 0, 70.5),
(366, 184, 126, 1, 190, 0, 0, 'bag', 190, 0, 0, 0, 190),
(367, 185, 39, 1, 1200, 0, 0, 'bag', 1200, 0, 0, 0, 1200),
(368, 185, 46, 1, 625, 0, 0, 'bag', 625, 0, 0, 0, 625),
(370, 187, 5, 1, 12.5, 0, 0, 'kg', 12.5, 0, 0, 0, 12.5),
(371, 188, 34, 1, 1136.8, 0, 23.2, 'bag', 1160, 0, 2, 0, 1160),
(372, 189, 8, 1, 520, 0, 0, 'bag', 520, 0, 0, 0, 520),
(373, 189, 67, 42.3, 740.25, 0, 0, 'kg', 740.25, 0, 0, 0, 17.5),
(374, 189, 82, 1, 290, 0, 0, 'bag', 290, 0, 0, 0, 290),
(375, 189, 5, 12, 150, 0, 0, 'kg', 150, 0, 0, 0, 12.5),
(376, 190, 72, 2, 400, 0, 0, 'bag', 400, 0, 0, 0, 200),
(377, 191, 11, 1, 1176, 0, 24, 'bag', 1200, 0, 2, 0, 1200),
(378, 192, 39, 1, 1200, 36, 0, 'bag', 1200, 3, 0, 0, 1200),
(379, 192, 67, 42.3, 740.25, 22.2075, 0, 'kg', 740.25, 3, 0, 0, 17.5),
(380, 192, 65, 2, 900, 27, 0, 'bag', 900, 3, 0, 0, 450),
(381, 193, 185, 1, 190, 0, 0, 'bag', 190, 0, 0, 0, 190),
(382, 194, 24, 30, 780, 0, 0, 'kg', 780, 0, 0, 0, 26),
(383, 194, 24, 1, 1020, 0, 0, 'bag', 1020, 0, 0, 0, 1020),
(385, 196, 72, 4, 800, 24, 0, 'bag', 800, 3, 0, 0, 200),
(386, 197, 6, 16, 200, 6, 0, 'kg', 200, 3, 0, 0, 12.5),
(387, 197, 29, 10.7, 299.6, 8.988, 0, 'kg', 299.6, 3, 0, 0, 28),
(388, 198, 82, 1, 290, 8.7, 0, 'bag', 290, 3, 0, 0, 290),
(389, 199, 67, 1, 680, 20.4, 0, 'bag', 680, 3, 0, 0, 680),
(390, 199, 39, 1, 1200, 36, 0, 'bag', 1200, 3, 0, 0, 1200),
(391, 200, 32, 1, 1220, 36.6, 0, 'bag', 1220, 3, 0, 0, 1220),
(392, 200, 37, 1, 1120, 33.6, 0, 'bag', 1120, 3, 0, 0, 1120),
(393, 200, 36, 2, 2080, 62.4, 0, 'bag', 2080, 3, 0, 0, 1040),
(394, 201, 33, 2, 2560, 76.8, 0, 'bag', 2560, 3, 0, 0, 1280),
(395, 201, 34, 2, 2320, 69.6, 0, 'bag', 2320, 3, 0, 0, 1160),
(396, 201, 67, 2, 1360, 40.8, 0, 'bag', 1360, 3, 0, 0, 680),
(397, 201, 173, 2, 500, 15, 0, 'bag', 500, 3, 0, 0, 250),
(398, 202, 40, 1, 1160, 0, 0, 'bag', 1160, 0, 0, 0, 1160),
(399, 202, 35, 1, 1280, 0, 0, 'bag', 1280, 0, 0, 0, 1280),
(400, 202, 30, 30.44, 1080.62, 0, 0, 'kg', 1080.62, 0, 0, 0, 35.5),
(401, 202, 36, 1, 1040, 0, 0, 'bag', 1040, 0, 0, 0, 1040),
(402, 202, 5, 1, 480, 0, 0, 'bag', 480, 0, 0, 0, 480),
(403, 202, 65, 1, 450, 0, 0, 'bag', 450, 0, 0, 0, 450),
(404, 203, 13, 25.54, 588.186, 0, 12.0038, 'kg', 600.19, 0, 2, 0, 23.5),
(405, 204, 32, 2, 2440, 73.2, 0, 'bag', 2440, 3, 0, 0, 1220),
(406, 204, 78, 5.27, 105.4, 3.162, 0, 'kg', 105.4, 3, 0, 0, 20),
(407, 205, 33, 10.77, 350.025, 10.5007, 0, 'kg', 350.025, 3, 0, 0, 32.5),
(408, 206, 14, 5, 4312, 0, 88, 'bag', 4400, 0, 2, 0, 880),
(409, 206, 16, 3, 3998.4, 0, 81.6, 'bag', 4080, 0, 2, 0, 1360),
(410, 206, 8, 1, 509.6, 0, 10.4, 'bag', 520, 0, 2, 0, 520),
(411, 207, 14, 5, 4400, 0, 0, 'bag', 4400, 0, 0, 0, 880),
(412, 207, 16, 3, 4080, 0, 0, 'bag', 4080, 0, 0, 0, 1360),
(413, 207, 8, 1, 520, 0, 0, 'bag', 520, 0, 0, 0, 520),
(414, 208, 17, 19.5, 536.25, 16.0875, 0, 'kg', 536.25, 3, 0, 0, 27.5),
(415, 208, 65, 1, 450, 13.5, 0, 'bag', 450, 3, 0, 0, 450),
(416, 209, 33, 8.3, 269.75, 0, 0, 'kg', 269.75, 0, 0, 0, 32.5),
(417, 209, 213, 2, 10, 0, 0, 'bag', 10, 0, 0, 0, 5),
(418, 209, 32, 9.34, 289.54, 0, 0, 'kg', 289.54, 0, 0, 0, 31),
(421, 211, 39, 1, 1200, 36, 0, 'bag', 1200, 3, 0, 0, 1200),
(422, 211, 32, 1, 1220, 36.6, 0, 'bag', 1220, 3, 0, 0, 1220),
(423, 211, 34, 16.3, 480.85, 14.4255, 0, 'kg', 480.85, 3, 0, 0, 29.5),
(424, 212, 33, 16.93, 539.221, 0, 11.0045, 'kg', 550.225, 0, 2, 0, 32.5),
(425, 213, 29, 10.72, 300.16, 9.0048, 0, 'kg', 300.16, 3, 0, 0, 28),
(426, 214, 34, 1, 1160, 34.8, 0, 'bag', 1160, 3, 0, 0, 1160),
(427, 214, 143, 40, 720, 21.6, 0, 'kg', 720, 3, 0, 0, 18),
(428, 215, 34, 4, 4640, 139.2, 0, 'bag', 4640, 3, 0, 0, 1160),
(429, 216, 33, 11.1, 360.75, 10.8225, 0, 'kg', 360.75, 3, 0, 0, 32.5),
(430, 216, 13, 9.3, 218.55, 6.5565, 0, 'kg', 218.55, 3, 0, 0, 23.5),
(431, 217, 67, 2, 1360, 40.8, 0, 'bag', 1360, 3, 0, 0, 680),
(432, 218, 72, 1, 200, 0, 0, 'bag', 200, 0, 0, 0, 200),
(433, 218, 67, 17.18, 300.65, 0, 0, 'kg', 300.65, 0, 0, 0, 17.5),
(434, 219, 33, 52.93, 1685.82, 0, 34.4044, 'kg', 1720.22, 0, 2, 0, 32.5),
(435, 220, 6, 3, 1440, 0, 0, 'bag', 1440, 0, 0, 0, 480),
(436, 221, 65, 1, 450, 0, 0, 'bag', 450, 0, 0, 0, 450),
(437, 221, 66, 1, 455, 0, 0, 'bag', 455, 0, 0, 0, 455),
(438, 222, 6, 1, 480, 0, 0, 'bag', 480, 0, 0, 0, 480),
(439, 222, 34, 1, 1160, 0, 0, 'bag', 1160, 0, 0, 0, 1160),
(440, 223, 16, 15.1, 520.95, 0, 0, 'kg', 520.95, 0, 0, 0, 34.5),
(441, 223, 214, 1, 10, 0, 0, 'bag', 10, 0, 0, 0, 10),
(442, 223, 17, 1, 1070, 0, 0, 'bag', 1070, 0, 0, 0, 1070),
(443, 224, 32, 2, 2440, 73.2, 0, 'bag', 2440, 3, 0, 0, 1220),
(444, 224, 31, 1, 1300, 39, 0, 'bag', 1300, 3, 0, 0, 1300),
(445, 224, 67, 2, 1360, 40.8, 0, 'bag', 1360, 3, 0, 0, 680),
(446, 224, 79, 1, 900, 27, 0, 'bag', 900, 3, 0, 0, 900),
(447, 226, 7, 32.59, 439.965, 13.1989, 0, 'kg', 439.965, 3, 0, 0, 13.5),
(448, 227, 126, 1, 190, 5.7, 0, 'bag', 190, 3, 0, 0, 190),
(449, 228, 66, 1, 445.9, 0, 9.1, 'bag', 455, 0, 2, 0, 455),
(450, 228, 11, 1, 1176, 0, 24, 'bag', 1200, 0, 2, 0, 1200),
(451, 229, 38, 1, 1500, 45, 0, 'bag', 1500, 3, 0, 0, 1500),
(452, 230, 13, 2, 1803.2, 0, 36.8, 'bag', 1840, 0, 2, 0, 920),
(453, 231, 58, 6.16, 200.2, 6.006, 0, 'kg', 200.2, 3, 0, 0, 32.5),
(454, 232, 38, 1, 1470, 0, 30, 'bag', 1500, 0, 2, 0, 1500),
(455, 232, 39, 1, 1176, 0, 24, 'bag', 1200, 0, 2, 0, 1200),
(456, 233, 72, 1, 196, 0, 4, 'bag', 200, 0, 2, 0, 200),
(457, 234, 66, 1, 455, 13.65, 0, 'bag', 455, 3, 0, 0, 455),
(458, 235, 37, 1, 1120, 33.6, 0, 'bag', 1120, 3, 0, 0, 1120),
(459, 235, 35, 11.8, 383.5, 11.505, 0, 'kg', 383.5, 3, 0, 0, 32.5),
(460, 236, 8, 1, 520, 15.6, 0, 'bag', 520, 3, 0, 0, 520),
(461, 237, 99, 1, 245, 0, 5, 'bag', 250, 0, 2, 0, 250),
(462, 237, 40, 10.17, 294.015, 0, 6.0003, 'kg', 300.015, 0, 2, 0, 29.5),
(463, 237, 40, 1, 1136.8, 0, 23.2, 'bag', 1160, 0, 2, 0, 1160),
(464, 238, 39, 11.48, 350.14, 10.5042, 0, 'kg', 350.14, 3, 0, 0, 30.5),
(465, 239, 8, 1, 509.6, 0, 10.4, 'bag', 520, 0, 2, 0, 520),
(466, 240, 51, 14.05, 442.575, 13.2773, 0, 'kg', 442.575, 3, 0, 0, 31.5),
(467, 240, 67, 20, 350, 10.5, 0, 'kg', 350, 3, 0, 0, 17.5),
(468, 241, 39, 1, 30.5, 0, 0, 'kg', 30.5, 0, 0, 0, 30.5),
(469, 241, 212, 1, 3, 0, 0, 'bag', 3, 0, 0, 0, 3),
(470, 243, 12, 25.1, 740.45, 0, 0, 'kg', 740.45, 0, 0, 0, 29.5),
(471, 243, 214, 1, 10, 0, 0, 'bag', 10, 0, 0, 0, 10),
(472, 244, 10, 1, 1220, 36.6, 0, 'bag', 1220, 3, 0, 0, 1220),
(473, 245, 29, 10.72, 300.16, 9.0048, 0, 'kg', 300.16, 3, 0, 0, 28),
(477, 247, 65, 1, 450, 13.5, 0, 'bag', 450, 3, 0, 0, 450),
(478, 247, 66, 1, 455, 13.65, 0, 'bag', 455, 3, 0, 0, 455),
(479, 247, 10, 19.36, 600.16, 18.0048, 0, 'kg', 600.16, 3, 0, 0, 31),
(480, 247, 7, 9.63, 130.005, 3.90015, 0, 'kg', 130.005, 3, 0, 0, 13.5),
(481, 247, 162, 11.1, 199.8, 5.994, 0, 'kg', 199.8, 3, 0, 0, 18),
(484, 249, 72, 30, 6000, 0, 0, 'bag', 6000, 0, 0, 0, 200),
(485, 249, 74, 41.86, 899.99, 0, 0, 'bag', 899.99, 0, 0, 0, 21.5),
(492, 252, 39, 1, 1200, 36, 0, 'bag', 1200, 3, 0, 0, 1200),
(493, 254, 39, 2.95, 89.975, 2.69925, 0, 'kg', 89.975, 3, 0, 0, 30.5),
(494, 255, 39, 5, 6000, 0, 0, 'bag', 6000, 0, 0, 0, 1200),
(495, 255, 63, 1, 1400, 0, 0, 'bag', 1400, 0, 0, 0, 1400),
(496, 255, 7, 32.6, 440.1, 0, 0, 'kg', 440.1, 0, 0, 0, 13.5),
(497, 255, 65, 2, 900, 0, 0, 'bag', 900, 0, 0, 0, 450),
(498, 255, 44, 16.96, 1060, 0, 0, 'kg', 1060, 0, 0, 0, 62.5),
(499, 256, 173, 3, 735, 0, 15, 'bag', 750, 0, 2, 0, 250),
(500, 257, 19, 1, 840, 25.2, 0, 'bag', 840, 3, 0, 0, 840),
(501, 258, 34, 20.36, 588.608, 0, 12.0124, 'kg', 600.62, 0, 2, 0, 29.5),
(502, 259, 37, 1, 1120, 33.6, 0, 'bag', 1120, 3, 0, 0, 1120),
(503, 259, 213, 10, 50, 1.5, 0, 'bag', 50, 3, 0, 0, 5),
(504, 260, 33, 10.77, 350.025, 10.5007, 0, 'kg', 350.025, 3, 0, 0, 32.5),
(505, 261, 19, 1, 823.2, 0, 16.8, 'bag', 840, 0, 2, 0, 840),
(506, 261, 16, 1, 1332.8, 0, 27.2, 'bag', 1360, 0, 2, 0, 1360),
(507, 262, 66, 1, 445.9, 0, 9.1, 'bag', 455, 0, 2, 0, 455),
(508, 262, 82, 1, 284.2, 0, 5.8, 'bag', 290, 0, 2, 0, 290),
(509, 262, 34, 10.15, 293.436, 0, 5.9885, 'kg', 299.425, 0, 2, 0, 29.5),
(510, 262, 27, 8.1, 214.326, 0, 4.374, 'kg', 218.7, 0, 2, 0, 27),
(511, 262, 7, 14.5, 191.835, 0, 3.915, 'kg', 195.75, 0, 2, 0, 13.5),
(512, 263, 78, 1, 780, 23.4, 0, 'bag', 780, 3, 0, 0, 780),
(513, 264, 72, 1, 196, 0, 4, 'bag', 200, 0, 2, 0, 200),
(514, 265, 66, 1, 455, 13.65, 0, 'bag', 455, 3, 0, 0, 455),
(515, 265, 67, 8.3, 145.25, 4.3575, 0, 'kg', 145.25, 3, 0, 0, 17.5),
(516, 266, 72, 1, 196, 0, 4, 'bag', 200, 0, 2, 0, 200),
(517, 267, 32, 1, 1220, 36.6, 0, 'bag', 1220, 3, 0, 0, 1220),
(518, 268, 66, 1, 455, 13.65, 0, 'bag', 455, 3, 0, 0, 455),
(519, 268, 81, 25.89, 440.13, 13.2039, 0, 'kg', 440.13, 3, 0, 0, 17),
(520, 270, 65, 1, 450, 13.5, 0, 'bag', 450, 3, 0, 0, 450),
(521, 270, 67, 1, 680, 20.4, 0, 'bag', 680, 3, 0, 0, 680),
(522, 270, 8, 4, 2080, 62.4, 0, 'bag', 2080, 3, 0, 0, 520),
(523, 270, 32, 1, 1220, 36.6, 0, 'bag', 1220, 3, 0, 0, 1220),
(524, 271, 72, 3, 600, 18, 0, 'bag', 600, 3, 0, 0, 200),
(525, 272, 5, 1, 480, 14.4, 0, 'bag', 480, 3, 0, 0, 480),
(526, 273, 39, 2, 2400, 72, 0, 'bag', 2400, 3, 0, 0, 1200),
(527, 274, 7, 32.6, 440.1, 13.203, 0, 'kg', 440.1, 3, 0, 0, 13.5),
(528, 275, 6, 1, 480, 14.4, 0, 'bag', 480, 3, 0, 0, 480),
(529, 275, 82, 1, 290, 8.7, 0, 'bag', 290, 3, 0, 0, 290),
(530, 276, 67, 2, 1360, 40.8, 0, 'bag', 1360, 3, 0, 0, 680),
(531, 276, 33, 20.5, 666.25, 19.9875, 0, 'kg', 666.25, 3, 0, 0, 32.5),
(532, 276, 6, 2, 960, 28.8, 0, 'bag', 960, 3, 0, 0, 480),
(533, 276, 72, 3, 600, 18, 0, 'bag', 600, 3, 0, 0, 200),
(534, 276, 82, 3, 870, 26.1, 0, 'bag', 870, 3, 0, 0, 290),
(535, 276, 44, 10.4, 650, 19.5, 0, 'kg', 650, 3, 0, 0, 62.5),
(536, 277, 72, 1, 196, 0, 4, 'bag', 200, 0, 2, 0, 200),
(537, 278, 32, 1, 1220, 36.6, 0, 'bag', 1220, 3, 0, 0, 1220),
(538, 279, 72, 1, 196, 0, 4, 'bag', 200, 0, 2, 0, 200),
(539, 279, 33, 1.54, 49.049, 0, 1.001, 'kg', 50.05, 0, 2, 0, 32.5),
(540, 280, 39, 24.27, 740.235, 22.2071, 0, 'kg', 740.235, 3, 0, 0, 30.5),
(541, 281, 33, 4, 5120, 153.6, 0, 'bag', 5120, 3, 0, 0, 1280),
(542, 282, 34, 1, 1160, 34.8, 0, 'bag', 1160, 3, 0, 0, 1160),
(543, 282, 35, 1, 1280, 38.4, 0, 'bag', 1280, 3, 0, 0, 1280),
(544, 283, 38, 12.88, 489.44, 14.6832, 0, 'kg', 489.44, 3, 0, 0, 38),
(545, 283, 78, 6, 120, 3.6, 0, 'kg', 120, 3, 0, 0, 20),
(546, 283, 27, 9.88, 266.76, 8.0028, 0, 'kg', 266.76, 3, 0, 0, 27),
(547, 284, 78, 7.6, 152, 4.56, 0, 'kg', 152, 3, 0, 0, 20),
(548, 285, 33, 6.64, 215.8, 0, 0, 'kg', 215.8, 0, 0, 0, 32.5),
(549, 285, 34, 12, 354, 0, 0, 'kg', 354, 0, 0, 0, 29.5),
(550, 285, 67, 1, 680, 0, 0, 'bag', 680, 0, 0, 0, 680),
(551, 286, 67, 14.7, 257.25, 7.7175, 0, 'kg', 257.25, 3, 0, 0, 17.5),
(552, 286, 67, 1, 680, 20.4, 0, 'bag', 680, 3, 0, 0, 680),
(553, 286, 143, 2, 36, 1.08, 0, 'kg', 36, 3, 0, 0, 18),
(554, 286, 143, 1, 700, 21, 0, 'bag', 700, 3, 0, 0, 700),
(555, 287, 143, 1, 700, 21, 0, 'bag', 700, 3, 0, 0, 700),
(556, 288, 35, 21.22, 689.65, 0, 0, 'kg', 689.65, 0, 0, 0, 32.5),
(557, 288, 72, 1, 200, 0, 0, 'bag', 200, 0, 0, 0, 200),
(558, 289, 11, 30.86, 922.405, 0, 18.8246, 'kg', 941.23, 0, 2, 0, 30.5),
(559, 289, 11, 1, 1176, 0, 24, 'bag', 1200, 0, 2, 0, 1200),
(560, 289, 8, 1, 509.6, 0, 10.4, 'bag', 520, 0, 2, 0, 520),
(561, 289, 30, 1, 1372, 0, 28, 'bag', 1400, 0, 2, 0, 1400),
(562, 290, 8, 1, 520, 15.6, 0, 'bag', 520, 3, 0, 0, 520),
(563, 290, 67, 1, 680, 20.4, 0, 'bag', 680, 3, 0, 0, 680),
(564, 291, 172, 1, 588, 0, 12, 'bag', 600, 0, 2, 0, 600),
(565, 292, 72, 5, 980, 0, 20, 'bag', 1000, 0, 2, 0, 200),
(567, 294, 91, 1, 392, 0, 8, 'bag', 400, 0, 2, 0, 400),
(570, 296, 40, 1, 1160, 34.8, 0, 'bag', 1160, 3, 0, 0, 1160),
(571, 296, 6, 1, 480, 14.4, 0, 'bag', 480, 3, 0, 0, 480),
(572, 296, 99, 1, 250, 7.5, 0, 'bag', 250, 3, 0, 0, 250),
(573, 297, 17, 1, 1070, 32.1, 0, 'bag', 1070, 3, 0, 0, 1070),
(574, 297, 214, 1, 10, 0.3, 0, 'bag', 10, 3, 0, 0, 10),
(575, 297, 16, 15.1, 520.95, 15.6285, 0, 'kg', 520.95, 3, 0, 0, 34.5),
(576, 298, 36, 1, 1019.2, 0, 20.8, 'bag', 1040, 0, 2, 0, 1040),
(577, 299, 99, 1, 245, 0, 5, 'bag', 250, 0, 2, 0, 250),
(578, 300, 33, 12.46, 404.95, 12.1485, 0, 'kg', 404.95, 3, 0, 0, 32.5),
(579, 301, 8, 1, 520, 15.6, 0, 'bag', 520, 3, 0, 0, 520),
(580, 301, 82, 1, 290, 8.7, 0, 'bag', 290, 3, 0, 0, 290),
(581, 302, 65, 2, 900, 27, 0, 'bag', 900, 3, 0, 0, 450),
(585, 304, 28, 1.04, 37.96, 0, 0, 'kg', 37.96, 0, 0, 0, 36.5),
(586, 304, 212, 2, 6, 0, 0, 'bag', 6, 0, 0, 0, 3),
(587, 304, 33, 3, 97.5, 0, 0, 'kg', 97.5, 0, 0, 0, 32.5),
(588, 304, 82, 1, 290, 0, 0, 'bag', 290, 0, 0, 0, 290),
(589, 306, 72, 10, 2000, 0, 0, 'bag', 2000, 0, 0, 0, 200),
(590, 307, 78, 5, 100, 0, 0, 'kg', 100, 0, 0, 0, 20),
(591, 308, 72, 5, 1000, 30, 0, 'bag', 1000, 3, 0, 0, 200),
(592, 309, 54, 7.92, 285.12, 8.5536, 0, 'kg', 285.12, 3, 0, 0, 36),
(593, 310, 31, 15.15, 489.951, 0, 9.999, 'kg', 499.95, 0, 2, 0, 33),
(594, 311, 72, 3, 600, 0, 0, 'bag', 600, 0, 0, 0, 200),
(595, 312, 16, 2, 2665.6, 0, 54.4, 'bag', 2720, 0, 2, 0, 1360),
(596, 313, 66, 22.24, 294.235, 0, 6.0048, 'kg', 300.24, 0, 2, 0, 13.5),
(597, 314, 32, 7.98, 242.432, 0, 4.9476, 'kg', 247.38, 0, 2, 0, 31),
(598, 314, 78, 5.25, 102.9, 0, 2.1, 'kg', 105, 0, 2, 0, 20),
(599, 315, 72, 4, 784, 0, 16, 'bag', 800, 0, 2, 0, 200),
(600, 315, 78, 7, 137.2, 0, 2.8, 'kg', 140, 0, 2, 0, 20),
(601, 316, 56, 1, 514.5, 0, 10.5, 'bag', 525, 0, 2, 0, 525),
(602, 316, 7, 1, 509.6, 0, 10.4, 'bag', 520, 0, 2, 0, 520),
(603, 316, 27, 2, 2077.6, 0, 42.4, 'bag', 2120, 0, 2, 0, 1060),
(604, 316, 6, 1, 470.4, 0, 9.6, 'bag', 480, 0, 2, 0, 480),
(610, 318, 72, 10, 2000, 0, 0, 'bag', 2000, 0, 0, 0, 200),
(611, 318, 33, 2, 2560, 0, 0, 'bag', 2560, 0, 0, 0, 1280),
(612, 318, 67, 4, 2720, 0, 0, 'bag', 2720, 0, 0, 0, 680),
(613, 318, 7, 65.19, 880.065, 0, 0, 'kg', 880.065, 0, 0, 0, 13.5),
(614, 318, 6, 2, 960, 0, 0, 'bag', 960, 0, 0, 0, 480),
(617, 320, 6, 2, 960, 0, 0, 'bag', 960, 0, 0, 0, 480),
(618, 320, 7, 76.52, 1033.02, 0, 0, 'kg', 1033.02, 0, 0, 0, 13.5),
(619, 320, 33, 2, 2560, 0, 0, 'bag', 2560, 0, 0, 0, 1280),
(620, 320, 67, 4, 2720, 0, 0, 'bag', 2720, 0, 0, 0, 680),
(621, 320, 72, 10, 2000, 0, 0, 'bag', 2000, 0, 0, 0, 200),
(623, 322, 36, 2, 2080, 62.4, 0, 'bag', 2080, 3, 0, 0, 1040),
(624, 323, 7, 32.6, 440.1, 13.203, 0, 'kg', 440.1, 3, 0, 0, 13.5),
(625, 323, 100, 6.3, 475.65, 14.2695, 0, 'kg', 475.65, 3, 0, 0, 75.5),
(626, 323, 33, 5.46, 177.45, 5.3235, 0, 'kg', 177.45, 3, 0, 0, 32.5),
(627, 323, 72, 8, 1600, 48, 0, 'bag', 1600, 3, 0, 0, 200),
(628, 324, 32, 1, 1220, 0, 0, 'bag', 1220, 0, 0, 0, 1220),
(629, 325, 13, 1, 920, 27.6, 0, 'bag', 920, 3, 0, 0, 920),
(630, 325, 65, 1, 450, 13.5, 0, 'bag', 450, 3, 0, 0, 450),
(631, 325, 33, 16.46, 534.95, 16.0485, 0, 'kg', 534.95, 3, 0, 0, 32.5),
(632, 326, 36, 2, 2080, 62.4, 0, 'bag', 2080, 3, 0, 0, 1040),
(633, 326, 32, 1, 1220, 36.6, 0, 'bag', 1220, 3, 0, 0, 1220),
(634, 326, 13, 2, 1840, 55.2, 0, 'bag', 1840, 3, 0, 0, 920),
(635, 326, 17, 2, 2140, 64.2, 0, 'bag', 2140, 3, 0, 0, 1070),
(636, 327, 6, 11.8, 144.55, 0, 2.95, 'kg', 147.5, 0, 2, 0, 12.5),
(637, 327, 8, 5.16, 68.2668, 0, 1.3932, 'kg', 69.66, 0, 2, 0, 13.5),
(638, 327, 33, 4.88, 155.428, 0, 3.172, 'kg', 158.6, 0, 2, 0, 32.5),
(639, 327, 212, 1, 2.94, 0, 0.06, 'bag', 3, 0, 2, 0, 3),
(640, 328, 8, 1, 520, 15.6, 0, 'bag', 520, 3, 0, 0, 520),
(641, 329, 31, 12.2, 402.6, 12.078, 0, 'kg', 402.6, 3, 0, 0, 33),
(642, 330, 39, 1, 1200, 36, 0, 'bag', 1200, 3, 0, 0, 1200),
(643, 331, 13, 12.8, 294.784, 0, 6.016, 'kg', 300.8, 0, 2, 0, 23.5),
(644, 331, 12, 6.86, 198.323, 0, 4.0474, 'kg', 202.37, 0, 2, 0, 29.5),
(647, 333, 29, 3.57, 99.96, 2.9988, 0, 'kg', 99.96, 3, 0, 0, 28),
(648, 333, 29, 1, 1100, 33, 0, 'bag', 1100, 3, 0, 0, 1100),
(649, 333, 32, 1, 1220, 36.6, 0, 'bag', 1220, 3, 0, 0, 1220),
(650, 334, 31, 1, 1300, 0, 0, 'bag', 1300, 0, 0, 0, 1300),
(651, 334, 37, 1, 1120, 0, 0, 'bag', 1120, 0, 0, 0, 1120),
(652, 334, 5, 1, 480, 0, 0, 'bag', 480, 0, 0, 0, 480),
(653, 335, 66, 1, 445.9, 0, 9.1, 'bag', 455, 0, 2, 0, 455),
(654, 336, 39, 1, 1176, 0, 24, 'bag', 1200, 0, 2, 0, 1200),
(655, 337, 32, 11.32, 343.902, 0, 7.0184, 'kg', 350.92, 0, 2, 0, 31),
(656, 337, 67, 11.43, 196.025, 0, 4.0005, 'kg', 200.025, 0, 2, 0, 17.5),
(657, 338, 27, 29.1, 785.7, 23.571, 0, 'kg', 785.7, 3, 0, 0, 27),
(658, 339, 66, 1, 455, 13.65, 0, 'bag', 455, 3, 0, 0, 455),
(659, 340, 6, 2, 960, 28.8, 0, 'bag', 960, 3, 0, 0, 480),
(660, 341, 39, 1, 1176, 0, 24, 'bag', 1200, 0, 2, 0, 1200),
(661, 342, 34, 2, 2320, 69.6, 0, 'bag', 2320, 3, 0, 0, 1160),
(662, 343, 34, 82.2, 2424.9, 72.747, 0, 'kg', 2424.9, 3, 0, 0, 29.5),
(663, 344, 40, 1, 1136.8, 0, 23.2, 'bag', 1160, 0, 2, 0, 1160),
(664, 344, 39, 19.02, 568.508, 0, 11.6022, 'kg', 580.11, 0, 2, 0, 30.5),
(665, 345, 67, 1, 680, 20.4, 0, 'bag', 680, 3, 0, 0, 680),
(666, 346, 39, 2, 2400, 0, 0, 'bag', 2400, 0, 0, 0, 1200),
(667, 346, 32, 3, 3660, 0, 0, 'bag', 3660, 0, 0, 0, 1220),
(668, 346, 82, 2, 580, 0, 0, 'bag', 580, 0, 0, 0, 290),
(669, 346, 72, 2, 400, 0, 0, 'bag', 400, 0, 0, 0, 200),
(670, 346, 8, 2, 1040, 0, 0, 'bag', 1040, 0, 0, 0, 520),
(671, 346, 78, 1, 780, 0, 0, 'bag', 780, 0, 0, 0, 780),
(672, 347, 72, 2, 400, 12, 0, 'bag', 400, 3, 0, 0, 200),
(673, 348, 54, 19.45, 700.2, 21.006, 0, 'kg', 700.2, 3, 0, 0, 36),
(674, 349, 28, 9.59, 350.035, 10.501, 0, 'kg', 350.035, 3, 0, 0, 36.5),
(675, 349, 33, 10.65, 346.125, 10.3837, 0, 'kg', 346.125, 3, 0, 0, 32.5),
(676, 350, 32, 1, 1195.6, 0, 24.4, 'bag', 1220, 0, 2, 0, 1220),
(677, 350, 39, 1, 1176, 0, 24, 'bag', 1200, 0, 2, 0, 1200),
(678, 350, 37, 1, 1097.6, 0, 22.4, 'bag', 1120, 0, 2, 0, 1120),
(679, 350, 38, 21.06, 784.274, 0, 16.0056, 'kg', 800.28, 0, 2, 0, 38),
(680, 351, 67, 1, 680, 20.4, 0, 'bag', 680, 3, 0, 0, 680),
(681, 352, 72, 3, 588, 0, 12, 'bag', 600, 0, 2, 0, 200),
(682, 353, 6, 1, 480, 14.4, 0, 'bag', 480, 3, 0, 0, 480),
(687, 355, 72, 6, 1200, 0, 0, 'bag', 1200, 0, 0, 0, 200),
(688, 355, 82, 5, 1450, 0, 0, 'bag', 1450, 0, 0, 0, 290),
(689, 355, 6, 1, 480, 0, 0, 'bag', 480, 0, 0, 0, 480),
(690, 355, 7, 1, 440, 0, 0, 'bag', 440, 0, 0, 0, 440),
(691, 355, 65, 2, 900, 0, 0, 'bag', 900, 0, 0, 0, 450),
(692, 355, 99, 15, 120, 0, 0, 'kg', 120, 0, 0, 0, 8),
(693, 355, 98, 15, 120, 0, 0, 'kg', 120, 0, 0, 0, 8),
(694, 356, 72, 2, 400, 0, 0, 'bag', 400, 0, 0, 0, 200),
(695, 356, 5, 1, 480, 0, 0, 'bag', 480, 0, 0, 0, 480),
(696, 356, 17, 1, 1070, 0, 0, 'bag', 1070, 0, 0, 0, 1070),
(699, 358, 33, 1, 1280, 0, 0, 'bag', 1280, 0, 0, 0, 1280),
(700, 359, 32, 1, 1220, 36.6, 0, 'bag', 1220, 3, 0, 0, 1220),
(701, 359, 28, 20.1, 733.65, 22.0095, 0, 'kg', 733.65, 3, 0, 0, 36.5),
(702, 360, 6, 1, 480, 14.4, 0, 'bag', 480, 3, 0, 0, 480),
(703, 360, 67, 1, 680, 20.4, 0, 'bag', 680, 3, 0, 0, 680),
(704, 361, 13, 22.12, 519.82, 15.5946, 0, 'kg', 519.82, 3, 0, 0, 23.5),
(706, 363, 32, 20, 620, 18.6, 0, 'kg', 620, 3, 0, 0, 31),
(707, 363, 90, 1, 200, 6, 0, 'bag', 200, 3, 0, 0, 200),
(708, 364, 13, 10, 230.3, 0, 4.7, 'kg', 235, 0, 2, 0, 23.5),
(709, 364, 8, 27.06, 358.004, 0, 7.3062, 'kg', 365.31, 0, 2, 0, 13.5),
(710, 365, 7, 1, 440, 13.2, 0, 'bag', 440, 3, 0, 0, 440),
(711, 366, 7, 8.46, 95.3442, 0, 1.9458, 'kg', 97.29, 0, 2, 0, 11.5),
(712, 366, 212, 1, 2.94, 0, 0.06, 'bag', 3, 0, 2, 0, 3),
(713, 366, 10, 19.24, 584.511, 0, 11.9288, 'kg', 596.44, 0, 2, 0, 31),
(714, 366, 13, 19.26, 443.558, 0, 9.0522, 'kg', 452.61, 0, 2, 0, 23.5),
(715, 367, 72, 5, 980, 0, 20, 'bag', 1000, 0, 2, 0, 200),
(716, 368, 15, 1, 1140, 34.2, 0, 'bag', 1140, 3, 0, 0, 1140),
(717, 369, 32, 1, 1220, 36.6, 0, 'bag', 1220, 3, 0, 0, 1220),
(718, 370, 6, 28.26, 346.185, 0, 7.065, 'kg', 353.25, 0, 2, 0, 12.5),
(719, 371, 72, 24.5, 240.1, 0, 4.9, 'kg', 245, 0, 2, 0, 10),
(720, 371, 66, 1, 445.9, 0, 9.1, 'bag', 455, 0, 2, 0, 455),
(721, 372, 161, 2, 34, 1.02, 0, 'kg', 34, 3, 0, 0, 17),
(722, 372, 161, 2, 1300, 39, 0, 'bag', 1300, 3, 0, 0, 650),
(723, 373, 8, 4, 2080, 62.4, 0, 'bag', 2080, 3, 0, 0, 520),
(724, 374, 72, 94.5, 945, 28.35, 0, 'kg', 945, 3, 0, 0, 10),
(725, 375, 5, 2, 960, 0, 0, 'bag', 960, 0, 0, 0, 480),
(726, 375, 78, 1, 780, 0, 0, 'bag', 780, 0, 0, 0, 780),
(727, 376, 31, 1, 1300, 39, 0, 'bag', 1300, 3, 0, 0, 1300),
(728, 377, 72, 5, 980, 0, 20, 'bag', 1000, 0, 2, 0, 200),
(729, 378, 67, 1, 680, 20.4, 0, 'bag', 680, 3, 0, 0, 680),
(730, 379, 33, 19, 617.5, 18.525, 0, 'kg', 617.5, 3, 0, 0, 32.5),
(731, 379, 65, 1, 450, 13.5, 0, 'bag', 450, 3, 0, 0, 450),
(732, 380, 34, 10.82, 319.19, 9.5757, 0, 'kg', 319.19, 3, 0, 0, 29.5),
(733, 381, 7, 3, 1320, 0, 0, 'bag', 1320, 0, 0, 0, 440),
(734, 381, 5, 1, 480, 0, 0, 'bag', 480, 0, 0, 0, 480),
(735, 381, 6, 1, 480, 0, 0, 'bag', 480, 0, 0, 0, 480),
(736, 381, 66, 1, 455, 0, 0, 'bag', 455, 0, 0, 0, 455),
(737, 382, 32, 1, 1220, 0, 0, 'bag', 1220, 0, 0, 0, 1220),
(738, 382, 67, 1, 680, 0, 0, 'bag', 680, 0, 0, 0, 680),
(739, 383, 67, 1, 445.399, 13.362, 0, 'bag', 680, 3, 0, 234.601, 680),
(740, 384, 72, 2, 400, 0, 0, 'bag', 400, 0, 0, 0, 200),
(741, 384, 82, 1, 290, 0, 0, 'bag', 290, 0, 0, 0, 290),
(742, 384, 8, 1, 520, 0, 0, 'bag', 520, 0, 0, 0, 520),
(743, 385, 67, 1, 680, 20.4, 0, 'bag', 680, 3, 0, 0, 680),
(744, 385, 52, 7.98, 203.49, 6.1047, 0, 'kg', 203.49, 3, 0, 0, 25.5),
(745, 386, 182, 1, 284.2, 0, 5.8, 'bag', 290, 0, 2, 0, 290),
(746, 386, 66, 1, 445.9, 0, 9.1, 'bag', 455, 0, 2, 0, 455),
(747, 386, 11, 1, 1176, 0, 24, 'bag', 1200, 0, 2, 0, 1200),
(748, 387, 27, 25, 675, 0, 0, 'kg', 675, 0, 0, 0, 27),
(749, 387, 27, 1, 1060, 0, 0, 'bag', 1060, 0, 0, 0, 1060),
(750, 388, 82, 1, 290, 0, 0, 'bag', 290, 0, 0, 0, 290),
(751, 389, 5, 0, 0, 0, 0, 'kg', 0, 0, 0, 0, 12.5),
(752, 389, 5, 3, 1440, 43.2, 0, 'bag', 1440, 3, 0, 0, 480),
(753, 389, 36, 0, 0, 0, 0, 'kg', 0, 0, 0, 0, 26.5),
(754, 389, 36, 1, 1040, 104, 0, 'bag', 1040, 10, 0, 0, 1040),
(755, 390, 5, 0, 0, 0, 0, 'kg', 0, 0, 0, 0, 12.5),
(756, 390, 5, 2, 960, 28.8, 0, 'bag', 960, 3, 0, 0, 480),
(757, 390, 35, 0, 0, 0, 0, 'kg', 0, 0, 0, 0, 32.5),
(758, 390, 35, 2, 2560, 256, 0, 'bag', 2560, 10, 0, 0, 1280),
(759, 391, 8, 0, 0, 0, 0, 'kg', 0, 0, 0, 0, 13.5),
(760, 391, 8, 6, 3120, 312, 0, 'bag', 3120, 10, 0, 0, 520),
(761, 391, 5, 0, 0, 0, 0, 'kg', 0, 0, 0, 0, 12.5),
(762, 391, 5, 10, 4800, 144, 0, 'bag', 4800, 3, 0, 0, 480),
(763, 392, 5, 0, 0, 0, 0, 'kg', 0, 0, 0, 0, 12.5),
(764, 392, 5, 0, 0, 0, 0, 'bag', 0, 0, 0, 0, 480),
(767, 394, 8, 0, 0, 0, 0, 'kg', 0, 0, 0, 0, 13.5),
(768, 394, 8, 1, 520, 0, 0, 'bag', 520, 0, 0, 0, 520),
(773, 397, 8, 1, 13.5, 0, 0, 'kg', 13.5, 0, 0, 0, 13.5),
(774, 397, 8, 0, 0, 0, 0, 'bag', 0, 0, 0, 0, 520),
(775, 398, 25, 0, 0, 0, 0, 'kg', 0, 0, 0, 0, 24.5),
(776, 398, 25, 100, 96000, 0, 0, 'bag', 96000, 0, 0, 0, 960),
(777, 399, 20, 5, 112.5, 0, 0, 'kg', 112.5, 0, 0, 0, 22.5),
(778, 399, 20, 1, 870, 0, 0, 'bag', 870, 0, 0, 0, 870),
(779, 400, 159, 43, 795.5, 0, 0, 'kg', 795.5, 0, 0, 0, 18.5),
(780, 400, 159, 0, 0, 0, 0, 'bag', 0, 0, 0, 0, 900),
(781, 401, 5, 6, 75, 0, 0, 'kg', 75, 0, 0, 0, 12.5),
(782, 401, 5, 4, 1920, 0, 0, 'bag', 1920, 0, 0, 0, 480),
(783, 402, 8, 7, 94.5, 0, 0, 'kg', 94.5, 0, 0, 0, 13.5),
(784, 402, 8, 0, 0, 0, 0, 'bag', 0, 0, 0, 0, 520),
(789, 405, 5, 4.5, 56.25, 0, 0, 'kg', 56.25, 0, 0, 0, 12.5),
(790, 405, 5, 0, 0, 0, 0, 'bag', 0, 0, 0, 0, 480),
(791, 406, 6, 9, 112.5, 0, 0, 'kg', 112.5, 0, 0, 0, 12.5),
(792, 406, 6, 3, 1440, 0, 0, 'bag', 1440, 0, 0, 0, 480),
(795, 408, 5, 2, 25, 0, 0, 'kg', 25, 0, 0, 0, 12.5),
(796, 408, 5, 0, 0, 0, 0, 'bag', 0, 0, 0, 0, 480),
(797, 409, 5, 20, 244.833, 0, 5, 'kg', 250, 0, 2, 0.166667, 12.5),
(798, 409, 5, 0, -0.166667, 0, 0, 'bag', 0, 0, 0, 0.166667, 480),
(799, 409, 6, 30, 367.833, 0, 7, 'kg', 375, 0, 2, 0.166667, 12.5),
(800, 409, 6, 0, -0.166667, 0, 0, 'bag', 0, 0, 0, 0.166667, 480),
(801, 409, 7, 4, 45.8333, 0, 0, 'kg', 46, 0, 0, 0.166667, 11.5),
(802, 409, 7, 0, -0.166667, 0, 0, 'bag', 0, 0, 0, 0.166667, 440),
(803, 410, 5, 20, 245, 0, 5, 'kg', 250, 0, 2, 0, 12.5),
(804, 410, 5, 0, 0, 0, 0, 'bag', 0, 0, 0, 0, 480),
(805, 410, 36, 10, 260, 0, 5, 'kg', 265, 0, 2, 0, 26.5),
(806, 410, 36, 1, 1020, 0, 20, 'bag', 1040, 0, 2, 0, 1040),
(807, 411, 5, 20, 244.75, 0, 5, 'kg', 250, 0, 2, 0.25, 12.5),
(808, 411, 5, 0, -0.25, 0, 0, 'bag', 0, 0, 0, 0.25, 480),
(809, 411, 29, 10, 274.75, 0, 5, 'kg', 280, 0, 2, 0.25, 28),
(810, 411, 29, 1, 1077.75, 0, 22, 'bag', 1100, 0, 2, 0.25, 1100),
(811, 412, 5, 10, 122.833, 0, 2, 'kg', 125, 0, 2, 0.166667, 12.5),
(812, 412, 5, 0, -0.166667, 0, 0, 'bag', 0, 0, 0, 0.166667, 480),
(813, 412, 6, 5, 62.8333, 0, -0.5, 'kg', 62.5, 0, 0, 0.166667, 12.5),
(814, 412, 6, 0, -0.166667, 0, 0, 'bag', 0, 0, 0, 0.166667, 480),
(815, 412, 7, 6, 68.8333, 0, 0, 'kg', 69, 0, 0, 0.166667, 11.5),
(816, 412, 7, 0, -0.166667, 0, 0, 'bag', 0, 0, 0, 0.166667, 440),
(817, 413, 5, 10, 101.708, 68.6221, 0, 'kg', 125, 3, 0, 23.2917, 12.5),
(818, 413, 5, 0, -23.2917, 64.8721, 0, 'bag', 0, 3, 0, 23.2917, 480),
(819, 413, 6, 5, 39.2083, 66.7471, 0, 'kg', 62.5, 3, 0, 23.2917, 12.5),
(820, 413, 6, 0, -23.2917, 64.8721, 0, 'bag', 0, 3, 0, 23.2917, 480),
(821, 413, 7, 8, 68.7083, 67.6321, 0, 'kg', 92, 3, 0, 23.2917, 11.5),
(822, 413, 7, 0, -23.2917, 64.8721, 0, 'bag', 0, 3, 0, 23.2917, 440),
(823, 414, 5, 8.4, 103, 0, 2, 'kg', 105, 0, 2, 0, 12.5),
(824, 414, 5, 0, 0, 0, 0, 'bag', 0, 0, 0, 0, 480),
(825, 415, 6, 0.416, 175, 79.6459, 0, 'kg', 199.68, 3, 0, 25, 480),
(826, 415, 6, 0, -25, 73.6554, 0, 'bag', 0, 3, 0, 25, 12.5),
(827, 415, 5, 0, -25, 73.6554, 0, 'kg', 0, 3, 0, 25, 480),
(828, 415, 5, 0, -25, 73.6554, 0, 'bag', 0, 3, 0, 25, 12.5),
(829, 416, 131, 0, -150.306, -4.50918, 0, 'kg', 0, 3, 0, 150.306, 65),
(830, 416, 131, 10, 499.694, 14.9908, 0, 'bag', 650, 3, 0, 150.306, 65),
(831, 417, 14, 100, 2244.76, 67.3428, 0, 'kg', 2250, 3, 0, 5.2408, 22.5),
(832, 417, 14, 0, -5.2408, -0.157224, 0, 'bag', 0, 3, 0, 5.2408, 880),
(833, 418, 14, 100, 2216.41, 66.4922, 0, 'kg', 2250, 3, 0, 33.5928, 22.5),
(834, 418, 14, 0, -33.5928, -1.00778, 0, 'bag', 0, 3, 0, 33.5928, 880),
(835, 419, 6, 9.76, 91.5, 3.66, 0, 'kg', 122, 3, 0, 30.5, 12.5),
(836, 419, 6, 0, -30.5, 0, 0, 'bag', 0, 3, 0, 30.5, 480),
(837, 420, 6, 133.28, 1662.84, 49.98, 0, 'kg', 1666, 3, 0, 3.1572, 12.5),
(838, 420, 6, 0, -3.1572, 0, 0, 'bag', 0, 3, 0, 3.1572, 480),
(839, 421, 6, 26.64, 308.105, 9.99, 0, 'kg', 333, 3, 0, 24.8953, 12.5),
(840, 421, 6, 0, -24.8953, 0, 0, 'bag', 0, 3, 0, 24.8953, 480),
(841, 422, 6, 2666.64, 33328.8, 999.99, 0, 'kg', 33333, 3, 0, 4.24814, 12.5),
(842, 422, 6, 0, -4.24814, 0, 0, 'bag', 0, 3, 0, 4.24814, 480),
(843, 423, 6, 8, 99.75, 0, 0, 'kg', 100, 0, 0, 0.25, 12.5),
(844, 423, 6, 0, -0.25, 0, 0, 'bag', 0, 0, 0, 0.25, 480),
(845, 423, 7, 3, 34.75, 0, -0.5, 'kg', 34.5, 0, 0, 0.25, 11.5),
(846, 423, 7, 0, -0.25, 0, 0, 'bag', 0, 0, 0, 0.25, 440),
(847, 424, 6, 8, 83.125, 3, 0, 'kg', 100, 3, 0, 16.875, 12.5),
(848, 424, 6, 0, -16.875, 0, 0, 'bag', 0, 3, 0, 16.875, 480),
(849, 424, 7, 3, 18.125, 1.725, 0, 'kg', 34.5, 5, 0, 16.875, 11.5),
(850, 424, 7, 0, -16.875, 0, 0, 'bag', 0, 5, 0, 16.875, 440),
(851, 425, 6, 8, 83.125, 3, 0, 'kg', 100, 3, 0, 16.875, 12.5),
(852, 425, 6, 0, -16.875, 0, 0, 'bag', 0, 3, 0, 16.875, 480),
(853, 425, 7, 3, 18.125, 1.725, 0, 'kg', 34.5, 5, 0, 16.875, 11.5),
(854, 425, 7, 0, -16.875, 0, 0, 'bag', 0, 5, 0, 16.875, 440),
(855, 426, 27, 0, 0, 0, 0, 'kg', 0, 0, 0, 0, 27),
(856, 426, 27, 1, 1060, 0, 0, 'bag', 1060, 0, 0, 0, 1060),
(859, 428, 40, 0, 0, 0, 0, 'kg', 0, 3, 0, 0, 29.5),
(860, 428, 40, 1, 1160, 34.8, 0, 'bag', 1160, 3, 0, 0, 1160),
(861, 429, 30, 14.084, 500, 14.9995, 0, 'kg', 499.982, 3, 0, 0, 35.5),
(862, 429, 30, 0, 0, 0, 0, 'bag', 0, 3, 0, 0, 1400),
(863, 430, 39, 0, 0, 0, 0, 'kg', 0, 3, 0, 0, 30.5),
(864, 430, 39, 1, 1200, 36, 0, 'bag', 1200, 3, 0, 0, 1200),
(865, 431, 5, 0, 0, 0, 0, 'kg', 0, 3, 0, 0, 12.5),
(866, 431, 5, 2, 960, 28.8, 0, 'bag', 960, 3, 0, 0, 480),
(867, 432, 66, 40.518, 546.993, 0, 0, 'kg', 546.993, 0, 0, 0, 13.5),
(868, 432, 66, 0, 0, 0, 0, 'bag', 0, 0, 0, 0, 455),
(869, 433, 66, 40.518, 537, 0, 9.993, 'kg', 546.993, 0, 2, 0, 13.5),
(870, 433, 66, 0, 0, 0, 0, 'bag', 0, 0, 0, 0, 455),
(873, 435, 6, 15.15, 186, 0, 3.375, 'kg', 189.375, 0, 2, 0, 12.5),
(874, 435, 6, 0, 0, 0, 0, 'bag', 0, 0, 0, 0, 480),
(875, 436, 37, 0, 0, 0, 0, 'kg', 0, 3, 0, 0, 28.5),
(876, 436, 37, 1, 1120, 33.6, 0, 'bag', 1120, 3, 0, 0, 1120),
(877, 436, 67, 0, 0, 0, 0, 'kg', 0, 3, 0, 0, 17.5),
(878, 436, 67, 1, 680, 20.4, 0, 'bag', 680, 3, 0, 0, 680),
(879, 437, 37, 0, 0, 0, 0, 'kg', 0, 3, 0, 0, 28.5),
(880, 437, 37, 1, 1120, 33.6, 0, 'bag', 1120, 3, 0, 0, 1120),
(881, 437, 67, 0, 0, 0, 0, 'kg', 0, 3, 0, 0, 17.5),
(882, 437, 67, 1, 680, 20.4, 0, 'bag', 680, 3, 0, 0, 680),
(883, 438, 6, 0, 0, 0, 0, 'kg', 0, 3, 0, 0, 12.5),
(884, 438, 6, 2, 960, 28.8, 0, 'bag', 960, 3, 0, 0, 480),
(885, 438, 62, 13.793, 200, 5.99997, 0, 'kg', 199.999, 3, 0, 0, 14.5),
(886, 438, 62, 0, 0, 0, 0, 'bag', 0, 3, 0, 0, 560),
(887, 439, 8, 35.185, 475, 14.2499, 0, 'kg', 474.997, 3, 0, 0, 13.5),
(888, 439, 8, 0, 0, 0, 0, 'bag', 0, 3, 0, 0, 520),
(889, 440, 72, 0, 0, 0, 0, 'kg', 0, 3, 0, 0, 10),
(890, 440, 72, 4, 800, 24, 0, 'bag', 800, 3, 0, 0, 200),
(891, 441, 33, 0, 0, 0, 0, 'kg', 0, 3, 0, 0, 32.5),
(892, 441, 33, 1, 1280, 38.4, 0, 'bag', 1280, 3, 0, 0, 1280),
(893, 441, 34, 0, 0, 0, 0, 'kg', 0, 3, 0, 0, 29.5),
(894, 441, 34, 1, 1160, 34.8, 0, 'bag', 1160, 3, 0, 0, 1160),
(895, 442, 6, 246, 3075, 92.25, 0, 'kg', 3075, 3, 0, 0, 12.5),
(896, 442, 6, 0, 0, 0, 0, 'bag', 0, 3, 0, 0, 480),
(897, 443, 5, 52, 650, 19.5, 0, 'kg', 650, 3, 0, 0, 12.5),
(898, 443, 5, 0, 0, 0, 0, 'bag', 0, 3, 0, 0, 480),
(899, 444, 39, 0, 0, 0, 0, 'kg', 0, 0, 0, 0, 30.5),
(900, 444, 39, 2, 2352, 0, 48, 'bag', 2400, 0, 2, 0, 1200),
(901, 444, 72, 0, 0, 0, 0, 'kg', 0, 0, 0, 0, 10),
(902, 444, 72, 1, 196, 0, 4, 'bag', 200, 0, 2, 0, 200),
(905, 446, 66, 0, 0, 0, 0, 'kg', 0, 3, 0, 0, 13.5),
(906, 446, 66, 2, 910, 27.3, 0, 'bag', 910, 3, 0, 0, 455),
(907, 447, 40, 0, 0, 0, 0, 'kg', 0, 0, 0, 0, 29.5),
(908, 447, 40, 2, 2274, 0, 46, 'bag', 2320, 0, 2, 0, 1160),
(909, 448, 27, 20.37, 550, 16.4997, 0, 'kg', 549.99, 3, 0, 0, 27),
(910, 448, 27, 0, 0, 0, 0, 'bag', 0, 3, 0, 0, 1060),
(911, 449, 13, 0, 0, 0, 0, 'kg', 0, 3, 0, 0, 23.5),
(912, 449, 13, 1, 920, 27.6, 0, 'bag', 920, 3, 0, 0, 920),
(915, 451, 13, 12.765, 299.978, 0, 0, 'kg', 299.978, 0, 0, 0, 23.5),
(916, 451, 13, 0, 0, 0, 0, 'bag', 0, 0, 0, 0, 920),
(917, 452, 6, 46.8, 585, 0, 0, 'kg', 585, 0, 0, 0, 12.5),
(918, 452, 6, 0, 0, 0, 0, 'bag', 0, 0, 0, 0, 480),
(921, 454, 13, 0, 0, 0, 0, 'kg', 0, 0, 0, 0, 23.5),
(922, 454, 13, 2, 1840, 0, 0, 'bag', 1840, 0, 0, 0, 920),
(923, 454, 67, 0, 0, 0, 0, 'kg', 0, 0, 0, 0, 17.5),
(924, 454, 67, 1, 680, 0, 0, 'bag', 680, 0, 0, 0, 680),
(925, 455, 6, 48, 588, 0, 12, 'kg', 600, 0, 2, 0, 12.5),
(926, 455, 6, 0, 0, 0, 0, 'bag', 0, 0, 0, 0, 480),
(927, 456, 61, 7.692, 100, 2.99988, 0, 'kg', 99.996, 3, 0, 0, 13),
(928, 456, 61, 0, 0, 0, 0, 'bag', 0, 3, 0, 0, 500),
(929, 457, 212, 0, -1, 0, 0, 'kg', 0, 3, 0, 1.5, 3),
(930, 457, 212, 1, 2, 0.09, 0, 'bag', 3, 3, 0, 1.5, 3),
(931, 458, 10, 19.24, 585, 0, 11.44, 'kg', 596.44, 0, 2, 0, 31),
(932, 458, 10, 0, 0, 0, 0, 'bag', 0, 0, 0, 0, 1220),
(933, 458, 13, 21.96, 506, 0, 10.06, 'kg', 516.06, 0, 2, 0, 23.5),
(934, 458, 13, 0, 0, 0, 0, 'bag', 0, 0, 0, 0, 920),
(935, 459, 27, 0, 0, 0, 0, 'kg', 0, 0, 0, 0, 27),
(936, 459, 27, 4, 4156, 0, 84, 'bag', 4240, 0, 2, 0, 1060),
(937, 460, 69, 0, 0, 0, 0, 'kg', 0, 0, 0, 0, 15),
(938, 460, 69, 1, 435, 0, 0, 'bag', 435, 0, 0, 0, 435),
(941, 462, 7, 0, 0, 0, 0, 'kg', 0, 3, 0, 0, 11.5),
(942, 462, 7, 2, 880, 26.4, 0, 'bag', 880, 3, 0, 0, 440),
(943, 462, 40, 0, 0, 0, 0, 'kg', 0, 3, 0, 0, 29.5),
(944, 462, 40, 1, 1160, 34.8, 0, 'bag', 1160, 3, 0, 0, 1160),
(945, 463, 155, 0, 0, 0, 0, 'kg', 0, 3, 0, 0, 190),
(946, 463, 155, 2, 380, 11.4, 0, 'bag', 380, 3, 0, 0, 190),
(947, 464, 6, 0, 0, 0, 0, 'kg', 0, 0, 0, 0, 12.5),
(948, 464, 6, 5, 2400, 0, 0, 'bag', 2400, 0, 0, 0, 480),
(949, 464, 8, 0, 0, 0, 0, 'kg', 0, 0, 0, 0, 13.5),
(950, 464, 8, 5, 2600, 0, 0, 'bag', 2600, 0, 0, 0, 520),
(951, 464, 37, 0, 0, 0, 0, 'kg', 0, 0, 0, 0, 28.5),
(952, 464, 37, 1, 1120, 0, 0, 'bag', 1120, 0, 0, 0, 1120),
(953, 465, 36, 0, 0, 0, 0, 'kg', 0, 0, 0, 0, 26.5),
(954, 465, 36, 1, 1020, 0, 20, 'bag', 1040, 0, 2, 0, 1040),
(959, 467, 19, 0, 0, 0, 0, 'kg', 0, 3, 0, 0, 21.5),
(960, 467, 19, 2, 1680, 50.4, 0, 'bag', 1680, 3, 0, 0, 840),
(961, 467, 13, 0, 0, 0, 0, 'kg', 0, 3, 0, 0, 23.5),
(962, 467, 13, 1, 920, 27.6, 0, 'bag', 920, 3, 0, 0, 920),
(963, 468, 32, 20.806, 517, 19.3496, 0, 'kg', 644.986, 3, 0, 128.544, 31),
(964, 468, 32, 0, -128, 0, 0, 'bag', 0, 3, 0, 128.544, 1220),
(965, 468, 167, 0, -128, 0, 0, 'kg', 0, 3, 0, 128.544, 17.5),
(966, 468, 167, 1, 467, 17.85, 0, 'bag', 595, 3, 0, 128.544, 595),
(967, 469, 82, 0, 0, 0, 0, 'kg', 0, 3, 0, 0, 290),
(968, 469, 82, 1, 290, 8.7, 0, 'bag', 290, 3, 0, 0, 290),
(969, 469, 66, 0, 0, 0, 0, 'kg', 0, 3, 0, 0, 13.5),
(970, 469, 66, 1, 455, 13.65, 0, 'bag', 455, 3, 0, 0, 455),
(971, 470, 6, 164.64, 2058, 61.74, 0, 'kg', 2058, 3, 0, 0, 12.5),
(972, 470, 6, 0, 0, 0, 0, 'bag', 0, 3, 0, 0, 480),
(973, 471, 6, 0, 0, 0, 0, 'kg', 0, 3, 0, 0, 12.5),
(974, 471, 6, 2, 960, 28.8, 0, 'bag', 960, 3, 0, 0, 480),
(975, 471, 82, 0, 0, 0, 0, 'kg', 0, 3, 0, 0, 290),
(976, 471, 82, 4, 1160, 34.8, 0, 'bag', 1160, 3, 0, 0, 290),
(977, 472, 19, 0, 0, 0, 0, 'kg', 0, 3, 0, 0, 21.5),
(978, 472, 19, 1, 840, 25.2, 0, 'bag', 840, 3, 0, 0, 840),
(979, 473, 29, 0, 0, 0, 0, 'kg', 0, 3, 0, 0, 28),
(980, 473, 29, 1, 1100, 33, 0, 'bag', 1100, 3, 0, 0, 1100),
(981, 473, 36, 0, 0, 0, 0, 'kg', 0, 3, 0, 0, 26.5);
INSERT INTO `shop_client_purchases_history` (`id`, `seller_history_id`, `product_id`, `count`, `sum`, `bonus`, `discount`, `type_product`, `full_sum`, `bonus_percent_value`, `discount_percent_value`, `payment_bonus`, `price_one_count`) VALUES
(982, 473, 36, 1, 1040, 31.2, 0, 'bag', 1040, 3, 0, 0, 1040),
(983, 473, 8, 0, 0, 0, 0, 'kg', 0, 3, 0, 0, 13.5),
(984, 473, 8, 1, 520, 15.6, 0, 'bag', 520, 3, 0, 0, 520),
(985, 473, 66, 0, 0, 0, 0, 'kg', 0, 3, 0, 0, 13.5),
(986, 473, 66, 1, 455, 13.65, 0, 'bag', 455, 3, 0, 0, 455),
(987, 474, 29, 0, 0, 0, 0, 'kg', 0, 3, 0, 0, 28),
(988, 474, 29, 3, 3300, 99, 0, 'bag', 3300, 3, 0, 0, 1100),
(991, 476, 67, 0, 0, 0, 0, 'kg', 0, 3, 0, 0, 17.5),
(992, 476, 67, 1, 680, 20.4, 0, 'bag', 680, 3, 0, 0, 680),
(993, 476, 31, 0, 0, 0, 0, 'kg', 0, 3, 0, 0, 33),
(994, 476, 31, 1, 1300, 39, 0, 'bag', 1300, 3, 0, 0, 1300),
(997, 478, 167, 0, 0, 0, 0, 'kg', 0, 0, 0, 0, 17.5),
(998, 478, 167, 1, 595, 0, 0, 'bag', 595, 0, 0, 0, 595),
(999, 478, 8, 0, 0, 0, 0, 'kg', 0, 0, 0, 0, 13.5),
(1000, 478, 8, 1, 520, 0, 0, 'bag', 520, 0, 0, 0, 520),
(1001, 479, 6, 0, 0, 0, 0, 'kg', 0, 0, 0, 0, 12.5),
(1002, 479, 6, 1, 480, 0, 0, 'bag', 480, 0, 0, 0, 480),
(1003, 480, 55, 21, 414, 13.86, 0, 'kg', 462, 3, 0, 48.0285, 22),
(1004, 480, 55, 0, -48, 0, 0, 'bag', 0, 3, 0, 48.0285, 535),
(1007, 482, 66, 0, 0, 0, 0, 'kg', 0, 3, 0, 0, 13.5),
(1008, 482, 66, 1, 455, 13.65, 0, 'bag', 455, 3, 0, 0, 455),
(1011, 484, 13, 0, 0, 0, 0, 'kg', 0, 3, 0, 0, 23.5),
(1012, 484, 13, 1, 920, 27.6, 0, 'bag', 920, 3, 0, 0, 920),
(1013, 485, 40, 0, 0, 0, 0, 'kg', 0, 3, 0, 0, 29.5),
(1014, 485, 40, 1, 1160, 34.8, 0, 'bag', 1160, 3, 0, 0, 1160),
(1015, 485, 82, 0, 0, 0, 0, 'kg', 0, 3, 0, 0, 290),
(1016, 485, 82, 2, 580, 17.4, 0, 'bag', 580, 3, 0, 0, 290),
(1017, 486, 72, 0, 0, 0, 0, 'kg', 0, 3, 0, 0, 10),
(1018, 486, 72, 3, 600, 18, 0, 'bag', 600, 3, 0, 0, 200),
(1019, 486, 66, 0, 0, 0, 0, 'kg', 0, 3, 0, 0, 13.5),
(1020, 486, 66, 1, 455, 13.65, 0, 'bag', 455, 3, 0, 0, 455),
(1021, 487, 34, 0, 0, 0, 0, 'kg', 0, 3, 0, 0, 29.5),
(1022, 487, 34, 1, 1160, 34.8, 0, 'bag', 1160, 3, 0, 0, 1160),
(1023, 488, 72, 26.5, 265, 7.95, 0, 'kg', 265, 3, 0, 0, 10),
(1024, 488, 72, 0, 0, 0, 0, 'bag', 0, 3, 0, 0, 200),
(1025, 489, 222, 29.565, 340, 10.1999, 0, 'kg', 339.997, 3, 0, 0, 11.5),
(1026, 489, 222, 0, 0, 0, 0, 'bag', 0, 3, 0, 0, 440),
(1027, 489, 8, 20.74, 280, 8.3997, 0, 'kg', 279.99, 3, 0, 0, 13.5),
(1028, 489, 8, 0, 0, 0, 0, 'bag', 0, 3, 0, 0, 520),
(1029, 489, 32, 0, 0, 0, 0, 'kg', 0, 3, 0, 0, 31),
(1030, 489, 32, 175, 213500, 6405, 0, 'bag', 213500, 3, 0, 0, 1220),
(1031, 490, 37, 0, 0, 0, 0, 'kg', 0, 3, 0, 0, 28.5),
(1032, 490, 37, 1, 1120, 33.6, 0, 'bag', 1120, 3, 0, 0, 1120),
(1033, 490, 73, 80, 1080, 32.4, 0, 'kg', 1080, 3, 0, 0, 13.5),
(1034, 490, 73, 0, 0, 0, 0, 'bag', 0, 3, 0, 0, 520),
(1037, 492, 7, 0, 0, 0, 0, 'kg', 0, 3, 0, 0, 11.5),
(1038, 492, 7, 2, 880, 26.4, 0, 'bag', 880, 3, 0, 0, 440),
(1039, 493, 82, 0, 0, 0, 0, 'kg', 0, 0, 0, 0, 290),
(1040, 493, 82, 1, 290, 0, 0, 'bag', 290, 0, 0, 0, 290),
(1041, 493, 72, 0, 0, 0, 0, 'kg', 0, 0, 0, 0, 10),
(1042, 493, 72, 30, 6000, 0, 0, 'bag', 6000, 0, 0, 0, 200),
(1047, 495, 17, 0, 0, 0, 0, 'kg', 0, 3, 0, 0, 27.5),
(1048, 495, 17, 1, 1070, 32.1, 0, 'bag', 1070, 3, 0, 0, 1070),
(1049, 495, 18, 0, 0, 0, 0, 'kg', 0, 3, 0, 0, 22),
(1050, 495, 18, 1, 860, 25.8, 0, 'bag', 860, 3, 0, 0, 860),
(1051, 496, 72, 61, 610, 18.3, 0, 'kg', 610, 3, 0, 0, 10),
(1052, 496, 72, 0, 0, 0, 0, 'bag', 0, 3, 0, 0, 200),
(1053, 497, 6, 0, 0, 0, 0, 'kg', 0, 3, 0, 0, 12.5),
(1054, 497, 6, 1, 480, 14.4, 0, 'bag', 480, 3, 0, 0, 480),
(1055, 498, 65, 0, 0, 0, 0, 'kg', 0, 0, 0, 0, 15.5),
(1056, 498, 65, 2, 900, 0, 0, 'bag', 900, 0, 0, 0, 450),
(1057, 498, 6, 0, 0, 0, 0, 'kg', 0, 0, 0, 0, 12.5),
(1058, 498, 6, 1, 480, 0, 0, 'bag', 480, 0, 0, 0, 480),
(1059, 498, 82, 0, 0, 0, 0, 'kg', 0, 0, 0, 0, 290),
(1060, 498, 82, 1, 290, 0, 0, 'bag', 290, 0, 0, 0, 290),
(1061, 498, 30, 0, 0, 0, 0, 'kg', 0, 0, 0, 0, 35.5),
(1062, 498, 30, 1, 1400, 0, 0, 'bag', 1400, 0, 0, 0, 1400),
(1063, 499, 30, 0, 0, 0, 0, 'kg', 0, 0, 0, 0, 35.5),
(1064, 499, 30, 1, 1400, 0, 0, 'bag', 1400, 0, 0, 0, 1400),
(1065, 500, 52, 0.039, 0.9945, 0, 0, 'kg', 0.9945, 0, 0, 0, 25.5),
(1066, 500, 52, 0, 0, 0, 0, 'bag', 0, 0, 0, 0, 620),
(1067, 500, 35, 1.538, 49.985, 0, 0, 'kg', 49.985, 0, 0, 0, 32.5),
(1068, 500, 35, 0, 0, 0, 0, 'bag', 0, 0, 0, 0, 1280),
(1069, 500, 27, 12.962, 349.974, 0, 0, 'kg', 349.974, 0, 0, 0, 27),
(1070, 500, 27, 0, 0, 0, 0, 'bag', 0, 0, 0, 0, 1060),
(1071, 500, 167, 17.142, 299.985, 0, 0, 'kg', 299.985, 0, 0, 0, 17.5),
(1072, 500, 167, 0, 0, 0, 0, 'bag', 0, 0, 0, 0, 595);

-- --------------------------------------------------------

--
-- Структура таблицы `shop_links_percentage_sum_sale`
--

CREATE TABLE `shop_links_percentage_sum_sale` (
  `id` int(11) NOT NULL,
  `percent` float NOT NULL,
  `sum_sale` float DEFAULT '0',
  `type` varchar(255) NOT NULL
) ENGINE=InnoDB DEFAULT CHARSET=utf8;

--
-- Дамп данных таблицы `shop_links_percentage_sum_sale`
--

INSERT INTO `shop_links_percentage_sum_sale` (`id`, `percent`, `sum_sale`, `type`) VALUES
(7, 3, 0, 'bonus'),
(9, 5, 50000, 'bonus'),
(10, 7, 150000, 'bonus'),
(11, 10, 400000, 'bonus'),
(12, 2, 0, 'discount'),
(13, 4, 50000, 'discount'),
(14, 6, 100000, 'discount'),
(15, 8, 200000, 'discount'),
(16, 10, 400000, 'discount');

-- --------------------------------------------------------

--
-- Структура таблицы `shop_links_seller_shop`
--

CREATE TABLE `shop_links_seller_shop` (
  `id` int(11) NOT NULL,
  `shop_id` int(11) NOT NULL,
  `user_id` int(11) NOT NULL
) ENGINE=InnoDB DEFAULT CHARSET=utf8;

--
-- Дамп данных таблицы `shop_links_seller_shop`
--

INSERT INTO `shop_links_seller_shop` (`id`, `shop_id`, `user_id`) VALUES
(1, 1, 2),
(3, 3, 14),
(4, 4, 112);

-- --------------------------------------------------------

--
-- Структура таблицы `shop_seller_history`
--

CREATE TABLE `shop_seller_history` (
  `id` int(11) NOT NULL,
  `seller_user_id` int(11) DEFAULT NULL,
  `status` varchar(20) NOT NULL,
  `client_user_id` int(11) DEFAULT NULL,
  `card_id` int(11) DEFAULT NULL,
  `card_type` varchar(10) DEFAULT NULL,
  `date` timestamp NULL DEFAULT NULL,
  `code` int(11) DEFAULT NULL,
  `total_sum` float DEFAULT '0',
  `payment_bonus` float DEFAULT '0',
  `pay_method` varchar(10) DEFAULT NULL,
  `total_bonuses_sum` float DEFAULT NULL,
  `total_discount_sum` float DEFAULT NULL,
  `full_sum` float DEFAULT '0',
  `shop_id` int(11) NOT NULL,
  `total_sale_kg` float DEFAULT '0'
) ENGINE=InnoDB DEFAULT CHARSET=utf8;

--
-- Дамп данных таблицы `shop_seller_history`
--

INSERT INTO `shop_seller_history` (`id`, `seller_user_id`, `status`, `client_user_id`, `card_id`, `card_type`, `date`, `code`, `total_sum`, `payment_bonus`, `pay_method`, `total_bonuses_sum`, `total_discount_sum`, `full_sum`, `shop_id`, `total_sale_kg`) VALUES
(2, 9, 'good', 4, 1, 'bonus', '2017-06-15 12:15:08', 10002, 2572.5, 0, 'cash', 77.175, 0, 2572.5, 2, 0),
(3, 9, 'good', 5, 2, 'discount', '2017-06-15 12:20:21', 10003, 2659.2, 0, 'cash', 0, 220.8, 2880, 2, 0),
(4, 9, 'good', NULL, NULL, NULL, '2017-06-15 12:27:53', 10004, 1275, 0, 'cash', NULL, NULL, 1275, 2, 0),
(5, 9, 'good', 5, 2, 'discount', '2017-06-15 12:32:21', 10005, 2421, 0, 'cash', 0, 269, 2690, 2, 0),
(6, 9, 'good', 11, 6, 'discount', '2017-06-20 06:27:57', 10006, 1464.7, 0, 'cash', 0, 45.3, 1510, 2, NULL),
(7, 2, 'good', NULL, NULL, NULL, '2017-06-20 07:23:54', 10007, 130, 0, 'cash', NULL, NULL, 130, 1, 10),
(9, 9, 'good', 11, 6, 'discount', '2017-06-20 13:06:15', 10009, 2808, 0, 'cash', 0, 312, 3120, 2, 25),
(10, 9, 'good', NULL, NULL, NULL, '2017-06-20 13:14:15', 10010, 737.5, 0, 'cash', NULL, NULL, 737.5, 2, 25),
(11, 9, 'good', 11, 6, 'discount', '2017-06-21 05:27:19', 10011, 497.125, 0, 'cash', 0, 15.375, 512.5, 2, 1),
(12, 14, 'good', NULL, NULL, NULL, '2017-06-22 14:00:14', 10012, 1200, 0, 'cash', NULL, NULL, 1200, 3, 0),
(13, 14, 'good', NULL, NULL, NULL, '2017-06-22 14:03:31', 10013, 270, 0, 'cash', NULL, NULL, 270, 3, 20),
(15, 14, 'good', NULL, NULL, NULL, '2017-06-22 14:09:17', 10015, 164.7, 0, 'cash', NULL, NULL, 164.7, 3, 6.1),
(19, 14, 'good', NULL, NULL, NULL, '2017-06-23 05:14:57', 10019, 501.15, 0, 'cash', NULL, NULL, 501.15, 3, 31.9),
(20, 14, 'good', NULL, NULL, NULL, '2017-06-23 05:17:01', 10020, 290.4, 0, 'cash', NULL, NULL, 290.4, 3, 19.36),
(21, 14, 'cancel', NULL, NULL, NULL, NULL, NULL, 480, 0, NULL, NULL, NULL, 480, 3, 0),
(23, 14, 'good', NULL, NULL, NULL, '2017-06-23 05:41:01', 10023, 1048.62, 0, 'cash', NULL, NULL, 1048.62, 3, 11.06),
(25, 14, 'good', NULL, NULL, NULL, '2017-06-23 05:43:57', 10025, 864.33, 0, 'cash', NULL, NULL, 864.33, 3, 26.92),
(26, 14, 'good', NULL, NULL, NULL, '2017-06-23 05:50:30', 10026, 599.93, 0, 'cash', NULL, NULL, 599.93, 3, 19.66),
(27, 14, 'good', NULL, NULL, NULL, '2017-06-23 05:51:19', 10027, 667.82, 0, 'cash', NULL, NULL, 667.82, 3, 21.22),
(30, 14, 'good', NULL, NULL, NULL, '2017-06-23 05:57:17', 10030, 1440, 0, 'cash', NULL, NULL, 1440, 3, 0),
(31, 14, 'good', NULL, NULL, NULL, '2017-06-23 05:59:51', 10031, 482.8, 0, 'cash', NULL, NULL, 482.8, 3, 13.6),
(32, 14, 'good', NULL, NULL, NULL, '2017-06-23 06:04:23', 10032, 386.3, 0, 'cash', NULL, NULL, 386.3, 3, 12.6),
(35, 14, 'good', NULL, NULL, NULL, '2017-06-23 06:15:08', 10035, 928.56, 0, 'cash', NULL, NULL, 928.56, 3, 36.94),
(36, 14, 'good', NULL, NULL, NULL, '2017-06-23 06:19:35', 10036, 580, 0, 'cash', NULL, NULL, 580, 3, 0),
(39, 14, 'good', NULL, NULL, NULL, '2017-06-23 06:34:53', 10039, 516.18, 0, 'cash', NULL, NULL, 516.18, 3, 31.46),
(40, 14, 'good', NULL, NULL, NULL, '2017-06-23 06:40:06', 10040, 236.25, 0, 'cash', NULL, NULL, 236.25, 3, 17.5),
(41, 14, 'good', NULL, NULL, NULL, '2017-06-23 06:44:00', 10041, 2770.2, 0, 'cash', NULL, NULL, 2770.2, 3, 10.16),
(43, 14, 'good', NULL, NULL, NULL, '2017-06-23 07:04:48', 10043, 5390, 0, 'cash', NULL, NULL, 5390, 3, 0),
(44, 14, 'good', NULL, NULL, NULL, '2017-06-23 09:34:21', 10044, 450, 0, 'cash', NULL, NULL, 450, 3, 0),
(45, 14, 'good', NULL, NULL, NULL, '2017-06-23 09:35:45', 10045, 523.675, 0, 'cash', NULL, NULL, 523.675, 3, 29.25),
(46, 14, 'good', NULL, NULL, NULL, '2017-06-23 09:42:45', 10046, 200.94, 0, 'cash', NULL, NULL, 200.94, 3, 7.88),
(48, 14, 'good', NULL, NULL, NULL, '2017-06-23 10:44:30', 10048, 599.85, 0, 'cash', NULL, NULL, 599.85, 3, 5.55),
(49, 14, 'good', NULL, NULL, NULL, '2017-06-23 11:55:49', 10049, 620, 0, 'cash', NULL, NULL, 620, 3, 0),
(50, 14, 'good', NULL, NULL, NULL, '2017-06-23 13:32:06', 10050, 123.48, 0, 'cash', NULL, NULL, 123.48, 3, 3.92),
(52, 14, 'good', NULL, NULL, NULL, '2017-06-23 13:55:17', 10052, 7540, 0, 'cash', NULL, NULL, 7540, 3, 20),
(53, 14, 'good', NULL, NULL, NULL, '2017-06-23 13:58:10', 10053, 720, 0, 'cash', NULL, NULL, 720, 3, 0),
(54, 14, 'good', NULL, NULL, NULL, '2017-06-23 14:43:36', 10054, 1120, 0, 'cash', NULL, NULL, 1120, 3, 0),
(55, 14, 'good', 17, 15, 'bonus', '2017-06-24 05:38:27', 10055, 769.99, 0, 'cash', 23.0997, 0, 769.99, 3, 1.98),
(56, 14, 'good', 30, 17, 'discount', '2017-06-24 07:50:33', 10056, 1176, 0, 'cash', 0, 24, 1200, 3, 0),
(58, 14, 'good', NULL, NULL, NULL, '2017-06-24 10:01:31', 10058, 1195.28, 0, 'cash', NULL, NULL, 1195.28, 3, 21.06),
(59, 14, 'good', NULL, NULL, NULL, '2017-06-24 10:06:52', 10059, 1250, 0, 'cash', NULL, NULL, 1250, 3, 0),
(60, 14, 'good', NULL, NULL, NULL, '2017-06-24 10:12:40', 10060, 222.3, 0, 'cash', NULL, NULL, 222.3, 3, 7.8),
(61, 14, 'good', 20, 38, 'bonus', '2017-06-24 11:07:44', 10061, 1350, 0, 'cash', 40.5, 0, 1350, 3, 0),
(62, 14, 'good', 18, 37, 'bonus', '2017-06-24 11:56:36', 10062, 2800, 0, 'cash', 84, 0, 2800, 3, 0),
(63, 14, 'good', 18, 37, 'bonus', '2017-06-24 12:06:12', 10063, 850.54, 0, 'cash', 25.5162, 0, 850.54, 3, 35.12),
(64, 14, 'good', NULL, NULL, NULL, '2017-06-25 06:01:17', 10064, 960, 0, 'cash', NULL, NULL, 960, 3, 0),
(65, 14, 'good', NULL, NULL, NULL, '2017-06-25 06:01:47', 10065, 16, 0, 'cash', NULL, NULL, 16, 3, 2),
(66, 14, 'good', NULL, NULL, NULL, '2017-06-25 06:06:54', 10066, 2020, 0, 'cash', NULL, NULL, 2020, 3, 0),
(67, 14, 'good', NULL, NULL, NULL, '2017-06-25 06:09:26', 10067, 130, 0, 'cash', NULL, NULL, 130, 3, 0),
(68, 14, 'good', NULL, NULL, NULL, '2017-06-25 06:53:48', 10068, 400, 0, 'cash', NULL, NULL, 400, 3, 20),
(69, 14, 'good', NULL, NULL, NULL, '2017-06-25 06:54:14', 10069, 1360, 0, 'cash', NULL, NULL, 1360, 3, 0),
(70, 14, 'good', NULL, NULL, NULL, '2017-06-25 06:55:28', 10070, 960, 0, 'cash', NULL, NULL, 960, 3, 0),
(71, 14, 'good', NULL, NULL, NULL, '2017-06-25 07:01:01', 10071, 1821, 0, 'cash', NULL, NULL, 1821, 3, 21),
(72, 14, 'good', NULL, NULL, NULL, '2017-06-25 07:02:23', 10072, 201.6, 0, 'cash', NULL, NULL, 201.6, 3, 10.98),
(73, 14, 'good', NULL, NULL, NULL, '2017-06-25 07:03:01', 10073, 442.5, 0, 'cash', NULL, NULL, 442.5, 3, 15),
(76, 14, 'good', NULL, NULL, NULL, '2017-06-25 07:12:55', 10076, 1220, 0, 'cash', NULL, NULL, 1220, 3, 0),
(77, 14, 'good', NULL, NULL, NULL, '2017-06-25 07:21:39', 10077, 960, 0, 'cash', NULL, NULL, 960, 3, 0),
(78, 14, 'good', NULL, NULL, NULL, '2017-06-25 07:22:08', 10078, 480, 0, 'cash', NULL, NULL, 480, 3, 0),
(79, 14, 'good', NULL, NULL, NULL, '2017-06-25 08:08:41', 10079, 1680, 0, 'cash', NULL, NULL, 1680, 3, 0),
(80, 14, 'good', NULL, NULL, NULL, '2017-06-25 08:38:28', 10080, 929.5, 0, 'cash', NULL, NULL, 929.5, 3, 46),
(81, 14, 'good', NULL, NULL, NULL, '2017-06-25 08:39:00', 10081, 1040, 0, 'cash', NULL, NULL, 1040, 3, 0),
(82, 14, 'good', NULL, NULL, NULL, '2017-06-25 08:40:33', 10082, 570.25, 0, 'cash', NULL, NULL, 570.25, 3, 17.3),
(83, 14, 'good', NULL, NULL, NULL, '2017-06-25 08:41:09', 10083, 378, 0, 'cash', NULL, NULL, 378, 3, 21),
(84, 14, 'good', NULL, NULL, NULL, '2017-06-25 08:43:12', 10084, 480, 0, 'cash', NULL, NULL, 480, 3, 0),
(85, 14, 'good', NULL, NULL, NULL, '2017-06-25 08:58:01', 10085, 460, 0, 'cash', NULL, NULL, 460, 3, 20),
(86, 14, 'good', NULL, NULL, NULL, '2017-06-25 08:59:06', 10086, 1655, 0, 'cash', NULL, NULL, 1655, 3, 15),
(87, 14, 'good', NULL, NULL, NULL, '2017-06-25 09:00:11', 10087, 705, 0, 'cash', NULL, NULL, 705, 3, 10),
(89, 14, 'good', NULL, NULL, NULL, '2017-06-25 09:14:28', 10089, 2120, 0, 'cash', NULL, NULL, 2120, 3, 0),
(90, 14, 'good', NULL, NULL, NULL, '2017-06-25 09:16:25', 10090, 1011.5, 0, 'cash', NULL, NULL, 1011.5, 3, 43),
(91, 14, 'good', NULL, NULL, NULL, '2017-06-25 09:35:14', 10091, 960, 0, 'cash', NULL, NULL, 960, 3, 0),
(92, 14, 'good', NULL, NULL, NULL, '2017-06-25 10:34:21', 10092, 1040, 0, 'cash', NULL, NULL, 1040, 3, 0),
(93, 14, 'good', NULL, NULL, NULL, '2017-06-25 10:35:09', 10093, 2760, 0, 'cash', NULL, NULL, 2760, 3, 0),
(95, 14, 'good', NULL, NULL, NULL, '2017-06-26 05:30:43', 10095, 1660, 0, 'cash', NULL, NULL, 1660, 3, 0),
(96, 14, 'good', NULL, NULL, NULL, '2017-06-26 05:33:45', 10096, 192, 0, 'cash', NULL, NULL, 192, 3, 6),
(97, 14, 'good', NULL, NULL, NULL, '2017-06-26 05:53:47', 10097, 125, 0, 'cash', NULL, NULL, 125, 3, 10),
(98, 14, 'good', NULL, NULL, NULL, '2017-06-26 05:57:32', 10098, 1500, 0, 'cash', NULL, NULL, 1500, 3, 0),
(99, 14, 'good', NULL, NULL, NULL, '2017-06-26 05:58:02', 10099, 1070, 0, 'cash', NULL, NULL, 1070, 3, 0),
(100, 14, 'good', NULL, NULL, NULL, '2017-06-26 06:07:53', 10100, 910, 0, 'cash', NULL, NULL, 910, 3, 30),
(101, 14, 'good', NULL, NULL, NULL, '2017-06-26 06:16:34', 10101, 589.15, 0, 'cash', NULL, NULL, 589.15, 3, 20.3),
(102, 14, 'good', 40, 52, 'discount', '2017-06-26 08:42:52', 10102, 306.838, 0, 'cash', 0, 6.262, 313.1, 3, 10.1),
(103, 14, 'good', NULL, NULL, NULL, '2017-06-26 08:56:31', 10103, 405, 0, 'cash', NULL, NULL, 405, 3, 15),
(104, 14, 'good', NULL, NULL, NULL, '2017-06-26 08:58:14', 10104, 942.15, 0, 'cash', NULL, NULL, 942.15, 3, 29),
(105, 14, 'good', NULL, NULL, NULL, '2017-06-26 09:04:32', 10105, 1932.09, 0, 'cash', NULL, NULL, 1932.09, 3, 8.67),
(106, 14, 'good', NULL, NULL, NULL, '2017-06-26 09:05:01', 10106, 400, 0, 'cash', NULL, NULL, 400, 3, 0),
(108, 14, 'good', NULL, NULL, NULL, '2017-06-26 09:06:03', 10108, 105, 0, 'cash', NULL, NULL, 105, 3, 8),
(109, 14, 'good', NULL, NULL, NULL, '2017-06-26 09:24:28', 10109, 400, 0, 'cash', NULL, NULL, 400, 3, 0),
(110, 14, 'good', NULL, NULL, NULL, '2017-06-26 09:39:52', 10110, 689.4, 0, 'cash', NULL, NULL, 689.4, 3, 10.8),
(111, 14, 'good', NULL, NULL, NULL, '2017-06-26 09:46:00', 10111, 730.25, 0, 'cash', NULL, NULL, 730.25, 3, 7.7),
(112, 14, 'good', NULL, NULL, NULL, '2017-06-26 09:50:48', 10112, 190, 0, 'cash', NULL, NULL, 190, 3, 0),
(113, 14, 'good', NULL, NULL, NULL, '2017-06-26 10:03:28', 10113, 2440, 0, 'cash', NULL, NULL, 2440, 3, 0),
(114, 14, 'good', 29, 13, 'discount', '2017-06-26 10:58:26', 10114, 196.862, 0, 'cash', 0, 4.0176, 200.88, 3, 7.68),
(115, 14, 'good', NULL, NULL, NULL, '2017-06-26 11:32:29', 10115, 1440, 0, 'cash', NULL, NULL, 1440, 3, 0),
(116, 14, 'good', NULL, NULL, NULL, '2017-06-26 11:33:50', 10116, 980, 0, 'cash', NULL, NULL, 980, 3, 0),
(117, 14, 'good', NULL, NULL, NULL, '2017-06-26 11:35:16', 10117, 865, 0, 'cash', NULL, NULL, 865, 3, 10),
(118, 14, 'good', NULL, NULL, NULL, '2017-06-26 11:40:02', 10118, 1440, 0, 'cash', NULL, NULL, 1440, 3, 0),
(119, 14, 'good', NULL, NULL, NULL, '2017-06-26 12:00:38', 10119, 1431.05, 0, 'cash', NULL, NULL, 1431.05, 3, 9.3),
(120, 14, 'good', NULL, NULL, NULL, '2017-06-26 12:10:37', 10120, 1640, 0, 'cash', NULL, NULL, 1640, 3, 0),
(121, 14, 'good', NULL, NULL, NULL, '2017-06-26 12:11:14', 10121, 282, 0, 'cash', NULL, NULL, 282, 3, 4),
(122, 14, 'good', NULL, NULL, NULL, '2017-06-26 12:25:29', 10122, 450, 0, 'cash', NULL, NULL, 450, 3, 0),
(124, 14, 'good', 50, 43, 'discount', '2017-06-26 14:23:01', 10124, 374.36, 0, 'cash', 0, 7.64, 382, 3, 11.6),
(125, 14, 'cancel', NULL, NULL, NULL, NULL, NULL, 3080, 0, NULL, NULL, NULL, 3080, 3, 0),
(126, 14, 'good', NULL, NULL, NULL, '2017-06-26 14:33:58', 10126, 100, 0, 'cash', NULL, NULL, 100, 3, 0),
(127, 14, 'good', NULL, NULL, NULL, '2017-06-26 14:53:51', 10127, 190.25, 0, 'cash', NULL, NULL, 190.25, 3, 6.5),
(128, 14, 'good', NULL, NULL, NULL, '2017-06-26 14:56:04', 10128, 625, 0, 'cash', NULL, NULL, 625, 3, 0),
(129, 14, 'good', NULL, NULL, NULL, '2017-06-27 05:14:44', 10129, 282, 0, 'cash', NULL, NULL, 282, 3, 12),
(133, 14, 'good', NULL, NULL, NULL, '2017-06-27 11:01:47', 10133, 300, 0, 'cash', NULL, NULL, 300, 3, 15),
(134, 14, 'good', NULL, NULL, NULL, '2017-06-27 12:27:16', 10134, 6850, 0, 'cash', NULL, NULL, 6850, 3, 0),
(136, 14, 'good', NULL, NULL, NULL, '2017-06-27 12:49:34', 10136, 5040, 0, 'cash', NULL, NULL, 5040, 3, 0),
(137, 14, 'good', NULL, NULL, NULL, '2017-06-27 13:35:03', 10137, 2540, 0, 'cash', NULL, NULL, 2540, 3, 0),
(138, 14, 'good', 28, 19, 'bonus', '2017-06-27 14:05:00', 10138, 313.2, 0, 'non-cash', 9.396, 0, 313.2, 3, 15.66),
(139, 14, 'good', NULL, NULL, NULL, '2017-06-27 14:07:30', 10139, 520, 0, 'cash', NULL, NULL, 520, 3, 0),
(140, 14, 'good', NULL, NULL, NULL, '2017-06-27 14:32:15', 10140, 1455, 0, 'cash', NULL, NULL, 1455, 3, 0),
(141, 14, 'good', 72, 65, 'bonus', '2017-06-28 09:02:22', 10141, 680, 0, 'cash', 20.4, 0, 680, 3, 0),
(142, 14, 'good', 26, 33, 'discount', '2017-06-28 09:24:55', 10142, 666.4, 0, 'cash', 0, 13.6, 680, 3, 0),
(144, 14, 'good', NULL, NULL, NULL, '2017-06-28 10:12:09', 10144, 450, 0, 'cash', NULL, NULL, 450, 3, 0),
(145, 14, 'good', NULL, NULL, NULL, '2017-06-28 11:27:53', 10145, 6043, 0, 'cash', NULL, NULL, 6043, 3, 2),
(146, 14, 'good', 42, 53, 'bonus', '2017-06-28 11:37:17', 10146, 8570, 0, 'cash', 257.1, 0, 8570, 3, 0),
(148, 14, 'good', 15, 57, 'bonus', '2017-06-28 14:21:24', 10148, 1222.3, 0, 'cash', 36.669, 0, 1222.3, 3, 14.6),
(150, 14, 'good', 48, 41, 'bonus', '2017-06-29 05:13:42', 10150, 1200, 0, 'non-cash', 36, 0, 1200, 3, 0),
(151, 14, 'good', 48, 41, 'bonus', '2017-06-29 05:14:39', 10151, 1220, 0, 'cash', 36.6, 0, 1220, 3, 0),
(152, 14, 'good', 48, 41, 'bonus', '2017-06-29 05:16:36', 10152, 318.6, 0, 'cash', 9.558, 0, 318.6, 3, 10.8),
(153, 14, 'good', NULL, NULL, NULL, '2017-06-29 05:21:57', 10153, 900, 0, 'cash', NULL, NULL, 900, 3, 0),
(154, 14, 'cancel', NULL, NULL, NULL, NULL, NULL, 650, 0, NULL, NULL, NULL, 650, 3, 10.4),
(155, 14, 'good', 43, 23, 'bonus', '2017-06-29 05:30:39', 10155, 1360, 0, 'cash', 40.8, 0, 1360, 3, 0),
(156, 14, 'good', NULL, NULL, NULL, '2017-06-29 07:11:50', 10156, 600, 0, 'cash', NULL, NULL, 600, 3, 0),
(157, 14, 'good', 31, 18, 'bonus', '2017-06-29 08:15:13', 10157, 2510, 0, 'cash', 75.3, 0, 2510, 3, 0),
(158, 14, 'good', 21, 24, 'bonus', '2017-06-29 11:17:27', 10158, 150.06, 0, 'cash', 4.5018, 0, 150.06, 3, 4.92),
(159, 14, 'good', NULL, NULL, NULL, '2017-06-29 12:27:08', 10159, 1411.73, 0, 'cash', NULL, NULL, 1411.73, 3, 6.26),
(160, 14, 'good', NULL, NULL, NULL, '2017-06-29 13:02:43', 10160, 629.85, 0, 'cash', NULL, NULL, 629.85, 3, 32.3),
(162, 14, 'good', 46, 47, 'bonus', '2017-06-29 13:10:17', 10162, 331.55, 0, 'cash', 9.9465, 0, 331.55, 3, 10.7),
(163, 14, 'good', NULL, NULL, NULL, '2017-06-29 13:47:46', 10163, 1040, 0, 'cash', NULL, NULL, 1040, 3, 0),
(164, 14, 'good', NULL, NULL, NULL, '2017-06-29 13:51:05', 10164, 2094.4, 0, 'cash', NULL, NULL, 2094.4, 3, 10.8),
(165, 14, 'good', NULL, NULL, NULL, '2017-06-29 13:52:30', 10165, 3299.96, 0, 'cash', NULL, NULL, 3299.96, 3, 25.88),
(166, 14, 'good', NULL, NULL, NULL, '2017-06-29 13:54:37', 10166, 1555, 0, 'cash', NULL, NULL, 1555, 3, 10),
(167, 14, 'good', NULL, NULL, NULL, '2017-06-29 13:57:51', 10167, 2445, 0, 'cash', NULL, NULL, 2445, 3, 10.4),
(168, 14, 'good', NULL, NULL, NULL, '2017-06-29 14:05:33', 10168, 200, 0, 'cash', NULL, NULL, 200, 3, 10),
(169, 14, 'good', NULL, NULL, NULL, '2017-06-29 14:06:00', 10169, 1200, 0, 'cash', NULL, NULL, 1200, 3, 0),
(170, 14, 'good', NULL, NULL, NULL, '2017-06-30 05:12:47', 10170, 2020.3, 0, 'cash', NULL, NULL, 2020.3, 3, 25.9),
(171, 14, 'good', NULL, NULL, NULL, '2017-06-30 05:27:18', 10171, 329.25, 0, 'cash', NULL, NULL, 329.25, 3, 10),
(172, 14, 'good', NULL, NULL, NULL, '2017-06-30 05:27:45', 10172, 407, 0, 'cash', NULL, NULL, 407, 3, 22),
(173, 14, 'good', NULL, NULL, NULL, '2017-06-30 05:33:39', 10173, 1120, 0, 'cash', NULL, NULL, 1120, 3, 0),
(174, 14, 'good', NULL, NULL, NULL, '2017-06-30 05:45:59', 10174, 1070, 0, 'cash', NULL, NULL, 1070, 3, 0),
(175, 14, 'good', NULL, NULL, NULL, '2017-06-30 05:46:56', 10175, 197.5, 0, 'cash', NULL, NULL, 197.5, 3, 8),
(176, 14, 'good', 37, 56, 'discount', '2017-06-30 06:00:30', 10176, 592.704, 0, 'non-cash', 0, 12.096, 604.8, 3, 44.8),
(177, 14, 'good', 82, 97, 'bonus', '2017-06-30 06:28:14', 10177, 5150, 0, 'cash', 154.5, 0, 5150, 3, 0),
(178, 14, 'good', 79, 98, 'discount', '2017-06-30 06:45:48', 10178, 2077.6, 0, 'cash', 0, 42.4, 2120, 3, 0),
(179, 14, 'good', NULL, NULL, NULL, '2017-06-30 07:19:48', 10179, 2480, 0, 'cash', NULL, NULL, 2480, 3, 0),
(180, 14, 'good', NULL, NULL, NULL, '2017-06-30 07:36:24', 10180, 2875, 0, 'cash', NULL, NULL, 2875, 3, 0),
(181, 14, 'good', 22, 25, 'bonus', '2017-06-30 09:03:55', 10181, 1375.25, 0, 'cash', 41.2575, 0, 1375.25, 3, 18.3),
(182, 14, 'cancel', NULL, NULL, NULL, NULL, NULL, 9230, 0, NULL, NULL, NULL, 9230, 3, 0),
(183, 14, 'good', NULL, NULL, NULL, '2017-06-30 09:08:01', 10183, 832.5, 0, 'cash', NULL, NULL, 832.5, 3, 5),
(184, 14, 'good', NULL, NULL, NULL, '2017-06-30 09:09:36', 10184, 190, 0, 'cash', NULL, NULL, 190, 3, 0),
(185, 14, 'good', NULL, NULL, NULL, '2017-06-30 11:31:20', 10185, 1825, 0, 'cash', NULL, NULL, 1825, 3, 0),
(187, 2, 'cancel', NULL, NULL, NULL, NULL, NULL, 12.5, 0, NULL, NULL, NULL, 12.5, 1, 1),
(188, 14, 'good', 38, 49, 'discount', '2017-06-30 13:19:12', 10188, 1136.8, 0, 'cash', 0, 23.2, 1160, 3, 0),
(189, 14, 'good', NULL, NULL, NULL, '2017-06-30 13:44:37', 10189, 1700.25, 0, 'cash', NULL, NULL, 1700.25, 3, 54.3),
(190, 14, 'good', NULL, NULL, NULL, '2017-06-30 14:24:49', 10190, 400, 0, 'cash', NULL, NULL, 400, 3, 0),
(191, 14, 'good', 50, 43, 'discount', '2017-07-01 06:41:34', 10191, 1176, 0, 'cash', 0, 24, 1200, 3, 0),
(192, 14, 'good', 60, 84, 'bonus', '2017-07-01 07:20:30', 10192, 2840.25, 0, 'cash', 85.2075, 0, 2840.25, 3, 42.3),
(193, 14, 'cancel', NULL, NULL, NULL, NULL, NULL, 190, 0, NULL, NULL, NULL, 190, 3, 0),
(194, 14, 'good', NULL, NULL, NULL, '2017-07-01 08:23:27', 10194, 1800, 0, 'cash', NULL, NULL, 1800, 3, 30),
(196, 14, 'good', 81, 70, 'bonus', '2017-07-01 09:25:17', 10196, 800, 0, 'cash', 24, 0, 800, 3, 0),
(197, 14, 'good', 63, 81, 'bonus', '2017-07-01 11:02:48', 10197, 499.6, 0, 'cash', 14.988, 0, 499.6, 3, 26.7),
(198, 14, 'good', 91, 92, 'bonus', '2017-07-02 06:24:26', 10198, 290, 0, 'cash', 8.7, 0, 290, 3, 0),
(199, 14, 'good', 68, 68, 'bonus', '2017-07-02 06:41:45', 10199, 1880, 0, 'cash', 56.4, 0, 1880, 3, 0),
(200, 14, 'good', 17, 15, 'bonus', '2017-07-02 08:00:17', 10200, 4420, 0, 'cash', 132.6, 0, 4420, 3, 0),
(201, 14, 'good', 95, 110, 'bonus', '2017-07-02 09:21:18', 10201, 6740, 0, 'cash', 202.2, 0, 6740, 3, 0),
(202, 14, 'good', NULL, NULL, NULL, '2017-07-02 09:53:29', 10202, 5490.62, 0, 'cash', NULL, NULL, 5490.62, 3, 30.44),
(203, 14, 'good', 29, 13, 'discount', '2017-07-03 06:00:11', 10203, 588.186, 0, 'cash', 0, 12.0038, 600.19, 3, 25.54),
(204, 14, 'good', 31, 18, 'bonus', '2017-07-03 06:25:40', 10204, 2545.4, 0, 'cash', 76.362, 0, 2545.4, 3, 5.27),
(205, 14, 'good', 82, 97, 'bonus', '2017-07-03 09:17:25', 10205, 350.025, 0, 'non-cash', 10.5007, 0, 350.025, 3, 10.77),
(206, 14, 'cancel', 67, 63, 'discount', NULL, NULL, 8820, 0, NULL, 0, 180, 9000, 3, 0),
(207, 14, 'good', NULL, NULL, NULL, '2017-07-03 13:13:18', 10207, 9000, 0, 'cash', NULL, NULL, 9000, 3, 0),
(208, 14, 'good', 69, 71, 'bonus', '2017-07-03 13:18:44', 10208, 986.25, 0, 'cash', 29.5875, 0, 986.25, 3, 19.5),
(209, 14, 'good', NULL, NULL, NULL, '2017-07-03 13:51:22', 10209, 569.29, 0, 'cash', NULL, NULL, 569.29, 3, 17.64),
(211, 14, 'good', 48, 41, 'bonus', '2017-07-03 14:38:02', 10211, 2900.85, 0, 'cash', 87.0255, 0, 2900.85, 3, 16.3),
(212, 14, 'good', 23, 20, 'discount', '2017-07-04 05:56:48', 10212, 539.221, 0, 'cash', 0, 11.0045, 550.225, 3, 16.93),
(213, 14, 'good', 31, 18, 'bonus', '2017-07-04 05:59:00', 10213, 300.16, 0, 'cash', 9.0048, 0, 300.16, 3, 10.72),
(214, 14, 'cancel', 86, 61, 'bonus', NULL, NULL, 1880, 0, NULL, 56.4, 0, 1880, 3, 40),
(215, 14, 'good', 86, 61, 'bonus', '2017-07-04 07:56:49', 10215, 4640, 0, 'cash', 139.2, 0, 4640, 3, 0),
(216, 14, 'good', 20, 38, 'bonus', '2017-07-04 11:12:14', 10216, 579.3, 0, 'cash', 17.379, 0, 579.3, 3, 20.4),
(217, 14, 'good', 43, 23, 'bonus', '2017-07-04 11:32:20', 10217, 1360, 0, 'cash', 40.8, 0, 1360, 3, 0),
(218, 14, 'good', NULL, NULL, NULL, '2017-07-04 13:56:04', 10218, 500.65, 0, 'cash', NULL, NULL, 500.65, 3, 17.18),
(219, 14, 'good', 37, 56, 'discount', '2017-07-05 05:28:47', 10219, 1685.82, 0, 'cash', 0, 34.4044, 1720.22, 3, 52.93),
(220, 14, 'good', NULL, NULL, NULL, '2017-07-05 05:37:26', 10220, 1440, 0, 'cash', NULL, NULL, 1440, 3, 0),
(221, 14, 'good', NULL, NULL, NULL, '2017-07-05 06:16:29', 10221, 905, 0, 'cash', NULL, NULL, 905, 3, 0),
(222, 14, 'good', NULL, NULL, NULL, '2017-07-05 06:17:42', 10222, 1640, 0, 'cash', NULL, NULL, 1640, 3, 0),
(223, 14, 'good', NULL, NULL, NULL, '2017-07-05 06:30:27', 10223, 1600.95, 0, 'cash', NULL, NULL, 1600.95, 3, 15.1),
(224, 14, 'good', 95, 110, 'bonus', '2017-07-05 09:11:30', 10224, 6000, 0, 'cash', 180, 0, 6000, 3, 0),
(226, 14, 'good', 92, 83, 'bonus', '2017-07-05 09:57:34', 10226, 439.965, 0, 'non-cash', 13.1989, 0, 439.965, 3, 32.59),
(227, 14, 'good', 87, 95, 'bonus', '2017-07-05 12:27:51', 10227, 190, 0, 'cash', 5.7, 0, 190, 3, 0),
(228, 14, 'good', 50, 43, 'discount', '2017-07-05 14:20:11', 10228, 1621.9, 0, 'non-cash', 0, 33.1, 1655, 3, 0),
(229, 14, 'good', 68, 68, 'bonus', '2017-07-05 14:34:00', 10229, 1500, 0, 'cash', 45, 0, 1500, 3, 0),
(230, 14, 'good', 27, 34, 'discount', '2017-07-06 05:25:36', 10230, 1803.2, 0, 'cash', 0, 36.8, 1840, 3, 0),
(231, 14, 'good', 96, 90, 'bonus', '2017-07-06 05:52:46', 10231, 200.2, 0, 'cash', 6.006, 0, 200.2, 3, 6.16),
(232, 14, 'good', 26, 33, 'discount', '2017-07-06 08:03:35', 10232, 2646, 0, 'cash', 0, 54, 2700, 3, 0),
(233, 14, 'good', 26, 33, 'discount', '2017-07-06 08:04:15', 10233, 196, 0, 'cash', 0, 4, 200, 3, 0),
(234, 14, 'good', 47, 46, 'bonus', '2017-07-06 09:31:38', 10234, 455, 0, 'cash', 13.65, 0, 455, 3, 0),
(235, 14, 'good', 94, 89, 'bonus', '2017-07-06 09:36:14', 10235, 1503.5, 0, 'cash', 45.105, 0, 1503.5, 3, 11.8),
(236, 14, 'good', 97, 104, 'bonus', '2017-07-06 11:47:57', 10236, 520, 0, 'cash', 15.6, 0, 520, 3, 0),
(237, 14, 'good', 19, 39, 'discount', '2017-07-06 13:17:54', 10237, 1675.81, 0, 'cash', 0, 34.2003, 1710.02, 3, 10.17),
(238, 14, 'good', 80, 96, 'bonus', '2017-07-07 06:07:24', 10238, 350.14, 0, 'non-cash', 10.5042, 0, 350.14, 3, 11.48),
(239, 14, 'good', 39, 50, 'discount', '2017-07-07 06:09:56', 10239, 509.6, 0, 'cash', 0, 10.4, 520, 3, 0),
(240, 14, 'good', 20, 38, 'bonus', '2017-07-07 06:46:41', 10240, 792.575, 0, 'cash', 23.7773, 0, 792.575, 3, 34.05),
(241, 14, 'good', NULL, NULL, NULL, '2017-07-07 07:07:19', 10241, 33.5, 0, 'cash', NULL, NULL, 33.5, 3, 1),
(243, 14, 'good', NULL, NULL, NULL, '2017-07-07 07:09:59', 10243, 750.45, 0, 'cash', NULL, NULL, 750.45, 3, 25.1),
(244, 14, 'good', 90, 60, 'bonus', '2017-07-07 07:51:56', 10244, 1220, 0, 'cash', 36.6, 0, 1220, 3, 0),
(245, 14, 'good', 85, 93, 'bonus', '2017-07-07 08:15:28', 10245, 300.16, 0, 'cash', 9.0048, 0, 300.16, 3, 10.72),
(247, 14, 'good', 81, 70, 'bonus', '2017-07-07 08:47:17', 10247, 1834.96, 0, 'cash', 55.049, 0, 1834.96, 3, 40.09),
(249, 14, 'good', NULL, NULL, NULL, '2017-07-07 09:41:29', 10249, 6899.99, 0, 'cash', NULL, NULL, 6899.99, 3, 0),
(252, 14, 'good', 36, 32, 'bonus', '2017-07-07 09:50:02', 10252, 1200, 0, 'cash', 36, 0, 1200, 3, 0),
(254, 14, 'good', 36, 32, 'bonus', '2017-07-07 09:53:21', 10254, 89.975, 0, 'cash', 2.69925, 0, 89.975, 3, 2.95),
(255, 14, 'good', NULL, NULL, NULL, '2017-07-07 10:01:16', 10255, 9800.1, 0, 'cash', NULL, NULL, 9800.1, 3, 49.56),
(256, 14, 'good', 57, 76, 'discount', '2017-07-07 11:14:47', 10256, 735, 0, 'cash', 0, 15, 750, 3, 0),
(257, 14, 'good', 25, 22, 'bonus', '2017-07-07 12:46:37', 10257, 840, 0, 'non-cash', 25.2, 0, 840, 3, 0),
(258, 14, 'good', 73, 79, 'discount', '2017-07-07 13:00:09', 10258, 588.608, 0, 'cash', 0, 12.0124, 600.62, 3, 20.36),
(259, 14, 'good', 46, 47, 'bonus', '2017-07-07 13:53:41', 10259, 1170, 0, 'cash', 35.1, 0, 1170, 3, 0),
(260, 14, 'good', 48, 41, 'bonus', '2017-07-07 14:22:08', 10260, 350.025, 0, 'cash', 10.5007, 0, 350.025, 3, 10.77),
(261, 14, 'good', 67, 63, 'discount', '2017-07-07 14:24:37', 10261, 2156, 0, 'cash', 0, 44, 2200, 3, 0),
(262, 14, 'good', 16, 7, 'discount', '2017-07-08 05:46:05', 10262, 1429.7, 0, 'cash', 0, 29.1775, 1458.88, 3, 32.75),
(263, 14, 'good', 63, 81, 'bonus', '2017-07-08 06:00:30', 10263, 780, 0, 'cash', 23.4, 0, 780, 3, 0),
(264, 14, 'good', 34, 9, 'discount', '2017-07-08 06:27:11', 10264, 196, 0, 'cash', 0, 4, 200, 3, 0),
(265, 14, 'good', 71, 69, 'bonus', '2017-07-08 06:29:27', 10265, 600.25, 0, 'cash', 18.0075, 0, 600.25, 3, 8.3),
(266, 14, 'good', 34, 9, 'discount', '2017-07-08 06:32:52', 10266, 196, 0, 'cash', 0, 4, 200, 3, 0),
(267, 14, 'good', 62, 62, 'bonus', '2017-07-08 07:03:54', 10267, 1220, 0, 'cash', 36.6, 0, 1220, 3, 0),
(268, 14, 'good', 100, 102, 'bonus', '2017-07-08 07:26:25', 10268, 895.13, 0, 'cash', 26.8539, 0, 895.13, 3, 25.89),
(270, 14, 'good', 64, 73, 'bonus', '2017-07-08 10:35:41', 10270, 4430, 0, 'cash', 132.9, 0, 4430, 3, 0),
(271, 14, 'good', 96, 90, 'bonus', '2017-07-08 11:42:53', 10271, 600, 0, 'cash', 18, 0, 600, 3, 0),
(272, 14, 'good', 61, 59, 'bonus', '2017-07-08 12:18:34', 10272, 480, 0, 'cash', 14.4, 0, 480, 3, 0),
(273, 14, 'good', 48, 41, 'bonus', '2017-07-09 05:00:02', 10273, 2400, 0, 'cash', 72, 0, 2400, 3, 0),
(274, 14, 'good', 48, 41, 'bonus', '2017-07-09 05:02:03', 10274, 440.1, 0, 'cash', 13.203, 0, 440.1, 3, 32.6),
(275, 14, 'good', 91, 92, 'bonus', '2017-07-09 05:03:36', 10275, 770, 0, 'cash', 23.1, 0, 770, 3, 0),
(276, 14, 'good', 95, 110, 'bonus', '2017-07-09 05:29:12', 10276, 5106.25, 0, 'cash', 153.188, 0, 5106.25, 3, 30.9),
(277, 14, 'good', 29, 13, 'discount', '2017-07-09 06:29:11', 10277, 196, 0, 'cash', 0, 4, 200, 3, 0),
(278, 14, 'good', 94, 89, 'bonus', '2017-07-09 07:01:49', 10278, 1220, 0, 'cash', 36.6, 0, 1220, 3, 0),
(279, 14, 'good', 66, 77, 'discount', '2017-07-09 07:23:28', 10279, 245.049, 0, 'cash', 0, 5.001, 250.05, 3, 1.54),
(280, 14, 'good', 41, 48, 'bonus', '2017-07-09 08:09:57', 10280, 740.235, 0, 'cash', 22.2071, 0, 740.235, 3, 24.27),
(281, 14, 'good', 65, 78, 'bonus', '2017-07-09 09:00:44', 10281, 5120, 0, 'cash', 153.6, 0, 5120, 3, 0),
(282, 14, 'good', 65, 78, 'bonus', '2017-07-09 09:03:12', 10282, 2440, 0, 'non-cash', 73.2, 0, 2440, 3, 0),
(283, 14, 'good', 80, 96, 'bonus', '2017-07-09 09:11:15', 10283, 876.2, 0, 'non-cash', 26.286, 0, 876.2, 3, 28.76),
(284, 14, 'good', 80, 96, 'bonus', '2017-07-09 09:18:12', 10284, 152, 0, 'non-cash', 4.56, 0, 152, 3, 7.6),
(285, 14, 'good', NULL, NULL, NULL, '2017-07-10 05:08:16', 10285, 1249.8, 0, 'cash', NULL, NULL, 1249.8, 3, 18.64),
(286, 14, 'good', 86, 61, 'bonus', '2017-07-10 05:42:52', 10286, 1673.25, 0, 'cash', 50.1975, 0, 1673.25, 3, 16.7),
(287, 14, 'good', 91, 92, 'bonus', '2017-07-10 05:47:14', 10287, 700, 0, 'cash', 21, 0, 700, 3, 0),
(288, 14, 'good', NULL, NULL, NULL, '2017-07-10 06:41:10', 10288, 889.65, 0, 'cash', NULL, NULL, 889.65, 3, 21.22),
(289, 14, 'good', 32, 11, 'discount', '2017-07-10 06:54:31', 10289, 3980.01, 0, 'cash', 0, 81.2246, 4061.23, 3, 30.86),
(290, 14, 'good', 31, 18, 'bonus', '2017-07-10 06:56:28', 10290, 1200, 0, 'cash', 36, 0, 1200, 3, 0),
(291, 14, 'good', 32, 11, 'discount', '2017-07-10 06:58:42', 10291, 588, 0, 'cash', 0, 12, 600, 3, 0),
(292, 14, 'good', 55, 14, 'discount', '2017-07-10 07:32:50', 10292, 980, 0, 'cash', 0, 20, 1000, 3, 0),
(294, 14, 'good', 55, 14, 'discount', '2017-07-10 07:39:49', 10294, 392, 0, 'cash', 0, 8, 400, 3, 0),
(296, 14, 'good', 60, 84, 'bonus', '2017-07-10 08:29:31', 10296, 1890, 0, 'non-cash', 56.7, 0, 1890, 3, 0),
(297, 14, 'good', 75, 66, 'bonus', '2017-07-10 09:03:03', 10297, 1600.95, 0, 'cash', 48.0285, 0, 1600.95, 3, 15.1),
(298, 14, 'good', 35, 10, 'discount', '2017-07-10 09:08:58', 10298, 1019.2, 0, 'non-cash', 0, 20.8, 1040, 3, 0),
(299, 14, 'good', 35, 10, 'discount', '2017-07-10 09:10:36', 10299, 245, 0, 'non-cash', 0, 5, 250, 3, 0),
(300, 14, 'good', 20, 38, 'bonus', '2017-07-10 10:22:06', 10300, 404.95, 0, 'cash', 12.1485, 0, 404.95, 3, 12.46),
(301, 14, 'good', 45, 45, 'bonus', '2017-07-10 11:03:01', 10301, 810, 0, 'non-cash', 24.3, 0, 810, 3, 0),
(302, 14, 'good', 69, 71, 'bonus', '2017-07-10 12:39:03', 10302, 900, 0, 'cash', 27, 0, 900, 3, 0),
(304, 14, 'good', NULL, NULL, NULL, '2017-07-10 12:48:48', 10304, 431.46, 0, 'cash', NULL, NULL, 431.46, 3, 4.04),
(306, 14, 'good', NULL, NULL, NULL, '2017-07-11 05:18:01', 10306, 2000, 0, 'cash', NULL, NULL, 2000, 3, 0),
(307, 14, 'good', NULL, NULL, NULL, '2017-07-11 06:03:49', 10307, 100, 0, 'cash', NULL, NULL, 100, 3, 5),
(308, 14, 'good', 63, 81, 'bonus', '2017-07-11 06:55:06', 10308, 1000, 0, 'cash', 30, 0, 1000, 3, 0),
(309, 14, 'good', 74, 64, 'bonus', '2017-07-11 08:25:02', 10309, 285.12, 0, 'non-cash', 8.5536, 0, 285.12, 3, 7.92),
(310, 14, 'good', 57, 76, 'discount', '2017-07-11 08:57:46', 10310, 489.951, 0, 'cash', 0, 9.999, 499.95, 3, 15.15),
(311, 14, 'good', NULL, NULL, NULL, '2017-07-11 09:28:10', 10311, 600, 0, 'cash', NULL, NULL, 600, 3, 0),
(312, 14, 'cancel', 67, 63, 'discount', NULL, NULL, 2665.6, 0, NULL, 0, 54.4, 2720, 3, 0),
(313, 14, 'good', 29, 13, 'discount', '2017-07-11 13:55:57', 10313, 294.235, 0, 'cash', 0, 6.0048, 300.24, 3, 22.24),
(314, 14, 'good', 37, 56, 'discount', '2017-07-12 05:30:56', 10314, 345.332, 0, 'cash', 0, 7.0476, 352.38, 3, 13.23),
(315, 14, 'good', 23, 20, 'discount', '2017-07-12 06:17:27', 10315, 921.2, 0, 'cash', 0, 18.8, 940, 3, 7),
(316, 14, 'good', 79, 98, 'discount', '2017-07-12 06:55:19', 10316, 3572.1, 0, 'cash', 0, 72.9, 3645, 3, 0),
(318, 14, 'good', NULL, NULL, NULL, '2017-07-12 07:12:22', 10318, 9120.07, 0, 'cash', NULL, NULL, 9120.07, 3, 65.19),
(320, 14, 'good', NULL, NULL, NULL, '2017-07-12 07:20:12', 10320, 9273.02, 0, 'cash', NULL, NULL, 9273.02, 3, 76.52),
(322, 14, 'good', 85, 93, 'bonus', '2017-07-12 07:30:13', 10322, 2080, 0, 'cash', 62.4, 0, 2080, 3, 0),
(323, 14, 'good', 89, 80, 'bonus', '2017-07-12 07:36:19', 10323, 2693.2, 0, 'cash', 80.796, 0, 2693.2, 3, 44.36),
(324, 14, 'good', NULL, NULL, NULL, '2017-07-12 07:50:45', 10324, 1220, 0, 'cash', NULL, NULL, 1220, 3, 0),
(325, 14, 'good', 94, 89, 'bonus', '2017-07-12 08:30:34', 10325, 1904.95, 0, 'cash', 57.1485, 0, 1904.95, 3, 16.46),
(326, 14, 'good', 17, 15, 'bonus', '2017-07-12 08:37:12', 10326, 7280, 0, 'cash', 218.4, 0, 7280, 3, 0),
(327, 14, 'good', 58, 75, 'discount', '2017-07-12 11:31:55', 10327, 371.185, 0, 'cash', 0, 7.5752, 378.76, 3, 21.84),
(328, 14, 'good', 64, 73, 'bonus', '2017-07-12 12:58:43', 10328, 520, 0, 'cash', 15.6, 0, 520, 3, 0),
(329, 14, 'good', 15, 57, 'bonus', '2017-07-12 13:08:37', 10329, 402.6, 0, 'cash', 12.078, 0, 402.6, 3, 12.2),
(330, 14, 'good', 68, 68, 'bonus', '2017-07-12 13:51:27', 10330, 1200, 0, 'non-cash', 36, 0, 1200, 3, 0),
(331, 14, 'good', 29, 13, 'discount', '2017-07-12 13:56:21', 10331, 493.107, 0, 'cash', 0, 10.0634, 503.17, 3, 19.66),
(333, 14, 'good', 85, 93, 'bonus', '2017-07-12 14:06:50', 10333, 2419.96, 0, 'cash', 72.5988, 0, 2419.96, 3, 3.57),
(334, 14, 'good', NULL, NULL, NULL, '2017-07-12 14:19:10', 10334, 2900, 0, 'cash', NULL, NULL, 2900, 3, 0),
(335, 14, 'good', 50, 43, 'discount', '2017-07-12 14:22:11', 10335, 445.9, 0, 'non-cash', 0, 9.1, 455, 3, 0),
(336, 14, 'good', 73, 79, 'discount', '2017-07-12 14:57:30', 10336, 1176, 0, 'cash', 0, 24, 1200, 3, 0),
(337, 14, 'good', 40, 52, 'discount', '2017-07-13 05:07:08', 10337, 539.926, 0, 'non-cash', 0, 11.0189, 550.945, 3, 22.75),
(338, 14, 'good', 25, 22, 'bonus', '2017-07-13 06:03:52', 10338, 785.7, 0, 'non-cash', 23.571, 0, 785.7, 3, 29.1),
(339, 14, 'good', 92, 83, 'bonus', '2017-07-13 06:51:31', 10339, 455, 0, 'cash', 13.65, 0, 455, 3, 0),
(340, 14, 'good', 43, 23, 'bonus', '2017-07-13 08:06:33', 10340, 960, 0, 'cash', 28.8, 0, 960, 3, 0),
(341, 14, 'good', 59, 74, 'discount', '2017-07-13 08:57:52', 10341, 1176, 0, 'cash', 0, 24, 1200, 3, 0),
(342, 14, 'good', 82, 97, 'bonus', '2017-07-13 10:37:07', 10342, 2320, 0, 'cash', 69.6, 0, 2320, 3, 0),
(343, 14, 'good', 22, 25, 'bonus', '2017-07-13 10:47:18', 10343, 2424.9, 0, 'cash', 72.747, 0, 2424.9, 3, 82.2),
(344, 14, 'good', 57, 76, 'discount', '2017-07-13 13:41:17', 10344, 1705.31, 0, 'cash', 0, 34.8022, 1740.11, 3, 19.02),
(345, 14, 'good', 68, 68, 'bonus', '2017-07-13 13:52:14', 10345, 680, 0, 'non-cash', 20.4, 0, 680, 3, 0),
(346, 14, 'good', NULL, NULL, NULL, '2017-07-13 14:17:21', 10346, 8860, 0, 'cash', NULL, NULL, 8860, 3, 0),
(347, 14, 'good', 96, 90, 'bonus', '2017-07-14 06:41:55', 10347, 400, 0, 'cash', 12, 0, 400, 3, 0),
(348, 14, 'good', 74, 64, 'bonus', '2017-07-14 07:47:38', 10348, 700.2, 0, 'non-cash', 21.006, 0, 700.2, 3, 19.45),
(349, 14, 'good', 80, 96, 'bonus', '2017-07-14 07:51:57', 10349, 696.16, 0, 'non-cash', 20.8848, 0, 696.16, 3, 20.24),
(350, 14, 'good', 26, 33, 'discount', '2017-07-14 08:34:04', 10350, 4253.47, 0, 'cash', 0, 86.8056, 4340.28, 3, 21.06),
(351, 14, 'good', 100, 102, 'bonus', '2017-07-14 10:59:14', 10351, 680, 0, 'cash', 20.4, 0, 680, 3, 0),
(352, 14, 'good', 19, 39, 'discount', '2017-07-14 12:25:33', 10352, 588, 0, 'cash', 0, 12, 600, 3, 0),
(353, 14, 'good', 91, 92, 'bonus', '2017-07-14 14:12:36', 10353, 480, 0, 'cash', 14.4, 0, 480, 3, 0),
(355, 14, 'good', NULL, NULL, NULL, '2017-07-15 06:18:47', 10355, 4710, 0, 'cash', NULL, NULL, 4710, 3, 30),
(356, 14, 'good', NULL, NULL, NULL, '2017-07-15 07:01:08', 10356, 1950, 0, 'cash', NULL, NULL, 1950, 3, 0),
(358, 14, 'good', NULL, NULL, NULL, '2017-07-15 07:25:14', 10358, 1280, 0, 'cash', NULL, NULL, 1280, 3, 0),
(359, 14, 'good', 94, 89, 'bonus', '2017-07-15 07:39:28', 10359, 1953.65, 0, 'non-cash', 58.6095, 0, 1953.65, 3, 20.1),
(360, 14, 'good', 101, 101, 'bonus', '2017-07-15 08:22:32', 10360, 1160, 0, 'cash', 34.8, 0, 1160, 3, 0),
(361, 14, 'good', 20, 38, 'bonus', '2017-07-15 08:24:55', 10361, 519.82, 0, 'cash', 15.5946, 0, 519.82, 3, 22.12),
(363, 112, 'good', 116, 147, 'bonus', '2017-07-15 09:03:55', 10363, 820, 0, 'cash', 24.6, 0, 820, 4, 20),
(364, 14, 'good', 29, 13, 'discount', '2017-07-15 09:56:46', 10364, 588.304, 0, 'cash', 0, 12.0062, 600.31, 3, 37.06),
(365, 14, 'good', 61, 59, 'bonus', '2017-07-15 12:32:01', 10365, 440, 0, 'cash', 13.2, 0, 440, 3, 0),
(366, 14, 'good', 37, 56, 'discount', '2017-07-16 06:53:23', 10366, 1126.35, 0, 'cash', 0, 22.9868, 1149.34, 3, 46.96),
(367, 14, 'good', 52, 36, 'discount', '2017-07-16 08:00:52', 10367, 980, 0, 'cash', 0, 20, 1000, 3, 0),
(368, 112, 'good', 116, 147, 'bonus', '2017-07-16 08:44:25', 10368, 1140, 0, 'cash', 34.2, 0, 1140, 4, 0),
(369, 14, 'good', 62, 62, 'bonus', '2017-07-16 09:13:50', 10369, 1220, 0, 'non-cash', 36.6, 0, 1220, 3, 0),
(370, 14, 'good', 73, 79, 'discount', '2017-07-17 07:59:32', 10370, 346.185, 0, 'cash', 0, 7.065, 353.25, 3, 28.26),
(371, 14, 'good', 39, 50, 'discount', '2017-07-17 08:20:31', 10371, 686, 0, 'cash', 0, 14, 700, 3, 24.5),
(372, 14, 'good', 90, 60, 'bonus', '2017-07-17 09:32:52', 10372, 1334, 0, 'cash', 40.02, 0, 1334, 3, 2),
(373, 14, 'good', 43, 23, 'bonus', '2017-07-17 11:24:45', 10373, 2080, 0, 'cash', 62.4, 0, 2080, 3, 0),
(374, 14, 'good', 81, 70, 'bonus', '2017-07-17 12:08:00', 10374, 945, 0, 'cash', 28.35, 0, 945, 3, 94.5),
(375, 14, 'good', NULL, NULL, NULL, '2017-07-17 12:45:43', 10375, 1740, 0, 'cash', NULL, NULL, 1740, 3, 0),
(376, 14, 'good', 68, 68, 'bonus', '2017-07-17 13:19:53', 10376, 1300, 0, 'cash', 39, 0, 1300, 3, 0),
(377, 14, 'good', 51, 55, 'discount', '2017-07-18 05:59:23', 10377, 980, 0, 'cash', 0, 20, 1000, 3, 0),
(378, 14, 'good', 77, 86, 'bonus', '2017-07-18 07:16:08', 10378, 680, 0, 'cash', 20.4, 0, 680, 3, 0),
(379, 14, 'good', 94, 89, 'bonus', '2017-07-18 07:33:09', 10379, 1067.5, 0, 'non-cash', 32.025, 0, 1067.5, 3, 19),
(380, 14, 'good', 91, 92, 'bonus', '2017-07-18 08:04:22', 10380, 319.19, 0, 'cash', 9.5757, 0, 319.19, 3, 10.82),
(381, 14, 'good', NULL, NULL, NULL, '2017-07-18 08:12:19', 10381, 2735, 0, 'cash', NULL, NULL, 2735, 3, 0),
(382, 14, 'good', NULL, NULL, NULL, '2017-07-18 08:13:51', 10382, 1900, 0, 'cash', NULL, NULL, 1900, 3, 0),
(383, 14, 'good', 82, 97, 'bonus', '2017-07-18 08:48:38', 10383, 445.399, 234.601, 'cash', 13.362, 0, 680, 3, 0),
(384, 14, 'good', NULL, NULL, NULL, '2017-07-18 11:48:32', 10384, 1210, 0, 'cash', NULL, NULL, 1210, 3, 0),
(385, 14, 'good', 86, 61, 'bonus', '2017-07-18 14:03:33', 10385, 883.49, 0, 'cash', 26.5047, 0, 883.49, 3, 7.98),
(386, 14, 'good', 50, 43, 'discount', '2017-07-18 14:35:19', 10386, 1906.1, 0, 'cash', 0, 38.9, 1945, 3, 0),
(387, 14, 'good', NULL, NULL, NULL, '2017-07-18 15:52:09', 10387, 1735, 0, 'cash', NULL, NULL, 1735, 3, 25),
(388, 14, 'good', NULL, NULL, NULL, '2017-07-19 10:27:29', 10388, 290, 0, 'cash', NULL, NULL, 290, 3, 0),
(389, 2, 'cancel', NULL, NULL, NULL, NULL, NULL, 2480, 0, NULL, NULL, NULL, 2480, 1, 0),
(390, 2, 'good', NULL, NULL, NULL, '2017-07-20 12:12:21', 10390, 3520, 0, 'non-cash', NULL, NULL, 3520, 1, 0),
(391, 2, 'good', 4, 1, 'bonus', '2017-07-21 13:26:14', 10391, 7920, 0, 'cash', 456, 0, 7920, 1, 0),
(392, 2, 'cancel', NULL, NULL, NULL, NULL, NULL, 0, 0, NULL, NULL, NULL, 0, 1, 0),
(394, 2, 'good', NULL, NULL, NULL, '2017-07-21 13:29:13', 10394, 520, 0, 'cash', NULL, NULL, 520, 1, 0),
(397, 2, 'good', NULL, NULL, NULL, '2017-07-23 07:23:03', 10397, 13.5, 0, 'cash', NULL, NULL, 13.5, 1, 1),
(398, 2, 'cancel', NULL, NULL, NULL, NULL, NULL, 96000, 0, NULL, NULL, NULL, 96000, 1, 0),
(399, 2, 'good', NULL, NULL, NULL, '2017-07-28 08:49:47', 10399, 982.5, NULL, NULL, 0, 0, 982.5, 1, 5),
(400, 2, 'good', NULL, NULL, NULL, '2017-07-28 08:51:32', 10400, 795.5, NULL, NULL, 0, 0, 795.5, 1, 43),
(401, 2, 'good', NULL, NULL, NULL, '2017-07-28 11:31:15', 10401, 1995, NULL, NULL, 0, 0, 1995, 1, 6),
(402, 2, 'good', NULL, NULL, NULL, '2017-07-28 11:34:07', 10402, 94.5, NULL, NULL, 0, 0, 94.5, 1, 7),
(405, 2, 'cancel', NULL, NULL, NULL, NULL, NULL, 56.25, 0, NULL, NULL, NULL, 56.25, 1, 4.5),
(406, 2, 'good', NULL, NULL, NULL, '2017-07-31 11:33:51', 10406, 1552.5, NULL, NULL, 0, 0, 1552.5, 1, 9),
(408, 2, 'good', 5, 2, 'discount', '2017-08-01 10:03:32', 10408, 25, 0, 'cash', 0, 0, 25, 1, 2),
(409, 2, 'good', 5, 2, 'discount', '2017-08-01 10:05:18', 10409, 659, 1, 'cash', 0, 12, 671, 1, 54),
(410, 2, 'good', 5, 2, 'discount', '2017-08-01 10:07:26', 10410, 1525, 0, 'cash', 0, 30, 1555, 1, 30),
(411, 2, 'good', 5, 2, 'discount', '2017-08-01 10:08:36', 10411, 1598, 1, 'cash', 0, 32, 1630, 1, 30),
(412, 2, 'good', 5, 2, 'discount', '2017-08-01 10:23:14', 10412, 255, 1, 'cash', 0, 1.5, 256.5, 1, 21),
(413, 2, 'good', 4, 1, 'bonus', '2017-08-01 10:24:47', 10413, 139.75, 139.75, 'cash', 397.617, 0, 279.5, 1, 23),
(414, 2, 'good', 5, 2, 'discount', '2017-08-01 14:17:16', 10414, 103, 0, 'cash', 0, 2, 105, 1, 8.4),
(415, 2, 'good', 4, 1, 'bonus', '2017-08-01 15:50:25', 10415, 100, 100, 'cash', 300.612, 0, 199.68, 1, 0.416),
(422, 2, 'good', 4, 1, 'bonus', '2017-08-02 07:49:48', 10422, 33324, 8.49628, 'cash', 999.99, 0, 33333, 1, 2666.64),
(423, 2, 'good', 5, 2, 'discount', '2017-08-02 08:10:12', 10423, 135, 1, 'cash', 0, -0.5, 134.5, 1, 11),
(424, 2, 'good', 4, 1, 'bonus', '2017-08-02 08:10:49', 10424, 67, 67.5, 'cash', 4.725, 0, 134.5, 1, 11),
(425, 2, 'good', 4, 1, 'bonus', '2017-08-02 08:26:41', 10425, 67, 67.5, 'cash', 4.725, 0, 134.5, 1, 11),
(426, 14, 'good', NULL, NULL, NULL, '2017-08-10 06:11:43', 10426, 1060, NULL, NULL, 0, 0, 1060, 3, 0),
(428, 14, 'good', 36, 32, 'bonus', '2017-08-11 14:15:24', 10428, 1160, 0, 'cash', 34.8, 0, 1160, 3, 0),
(429, 14, 'good', 68, 68, 'bonus', '2017-08-11 14:44:30', 10429, 500, 0, 'cash', 14.9995, 0, 499.982, 3, 14.084),
(430, 14, 'good', 68, 68, 'bonus', '2017-08-11 14:48:43', 10430, 1200, 0, 'cash', 36, 0, 1200, 3, 0),
(431, 14, 'good', 110, 117, 'bonus', '2017-08-12 05:10:53', 10431, 960, 0, 'cash', 28.8, 0, 960, 3, 0),
(432, 14, 'good', NULL, NULL, NULL, '2017-08-12 06:12:02', 10432, 547, NULL, NULL, 0, 0, 546.993, 3, 40.518),
(433, 14, 'good', 50, 43, 'discount', '2017-08-12 06:13:11', 10433, 537, 0, 'cash', 0, 9.993, 546.993, 3, 40.518),
(435, 14, 'good', 58, 75, 'discount', '2017-08-12 06:34:35', 10435, 186, 0, 'cash', 0, 3.375, 189.375, 3, 15.15),
(436, 14, 'good', 117, 119, 'bonus', '2017-08-12 07:11:53', 10436, 1800, 0, 'cash', 54, 0, 1800, 3, 0),
(437, 14, 'good', 117, 119, 'bonus', '2017-08-12 07:13:15', 10437, 1800, 0, 'cash', 54, 0, 1800, 3, 0),
(438, 14, 'good', 46, 47, 'bonus', '2017-08-12 07:32:01', 10438, 1160, 0, 'cash', 34.8, 0, 1160, 3, 13.793),
(439, 14, 'good', 22, 25, 'bonus', '2017-08-12 10:00:04', 10439, 475, 0, 'non-cash', 14.2499, 0, 474.997, 3, 35.185),
(440, 14, 'good', 80, 96, 'bonus', '2017-08-12 10:10:18', 10440, 800, 0, 'non-cash', 24, 0, 800, 3, 0),
(441, 14, 'good', 41, 48, 'bonus', '2017-08-12 11:10:35', 10441, 2440, 0, 'cash', 73.2, 0, 2440, 3, 0),
(442, 14, 'good', 63, 81, 'bonus', '2017-08-13 06:27:42', 10442, 3075, 0, 'cash', 92.25, 0, 3075, 3, 246),
(443, 14, 'good', 28, 19, 'bonus', '2017-08-13 07:19:05', 10443, 650, 0, 'non-cash', 19.5, 0, 650, 3, 52),
(444, 14, 'good', 26, 33, 'discount', '2017-08-13 07:56:46', 10444, 2548, 0, 'cash', 0, 52, 2600, 3, 0),
(446, 14, 'good', 60, 84, 'bonus', '2017-08-14 06:44:42', 10446, 910, 0, 'non-cash', 27.3, 0, 910, 3, 0),
(447, 14, 'good', 19, 39, 'discount', '2017-08-14 06:53:57', 10447, 2274, 0, 'non-cash', 0, 46, 2320, 3, 0),
(448, 14, 'good', 25, 22, 'bonus', '2017-08-14 07:57:15', 10448, 550, 0, 'non-cash', 16.4997, 0, 549.99, 3, 20.37),
(449, 14, 'good', 94, 89, 'bonus', '2017-08-14 07:57:54', 10449, 920, 0, 'cash', 27.6, 0, 920, 3, 0),
(451, 14, 'cancel', NULL, NULL, NULL, NULL, NULL, 299.978, 0, NULL, NULL, NULL, 299.978, 3, 12.765),
(452, 14, 'good', NULL, NULL, NULL, '2017-08-14 11:06:51', 10452, 585, NULL, NULL, 0, 0, 585, 3, 46.8),
(454, 14, 'cancel', NULL, NULL, NULL, NULL, NULL, 2520, 0, NULL, NULL, NULL, 2520, 3, 0),
(455, 14, 'good', 67, 63, 'discount', '2017-08-15 12:50:43', 10455, 588, 0, 'cash', 0, 12, 600, 3, 48),
(456, 14, 'good', 95, 110, 'bonus', '2017-08-15 12:53:47', 10456, 100, 0, 'cash', 2.99988, 0, 99.996, 3, 7.692),
(457, 14, 'good', 95, 110, 'bonus', '2017-08-15 14:30:33', 10457, 1, 1.5, 'cash', 0.09, 0, 3, 3, 0),
(458, 14, 'good', 50, 43, 'discount', '2017-08-16 12:11:50', 10458, 1091, 0, 'cash', 0, 21.5, 1112.5, 3, 41.2),
(459, 14, 'good', 24, 21, 'discount', '2017-08-16 13:09:23', 10459, 4156, 0, 'cash', 0, 84, 4240, 3, 0),
(460, 14, 'cancel', NULL, NULL, NULL, NULL, NULL, 435, 0, NULL, NULL, NULL, 435, 3, 0),
(462, 14, 'good', 48, 41, 'bonus', '2017-08-16 13:55:51', 10462, 2040, 0, 'non-cash', 61.2, 0, 2040, 3, 0),
(463, 14, 'good', 48, 41, 'bonus', '2017-08-16 14:00:40', 10463, 380, 0, 'non-cash', 11.4, 0, 380, 3, 0),
(464, 14, 'good', NULL, NULL, NULL, '2017-08-17 04:48:10', 10464, 6120, NULL, NULL, 0, 0, 6120, 3, 0),
(465, 14, 'good', 35, 10, 'discount', '2017-08-17 05:00:42', 10465, 1020, 0, 'cash', 0, 20, 1040, 3, 0),
(467, 14, 'good', 90, 60, 'bonus', '2017-08-17 08:09:20', 10467, 2600, 0, 'cash', 78, 0, 2600, 3, 0),
(468, 14, 'good', 94, 89, 'bonus', '2017-08-17 08:27:27', 10468, 982, 257.089, 'cash', 37.1996, 0, 1239.99, 3, 20.806),
(469, 14, 'good', 72, 65, 'bonus', '2017-08-17 08:32:08', 10469, 745, 0, 'non-cash', 22.35, 0, 745, 3, 0),
(470, 14, 'good', 63, 81, 'bonus', '2017-08-17 10:15:34', 10470, 2058, 0, 'cash', 61.74, 0, 2058, 3, 164.64),
(471, 14, 'good', 91, 92, 'bonus', '2017-08-17 13:24:24', 10471, 2120, 0, 'cash', 63.6, 0, 2120, 3, 0),
(472, 14, 'good', 84, 94, 'bonus', '2017-08-18 07:03:35', 10472, 840, 0, 'cash', 25.2, 0, 840, 3, 0),
(473, 14, 'good', 85, 93, 'bonus', '2017-08-18 09:48:34', 10473, 3115, 0, 'cash', 93.45, 0, 3115, 3, 0),
(474, 14, 'good', 85, 93, 'bonus', '2017-08-18 09:49:54', 10474, 3300, 0, 'cash', 99, 0, 3300, 3, 0),
(476, 14, 'good', 68, 68, 'bonus', '2017-08-18 10:34:35', 10476, 1980, 0, 'cash', 59.4, 0, 1980, 3, 0),
(478, 14, 'cancel', NULL, NULL, NULL, NULL, NULL, 1115, 0, NULL, NULL, NULL, 1115, 3, 0),
(479, 14, 'cancel', NULL, NULL, NULL, NULL, NULL, 480, 0, NULL, NULL, NULL, 480, 3, 0),
(480, 14, 'good', 75, 66, 'bonus', '2017-08-19 07:14:35', 10480, 413, 48.0285, 'cash', 13.86, 0, 462, 3, 21),
(482, 14, 'good', 47, 46, 'bonus', '2017-08-19 10:11:48', 10482, 455, 0, 'cash', 13.65, 0, 455, 3, 0),
(484, 14, 'good', 94, 89, 'bonus', '2017-08-20 07:03:16', 10484, 920, 0, 'non-cash', 27.6, 0, 920, 3, 0),
(485, 14, 'good', 60, 84, 'bonus', '2017-08-20 07:12:55', 10485, 1740, 0, 'cash', 52.2, 0, 1740, 3, 0),
(486, 14, 'good', 97, 104, 'bonus', '2017-08-20 08:21:42', 10486, 1055, 0, 'cash', 31.65, 0, 1055, 3, 0),
(487, 14, 'good', 65, 78, 'bonus', '2017-08-20 09:09:14', 10487, 1160, 0, 'cash', 34.8, 0, 1160, 3, 0),
(488, 14, 'good', 111, 123, 'bonus', '2017-08-20 10:57:34', 10488, 265, 0, 'cash', 7.95, 0, 265, 3, 26.5),
(489, 14, 'good', 109, 111, 'bonus', '2017-08-21 05:41:39', 10489, 214120, 0, 'cash', 6423.6, 0, 214120, 3, 50.305),
(490, 14, 'good', 17, 15, 'bonus', '2017-08-21 09:27:33', 10490, 2200, 0, 'cash', 66, 0, 2200, 3, 80),
(492, 14, 'good', 48, 41, 'bonus', '2017-08-21 11:14:51', 10492, 880, 0, 'cash', 26.4, 0, 880, 3, 0),
(493, 14, 'cancel', NULL, NULL, NULL, NULL, NULL, 6290, 0, NULL, NULL, NULL, 6290, 3, 0),
(495, 14, 'good', 63, 81, 'bonus', '2017-08-21 12:43:52', 10495, 1930, 0, 'cash', 57.9, 0, 1930, 3, 0),
(496, 14, 'good', 74, 64, 'bonus', '2017-08-22 06:50:36', 10496, 610, 0, 'non-cash', 18.3, 0, 610, 3, 61),
(497, 14, 'good', 107, 115, 'bonus', '2017-08-22 07:47:14', 10497, 480, 0, 'cash', 14.4, 0, 480, 3, 0),
(498, 14, 'good', NULL, NULL, NULL, '2017-08-22 10:30:52', 10498, 3070, NULL, NULL, 0, 0, 3070, 3, 0),
(499, 112, 'good', NULL, NULL, NULL, '2017-08-22 13:56:27', 10499, 1400, NULL, NULL, 0, 0, 1400, 4, 0),
(500, 112, 'new', NULL, NULL, NULL, NULL, NULL, 700.938, 0, NULL, NULL, NULL, 700.938, 4, 31.681);

-- --------------------------------------------------------

--
-- Структура таблицы `shop_seller_reports`
--

CREATE TABLE `shop_seller_reports` (
  `id` int(11) NOT NULL,
  `date` timestamp NOT NULL DEFAULT CURRENT_TIMESTAMP,
  `total_cash_sum` float DEFAULT '0',
  `total_non_cash_sum` float DEFAULT '0',
  `total_discount_sum` float DEFAULT '0',
  `total_bonuses_sum` float DEFAULT '0',
  `total_pay_bonuses_sum` float DEFAULT '0',
  `seller_user_id` int(11) NOT NULL,
  `total_sale_kg` float DEFAULT '0',
  `last_enter` datetime DEFAULT NULL,
  `in_shop` int(11) DEFAULT NULL
) ENGINE=InnoDB DEFAULT CHARSET=utf8;

--
-- Дамп данных таблицы `shop_seller_reports`
--

INSERT INTO `shop_seller_reports` (`id`, `date`, `total_cash_sum`, `total_non_cash_sum`, `total_discount_sum`, `total_bonuses_sum`, `total_pay_bonuses_sum`, `seller_user_id`, `total_sale_kg`, `last_enter`, `in_shop`) VALUES
(1, '2017-06-14 21:00:00', 8927.7, 0, 489.8, 77.175, 0, 9, 0, NULL, NULL),
(2, '2017-06-18 21:00:00', 0, 0, 0, 0, 0, 9, 0, '2017-06-19 17:01:11', NULL),
(3, '2017-06-19 21:00:00', 5140.2, 0, 357.3, 0, 0, 9, 60, '2017-06-20 15:58:03', NULL),
(4, '2017-06-19 21:00:00', 1594.7, 0, 45.3, 0, 0, 2, 10, '2017-06-20 10:23:29', NULL),
(5, '2017-06-21 21:00:00', 1634.7, 0, 0, 0, 0, 14, 26.1, '2017-06-22 16:39:22', NULL),
(6, '2017-06-23 21:00:00', 9614.11, 0, 24, 173.116, 0, 14, 65.96, '2017-06-22 16:39:22', NULL),
(7, '2017-06-24 21:00:00', 26760.3, 0, 0, 0, 0, 14, 241.28, '2017-06-22 16:39:22', NULL),
(8, '2017-06-25 21:00:00', 24601.4, 0, 17.9196, 0, 0, 14, 204.65, '2017-06-22 16:39:22', NULL),
(9, '2017-06-26 21:00:00', 16987, 313.2, 0, 9.396, 0, 14, 42.66, '2017-06-22 16:39:22', NULL),
(10, '2017-06-27 21:00:00', 17631.7, 0, 13.6, 314.169, 0, 14, 16.6, '2017-06-22 16:39:22', NULL),
(11, '2017-06-28 21:00:00', 21266.2, 1200, 0, 212.706, 0, 14, 132.06, '2017-06-22 16:39:22', NULL),
(12, '2017-06-29 21:00:00', 25186.4, 592.704, 77.696, 195.758, 0, 14, 188.3, '2017-06-22 16:39:22', NULL),
(13, '2017-06-30 21:00:00', 7115.85, 0, 24, 124.196, 0, 14, 99, '2017-06-22 16:39:22', NULL),
(14, '2017-07-01 21:00:00', 18820.6, 0, 0, 399.9, 0, 14, 30.44, '2017-06-22 16:39:22', NULL),
(15, '2017-07-02 21:00:00', 16590, 350.025, 12.0038, 203.476, 0, 14, 95.02, '2017-06-22 16:39:22', NULL),
(16, '2017-07-03 21:00:00', 7919.33, 0, 11.0045, 206.384, 0, 14, 65.23, '2017-06-22 16:39:22', NULL),
(17, '2017-07-04 21:00:00', 14961.8, 2061.86, 67.5044, 243.899, 0, 14, 100.62, '2017-06-22 16:39:22', NULL),
(18, '2017-07-05 21:00:00', 8999.71, 0, 129, 80.361, 0, 14, 28.13, '2017-06-22 16:39:22', NULL),
(19, '2017-07-06 21:00:00', 28430.9, 1190.14, 81.4124, 244.435, 0, 14, 206.08, '2017-06-22 16:39:22', NULL),
(20, '2017-07-07 21:00:00', 10827.1, 0, 37.1775, 270.161, 0, 14, 66.94, '2017-06-22 16:39:22', NULL),
(21, '2017-07-08 21:00:00', 16237.6, 3468.2, 9.001, 577.944, 0, 14, 125.67, '2017-06-22 16:39:22', NULL),
(22, '2017-07-09 21:00:00', 14990.1, 3964.2, 147.025, 275.375, 0, 14, 119.02, '2017-06-22 16:39:22', NULL),
(23, '2017-07-10 21:00:00', 4484.19, 285.12, 16.0038, 38.5536, 0, 14, 50.31, '2017-06-22 16:39:22', NULL),
(24, '2017-07-11 21:00:00', 46692.7, 1645.9, 149.486, 555.021, 0, 14, 280.03, '2017-06-22 16:39:22', NULL),
(25, '2017-07-12 21:00:00', 17901.2, 2005.63, 69.8211, 228.768, 0, 14, 153.07, '2017-06-22 16:39:22', NULL),
(26, '2017-07-13 21:00:00', 6401.47, 1396.36, 98.8056, 88.6908, 0, 14, 60.75, '2017-06-22 16:39:22', NULL),
(27, '2017-07-14 21:00:00', 11468.1, 1953.65, 12.0062, 146.804, 0, 14, 129.28, '2017-06-22 16:39:22', NULL),
(28, '2017-07-15 21:00:00', 3246.35, 1220, 42.9868, 70.8, 0, 14, 46.96, '2017-06-22 16:39:22', NULL),
(29, '2017-07-16 21:00:00', 8431.18, 0, 21.065, 169.77, 0, 14, 149.26, '2017-06-22 16:39:22', NULL),
(30, '2017-07-17 21:00:00', 12794.2, 1067.5, 58.9, 101.867, 234.601, 14, 62.8, '2017-06-22 16:39:22', NULL),
(31, '2017-07-19 21:00:00', 0, 0, 0, 0, 0, 2, 0, '2017-07-20 14:32:55', NULL),
(32, '2017-07-30 21:00:00', 0, 0, 0, 0, 0, 2, 0, '2017-07-31 14:32:34', 1),
(33, '2017-08-09 21:00:00', 0, 0, 0, 0, 0, 14, 0, '2017-08-10 09:10:02', 3),
(34, '2017-08-10 21:00:00', 2860, 0, 0, 85.7995, 0, 14, 14.084, NULL, 3),
(35, '2017-08-11 21:00:00', 8883, 1275, 13.368, 283.05, 0, 14, 145.164, NULL, 3),
(36, '2017-08-12 21:00:00', 5623, 650, 52, 111.75, 0, 14, 298, NULL, 3),
(37, '2017-08-13 21:00:00', 920, 3734, 46, 71.3997, 0, 14, 67.17, NULL, 3),
(38, '2017-08-13 21:00:00', 0, 0, 0, 0, 0, 2, 0, '2017-08-14 11:23:07', 1),
(39, '2017-08-14 21:00:00', 689, 0, 12, 3.08988, 1.5, 14, 55.692, NULL, 3),
(40, '2017-08-15 21:00:00', 5247, 2420, 105.5, 72.6, 0, 14, 41.2, NULL, 3),
(41, '2017-08-16 21:00:00', 8780, 745, 20, 262.89, 257.089, 14, 185.446, NULL, 3),
(42, '2017-08-17 21:00:00', 9235, 0, 0, 277.05, 0, 14, 0, NULL, 3),
(43, '2017-08-18 21:00:00', 868, 0, 0, 27.51, 48.0285, 14, 21, NULL, 3),
(44, '2017-08-19 21:00:00', 4220, 920, 0, 154.2, 0, 14, 26.5, NULL, 3),
(45, '2017-08-20 21:00:00', 219130, 0, 0, 6573.9, 0, 14, 130.305, NULL, 3),
(46, '2017-08-21 21:00:00', 0, 0, 0, 0, 0, 112, 0, '2017-08-22 16:55:21', 4),
(47, '2017-08-21 21:00:00', 480, 610, 0, 32.7, 0, 14, 61, NULL, 3);

-- --------------------------------------------------------

--
-- Структура таблицы `shop_seller_stat`
--

CREATE TABLE `shop_seller_stat` (
  `id` int(11) NOT NULL,
  `user_id` int(11) NOT NULL,
  `start_date` timestamp NULL DEFAULT NULL,
  `end_date` timestamp NULL DEFAULT NULL,
  `work_day` varchar(20) DEFAULT NULL,
  `shop_id` int(11) NOT NULL
) ENGINE=InnoDB DEFAULT CHARSET=utf8;

--
-- Дамп данных таблицы `shop_seller_stat`
--

INSERT INTO `shop_seller_stat` (`id`, `user_id`, `start_date`, `end_date`, `work_day`, `shop_id`) VALUES
(1, 9, '2017-06-15 11:53:02', NULL, NULL, 2),
(2, 9, '2017-06-15 12:10:10', NULL, NULL, 2),
(3, 9, '2017-06-16 06:16:07', NULL, NULL, 2),
(4, 9, '2017-06-19 14:01:11', NULL, NULL, 2),
(5, 9, '2017-06-20 06:18:19', NULL, NULL, 2),
(6, 9, '2017-06-20 06:25:11', NULL, NULL, 2),
(7, 2, '2017-06-20 07:23:29', NULL, NULL, 1),
(8, 9, '2017-06-20 12:58:03', NULL, NULL, 2),
(9, 9, '2017-06-21 05:26:17', NULL, NULL, 2),
(10, 14, '2017-06-22 13:39:22', NULL, NULL, 3),
(11, 2, '2017-06-27 06:04:07', NULL, NULL, 1),
(12, 2, '2017-06-30 12:47:42', NULL, NULL, 1),
(13, 112, '2017-07-13 09:46:23', NULL, NULL, 4),
(14, 112, '2017-07-15 09:01:13', NULL, NULL, 4),
(15, 2, '2017-07-20 11:32:55', NULL, NULL, 1),
(16, 2, '2017-07-20 12:08:22', NULL, NULL, 1),
(17, 2, '2017-07-21 06:06:41', NULL, NULL, 1),
(18, 2, '2017-07-26 14:48:48', NULL, NULL, 1),
(19, 2, '2017-07-28 06:55:25', NULL, NULL, 1),
(20, 2, '2017-07-28 06:57:03', NULL, NULL, 1),
(21, 2, '2017-07-28 08:48:41', NULL, NULL, 1),
(22, 2, '2017-07-28 08:48:50', NULL, NULL, 1),
(23, 2, '2017-07-28 11:30:26', NULL, NULL, 1),
(24, 2, '2017-07-31 11:32:34', NULL, NULL, 1),
(25, 2, '2017-08-01 09:59:49', NULL, NULL, 1),
(26, 2, '2017-08-01 14:11:13', NULL, NULL, 1),
(27, 2, '2017-08-01 14:22:04', NULL, NULL, 1),
(28, 2, '2017-08-01 15:47:26', NULL, NULL, 1),
(29, 2, '2017-08-02 06:16:01', NULL, NULL, 1),
(30, 2, '2017-08-02 06:18:39', NULL, NULL, 1),
(31, 2, '2017-08-02 07:43:10', NULL, NULL, 1),
(32, 2, '2017-08-02 07:43:26', NULL, NULL, 1),
(33, 2, '2017-08-02 08:09:05', NULL, NULL, 1),
(34, 14, '2017-08-10 06:10:02', NULL, NULL, 3),
(35, 2, '2017-08-14 08:23:07', NULL, NULL, 1),
(36, 2, '2017-08-15 06:37:44', NULL, NULL, 1),
(37, 112, '2017-08-22 13:55:21', NULL, NULL, 4),
(38, 112, '2017-08-23 05:35:54', NULL, NULL, 4);

-- --------------------------------------------------------

--
-- Структура таблицы `shop_shops`
--

CREATE TABLE `shop_shops` (
  `id` int(11) NOT NULL,
  `name` varchar(255) NOT NULL,
  `description` text,
  `address` text,
  `phone` varchar(20) DEFAULT NULL,
  `created_at` timestamp NOT NULL DEFAULT CURRENT_TIMESTAMP,
  `requisites` text NOT NULL
) ENGINE=InnoDB DEFAULT CHARSET=utf8;

--
-- Дамп данных таблицы `shop_shops`
--

INSERT INTO `shop_shops` (`id`, `name`, `description`, `address`, `phone`, `created_at`, `requisites`) VALUES
(1, 'Тестовый магазин', 'Тестовый магазин', 'Чернигов', '+380935994767', '2017-05-24 08:37:43', ''),
(3, 'Северская', '', 'Западная д.41', '+79284448427', '2017-06-22 13:35:19', 'ООО "АТК"'),
(4, 'Натухаевская', '', 'Ст. Натухаевская, ул. Красная д.38', '+79615000117', '2017-07-13 06:43:00', 'ООО АТК');

-- --------------------------------------------------------

--
-- Структура таблицы `user_profiles`
--

CREATE TABLE `user_profiles` (
  `id` int(11) NOT NULL,
  `user_id` int(11) NOT NULL,
  `surname` varchar(100) DEFAULT NULL,
  `name` varchar(100) DEFAULT NULL,
  `patronymic` varchar(100) DEFAULT NULL,
  `date_birth` datetime DEFAULT NULL,
  `gender` varchar(6) NOT NULL,
  `phone` varchar(15) DEFAULT NULL
) ENGINE=InnoDB DEFAULT CHARSET=utf8;

--
-- Дамп данных таблицы `user_profiles`
--

INSERT INTO `user_profiles` (`id`, `user_id`, `surname`, `name`, `patronymic`, `date_birth`, `gender`, `phone`) VALUES
(1, 1, 'Бублик', 'Евгений', 'Владимирович', '1992-05-14 00:00:00', 'male', '+380935994767'),
(2, 2, 'Продавец', 'Продавец', 'Продавец', NULL, 'male', ''),
(3, 3, 'Сажин', 'Максим', 'Батькович', NULL, 'male', ''),
(4, 4, 'Клиентбонусный', 'Клиентбонусный', 'Клиентбонусный', NULL, 'male', ''),
(5, 5, 'Клиентскидочный', 'Клиентскидочный', 'Клиентскидочный', NULL, 'male', ''),
(6, 6, 'Менеджер', 'Менеджер', 'Менеджер', NULL, 'male', ''),
(7, 7, 'Оператор', 'Оператор', 'Оператор', NULL, 'male', ''),
(8, 8, 'Админ', 'Админ', 'Админ', NULL, 'male', ''),
(11, 11, 'Гуреев', 'Александр', 'Александрович', NULL, 'male', '89284442001'),
(12, 12, 'Гуреев', 'Александер', 'Александрович', NULL, 'male', '+79284442001'),
(13, 13, 'Гуреев', 'Александер', 'Александрович', '1970-01-01 00:00:00', 'male', '+79284442001'),
(14, 14, 'Подшивалова', 'Екатерина', 'Александровна', '2023-04-19 00:00:00', 'female', '+79284448427'),
(15, 15, 'Островский', 'Николай', 'Николаевич', NULL, 'male', '+79628652426'),
(16, 16, 'Фомин', 'Олег', 'Анатольевич', '2022-10-19 00:00:00', 'male', '89186966034'),
(17, 17, 'Кухта', 'Николай', 'Иванович', '1956-07-28 00:00:00', 'male', '89189915148'),
(18, 18, 'Бордонос', 'Наталья', 'Юрьевна', '1978-11-07 00:00:00', 'female', '89184692556'),
(19, 19, 'Прибыльцов', 'Валерий', 'Владимирович', '1958-05-30 00:00:00', 'male', '89648991102'),
(20, 20, 'Сомохина', 'Светлана', 'Дмитриевна', '1961-03-31 00:00:00', 'female', '89385266519'),
(21, 21, 'Найда', 'Виталий', 'Геннадиевич', '1985-08-30 00:00:00', 'male', '89184756297'),
(22, 22, 'Колесник', 'Ольга', 'Сергеевна', '1965-07-23 00:00:00', 'female', '89180375996'),
(23, 23, 'Горбенко', 'Нина', 'Васильевна', '1967-06-29 00:00:00', 'female', '89183210151'),
(24, 24, 'Захарченко', 'Мария', 'Сергеевна', '1992-04-19 00:00:00', 'female', '89002656797'),
(25, 25, 'Компанцева', 'Анна', 'Владимировна', '1981-05-12 00:00:00', 'female', '89615349383'),
(26, 26, 'Шушлебин', 'Алексей', 'Григорьевич', '1957-11-18 00:00:00', 'male', '89189861007'),
(27, 27, 'Подлепаев', 'Сергей', 'Владимирович', '1975-07-20 00:00:00', 'male', '89186941962'),
(28, 28, 'Чистякова', 'Галина', 'Станиславовна', '1955-06-25 00:00:00', 'female', '89183351439'),
(29, 29, 'Хайтиди', 'Анатолий', 'Васильевич', NULL, 'male', '89183451962'),
(30, 30, 'Матыцын', 'Сергей', 'Петрович', '1953-05-16 00:00:00', 'male', '89183931657'),
(31, 31, 'Головатюк', 'Сергей', 'Анатольевич', NULL, 'male', '89181482646'),
(32, 32, 'Власова', 'Христина', 'Марковна', '1959-03-04 00:00:00', 'female', '89183381515'),
(33, 33, 'Матченко', 'Ольга', 'Юлиановна', '1953-02-14 00:00:00', 'female', '89183493144'),
(34, 34, 'Измайлова', 'Валентина', 'Николаевна', '1955-07-02 00:00:00', 'female', '89189351481'),
(35, 35, 'Осмаков', 'Виктор', 'Федорович', NULL, 'male', '89883420067'),
(36, 36, 'Меньшикова', 'Татьяна', 'Анатольевна', '1956-09-19 00:00:00', 'female', '89002443101'),
(37, 37, 'Бакарджиева', 'Светлана', 'Владимировна', '1974-09-10 00:00:00', 'female', '89183506427'),
(38, 38, 'Беликова', 'Елена', 'Григорьевна', '1973-07-12 00:00:00', 'female', '89615320012'),
(39, 39, 'Федоренко', 'Дмитрий', 'Иванович', '1977-01-09 00:00:00', 'male', '89189319643'),
(40, 40, 'Левкович', 'Роман', 'Юрьевич', '1983-04-01 00:00:00', 'male', '89183582211'),
(41, 41, 'Журавель', 'Артем', 'Олегович', '1996-06-06 00:00:00', 'male', '89183434903'),
(42, 42, 'Щербак', 'Елена', 'Николаевна', '1981-04-03 00:00:00', 'female', '89182775680'),
(43, 43, 'Муравко', 'Павел', 'Михайлович', '1958-12-16 00:00:00', 'male', '89180376866'),
(44, 44, 'Бардашова', 'Светлана', 'Богдановна', '1970-11-27 00:00:00', 'female', '89628628224'),
(45, 45, 'Согоян', 'Наталья', 'Александровна', '1979-12-31 00:00:00', 'female', '89181502595'),
(46, 46, 'Слепов', 'Виктор', 'Михайлович', '1960-06-12 00:00:00', 'male', '89183998190'),
(47, 47, 'Бут', 'Александра', 'Евгеньевна', '1982-07-29 00:00:00', 'female', '89184920659'),
(48, 48, 'Бас', 'Наталья', 'Викторовна', '1964-10-03 00:00:00', 'female', '89181423585'),
(49, 49, 'Блинков', 'Михаил', 'Николаевич', '1982-04-09 00:00:00', 'male', '89284111760'),
(50, 50, 'Левина', 'Лариса', 'Петровна', '1962-10-06 00:00:00', 'female', '89181508674'),
(51, 51, 'Садоян', 'Джаем', 'Рашидович', '1986-05-30 00:00:00', 'male', ''),
(52, 52, 'Коломицкая', 'Галина', 'Алексеевна', '1968-01-09 00:00:00', 'female', '89181746549'),
(53, 53, 'Горовик', 'Алексей', 'Сергеевич', '1979-03-21 00:00:00', 'male', '89284301724'),
(54, 54, 'Радченко', 'Валерий', 'Викторович', '1957-04-01 00:00:00', 'male', '89282079402'),
(55, 55, 'Распопина', 'Елена', 'Викторовна', '1969-03-05 00:00:00', 'female', '89181177439'),
(56, 56, 'Игнатенко', 'Ольга', 'Николаевна', '1972-07-27 00:00:00', 'female', '89181505608'),
(57, 57, 'Шубина', 'Анна', 'Николаевна', '1956-08-14 00:00:00', 'female', '89183479175'),
(58, 58, 'Химич', 'Александр', 'Александрович', '1963-01-01 00:00:00', 'male', '89180905587'),
(59, 59, 'Андрейко', 'Татьяна', 'Ивановна', '1956-10-08 00:00:00', 'female', '89615044071'),
(60, 60, 'Кормаченко', 'Олег', 'Анатольевич', '1978-09-30 00:00:00', 'male', '89282374937'),
(61, 61, 'Савичев', 'Александр', 'Павлович', NULL, 'male', '89385105911'),
(62, 62, 'Табакова', 'Наталья', 'Ивановна', '1977-02-26 00:00:00', 'female', '89189654597'),
(63, 63, 'Семенова', 'Анна', 'Георгиевна', '1963-06-19 00:00:00', 'female', '89184338921'),
(64, 64, 'Ярмак', 'Любовь', 'Ивановна', '1961-07-20 00:00:00', 'female', '89182962647'),
(65, 65, 'Белан', 'Елена', 'Вячеславовна', '1975-06-01 00:00:00', 'female', '89186831602'),
(66, 66, 'Ковригин', 'Илья', 'Геннадьевич', '1981-09-12 00:00:00', 'male', '89284035898'),
(67, 67, 'Чугунов', 'Александр', 'Александрович', NULL, 'male', '89883875404'),
(68, 68, 'Чумак', 'Валентина', 'Александровна', '1969-12-19 00:00:00', 'female', '89184604029'),
(69, 69, 'Терешагина', 'Людмила', 'Борисовна', '1978-06-09 00:00:00', 'female', '89186388015'),
(70, 70, 'ККостров', 'Сергей', 'Николаевич', '1962-04-29 00:00:00', 'male', '89183839052'),
(71, 71, 'Курбанова', 'Ирина', 'Анатольевна', '1982-02-18 00:00:00', 'female', '89898153390'),
(72, 72, 'Соколов', 'Александр', 'Сергеевич', '1984-10-10 00:00:00', 'male', '892803883615'),
(73, 73, 'Зайцева', 'Валентина', 'Петровна', NULL, 'female', '89182664717'),
(74, 74, 'Чанчикова', 'Татьяна', 'Александровна', '1956-09-07 00:00:00', 'female', '89186506236'),
(75, 75, 'Русанова', 'Антонина', 'Михайловна', '1955-09-15 00:00:00', 'female', '89184817297'),
(76, 76, 'Блохин', 'Андрей', 'Иванович', '1955-10-24 00:00:00', 'male', '89183781028'),
(77, 77, 'Шпорт', 'Наталья', 'Алексеевна', '1961-10-21 00:00:00', 'female', '89184612694'),
(78, 78, 'Сокол', 'Григорий', 'Кириллович', '1963-05-01 00:00:00', 'male', '89184883845'),
(79, 79, 'Залесский', 'Андрей', 'Евгениевич', '1983-09-22 00:00:00', 'male', '89180226722'),
(80, 80, 'Крайнова', 'Светлана', 'Михайловна', '1961-07-21 00:00:00', 'female', '89280372154'),
(81, 81, 'Яковлев', 'Сергей', 'Васильевич', '1975-07-28 00:00:00', 'male', '89181441929'),
(82, 82, 'Алентьева', 'Елена', 'Андреевна', '1997-05-04 00:00:00', 'female', '89530816554'),
(83, 83, 'Кравченко', 'Светлана', 'Анатольевна', '1972-09-27 00:00:00', 'female', '89184801329'),
(84, 84, 'Пастухова', 'Людмила', 'Владимировна', '1964-12-14 00:00:00', 'female', '89181992241'),
(85, 85, 'Климова', 'Анжелла', 'Викторовна', '1967-09-23 00:00:00', 'female', '89892642327'),
(86, 86, 'Ильченко', 'Михаил', 'Валерьевич', '1979-10-08 00:00:00', 'male', '89181204839'),
(87, 87, 'Дмитриев', 'Леонид', 'Константинович', '1974-02-28 00:00:00', 'male', '89180956303'),
(88, 88, 'Николаенко', 'Надежда', 'Федоровна', '1964-09-26 00:00:00', 'female', '89183597034'),
(89, 89, 'Григорьянц', 'Оксана', 'Георгиевна', '1975-05-09 00:00:00', 'female', '89183503948'),
(90, 90, 'Жильцова', 'Галина', 'Николаевна', NULL, 'female', '89181502076'),
(91, 91, 'Щерба', 'Алексей', 'Викторович', '1981-02-08 00:00:00', 'male', '89180315820'),
(92, 92, 'Шамраев', 'Геннадий', 'Петрович', '1973-08-30 00:00:00', 'male', '89280405608'),
(93, 93, 'Павлов', 'Олег', 'Григорьевич', '1962-03-13 00:00:00', 'male', '89183807126'),
(94, 94, 'Моисеенко', 'Евгений', 'Александрович', '1971-11-25 00:00:00', 'male', '89186716171'),
(95, 95, 'Демешко', 'Ирина', 'Николаевна', '1964-04-22 00:00:00', 'female', '89183759918'),
(96, 96, 'Гнедаш', 'Андрей', 'Николаевич', NULL, 'male', '89184310072'),
(97, 97, 'Кийко', 'Павел', 'Сергеевич', '1986-02-02 00:00:00', 'male', '89180427464'),
(98, 98, 'Попов', 'Алексей', 'Петрович', NULL, 'male', '89891201974'),
(99, 99, 'Романовская', 'Ирина', 'Васильевна', '1959-12-13 00:00:00', 'female', '89885272772'),
(100, 100, 'Яцкая', 'Анжелика', 'Николаевна', NULL, 'female', '89189337618'),
(101, 101, 'Веденникова', 'Елена', 'Владимировна', '1970-03-10 00:00:00', 'female', '89183634855'),
(102, 102, 'Ладебная', 'Анжелика', 'Викторовна', '1980-06-26 00:00:00', 'female', '891817386'),
(103, 103, 'Шматко', 'Наталья', 'Григорьевна', '1997-03-24 00:00:00', 'female', '89184549033'),
(104, 104, 'Батурин', 'Виктор', 'Викторович', '1974-08-11 00:00:00', 'male', '89182189812'),
(105, 105, 'Омельяненко', 'Олег', 'Александрович', '1979-04-01 00:00:00', 'male', '89184497447'),
(106, 106, 'Павлова', 'Татьяна', 'Николаевна', '1959-02-21 00:00:00', 'female', '89182517262'),
(107, 107, 'Оглы', 'Михаил', 'Найшаевич', '1970-01-17 00:00:00', 'male', '89183832418'),
(108, 108, 'Фарафонов', 'Владимир', 'Иванович', '1954-02-14 00:00:00', 'male', '89181351743'),
(109, 109, 'Стадник', 'Владимир', 'Валериевич', '1977-11-01 00:00:00', 'male', '89615300345'),
(110, 110, 'Шкуропатова', 'Галина', 'Ивановна', '1958-11-21 00:00:00', 'female', '89182523956'),
(111, 111, 'Синицкая', 'Инна', 'Александровна', '1970-10-22 00:00:00', 'female', '89189584115'),
(112, 112, 'Шауров', 'Тимофей', 'Михайлович', '1993-05-07 00:00:00', 'male', '+79615000117'),
(113, 113, 'Сетраков', 'Павел', 'Васильевич', '1977-07-22 00:00:00', 'male', '89284251389'),
(114, 114, 'Шишкин', 'Александр', 'Сергеевич', '1981-11-18 00:00:00', 'male', '89186556594'),
(115, 115, 'Бровкина', 'Екатерина', 'Викентьевна', '1989-07-28 00:00:00', 'female', '89086745123'),
(116, 116, 'Коробов', 'Александр', 'Леонидович', NULL, 'male', ''),
(117, 117, 'Сонин', 'Олег', 'Петрович', '1977-07-23 00:00:00', 'male', '89880804213');

-- --------------------------------------------------------

--
-- Структура таблицы `user_users`
--

CREATE TABLE `user_users` (
  `id` int(11) NOT NULL,
  `role_id` smallint(1) DEFAULT '0',
  `email` varchar(100) NOT NULL,
  `login` varchar(50) NOT NULL,
  `password_hash` varchar(100) NOT NULL,
  `reset_password_token` int(11) DEFAULT NULL,
  `auth_key` varchar(32) NOT NULL,
  `blocked_at` timestamp NULL DEFAULT NULL,
  `confirm_email_at` timestamp NULL DEFAULT NULL,
  `register_ip` varchar(15) NOT NULL,
  `created_at` timestamp NULL DEFAULT NULL,
  `updated_at` timestamp NULL DEFAULT NULL,
  `cookies` text,
  `now_in_shop` int(11) DEFAULT NULL
) ENGINE=InnoDB DEFAULT CHARSET=utf8;

--
-- Дамп данных таблицы `user_users`
--

INSERT INTO `user_users` (`id`, `role_id`, `email`, `login`, `password_hash`, `reset_password_token`, `auth_key`, `blocked_at`, `confirm_email_at`, `register_ip`, `created_at`, `updated_at`, `cookies`, `now_in_shop`) VALUES
(1, 1, 'jeka.deadline@gmail.com', 'admin', '$2y$13$gAtlJ6HstvWpIE.LFzJvD.FlWeVOBnbw5dtjySj43UMktUXOyq/Mq', NULL, '052ab34597a0d0b2437841e8e3da2e8c', NULL, '2017-05-24 08:36:49', '127.0.0.1', NULL, NULL, NULL, NULL),
(2, 2, 'seller@yandex.ru', 'seller', '$2y$13$Kc1RmP9JPFJbizVxTMvNUuzG6iswAyvym.Pw6L32rV9hXEWioZC.u', NULL, '5CFRUenYSecvubvKVAsh1b6MoDS4XjFP', NULL, '2017-05-24 08:38:33', '46.149.89.114', NULL, NULL, '2017-08-15', 1),
(3, 1, 'sajin@gmail.com', 'sajin', '$2y$13$987DXD1sAiypCE3MPXd7k.1LX8DvHU6bQS/x3uAiRTJJ.vW03Y8qq', NULL, 'xqCIT2sdd0iHyC0mGtD-083RRuCpMGoy', NULL, '2017-05-24 09:11:29', '46.149.89.114', NULL, NULL, '2017-08-29', NULL),
(4, 3, 'clientbonus@yandex.ru', 'clientbonus', '$2y$13$B25FMjej.Swei7NgQ9EL2OQnZ2cdwRrp8d2py9m0co5yGIsXvxhnq', NULL, 'jwIkZN-ystLuhA-72Sdhja6vksXruxBN', NULL, '2017-06-01 13:41:19', '46.149.94.229', NULL, NULL, NULL, NULL),
(5, 3, 'clientdiscount@yandex.ru', 'clientdiscount', '$2y$13$vUNo0lhyr6SkaW84fmmR/.gnifB8OYa1.OPOfmcOcyXfdHi3tBVVG', NULL, 'dwmGo0EQzSRHGANccsJe1QZ14jXBaoE3', NULL, NULL, '46.149.94.229', NULL, NULL, NULL, NULL),
(6, 5, 'manager@yandex.ru', 'manager', '$2y$13$GEuFtR57qt0aQYE/x85R0eK7UT08I3BaM1oZlG2r.JUcsws2.1lTK', NULL, 'JyoIOuOLoM_u-cifABkzGdlXN8gvviDM', NULL, NULL, '46.149.94.229', NULL, NULL, NULL, NULL),
(7, 4, 'operator@yandex.ru', 'operator', '$2y$13$DoEutLwEyLVfM5GillH.YehBw017kHxHs5lnwwkziEOv/C4xN/Oti', NULL, '-5D3EiEdwh2g-jQFbho56hpCZ1aSMFeP', NULL, NULL, '46.149.94.229', NULL, NULL, NULL, NULL),
(8, 1, 'tshaurov@yandex.ru', 'tshaurov', '$2y$13$Wxsls0gC6KGTWG5zDHzH/.lBMHUsrNhllACt2/RlzkDoPY4tOimYS', NULL, 'zNweFItmhvErGjRjYouiojRjhDJW9m6b', NULL, '2017-06-14 14:11:53', '46.149.94.229', NULL, NULL, '2017-08-22', NULL),
(11, 3, 'ads@yandex.ru', 'ads', '$2y$13$sJee9sdB32Vd97c.VkjUjOfQqqrrL3iRxKV.uibrg2R3O02vIRLXy', NULL, 'vzfWKYs5YR_HOWwXvcpCsvs8HY0CUxBf', NULL, NULL, '85.26.186.70', NULL, NULL, NULL, NULL),
(12, 5, 'Gyreev-86@bigmir.net', 'GyreevAA', '$2y$13$PyuP..BNiRbl4KeoXynwZe33rtToqK9mF4NEp4aClARJgl7/A9Ue.', NULL, '5P875os58fnS01NsW3URpDVpC_maDFfR', NULL, NULL, '85.26.186.80', NULL, NULL, NULL, NULL),
(13, 1, 'admin@admin.ru', 'adminn', '$2y$13$yZ1.0Yvb3PkkrwECZr1JaOD3KooLXeAP7jP4IX74Kn6KYJmquCMJS', NULL, 'RJSQMqZIgBTse_fZBmUxA2O941F_P3UX', NULL, NULL, '85.26.186.80', NULL, NULL, NULL, NULL),
(14, 2, 'katerina231983@yandex.ru', 'ekaterina', '$2y$13$6Hy5mNjUuz3.SmLVEwnTq.kidLvbAnrbOaC3HZfh.UrBLo7drbhL2', NULL, 'T2CH9tIQXcdimJQJ_hSHKVdVw31kxAjm', NULL, '2017-06-22 13:38:38', '85.26.183.106', NULL, NULL, '2017-08-10', 3),
(15, 3, 'Abc1@yandex.ru', 'Abc', '$2y$13$Vq0hHxBObDCRcNzEBmZH2e5kJsRXCk0z0wHa9sRG0wTHXIAmoZNDa', NULL, 'Xxzm5D2hiA4b34c1sv04T2382IMPkBrx', NULL, NULL, '188.170.196.48', NULL, NULL, NULL, NULL),
(16, 3, 'Fominseberiak@mail.ru', 'Fominseberiak', '$2y$13$WhxuLiAOUVjo.RVeEsred.aUiiU7L7UonSJZUFn0BTKNNbrEKdv/a', NULL, 'HI8ePDfGkeVuqNtN8soEr_52pfQ2tuYG', NULL, NULL, '188.170.193.179', NULL, NULL, NULL, NULL),
(17, 3, 'kuhta@mail.ru', 'kuhta', '$2y$13$sAWCnblNhrBR3ynMtDdgOu0PzAdISCwzMkNKnhwSkdVpJ9jRapdP6', NULL, '3j09qZEJkHvYrLby8_o-ot-MNHjkUy6v', NULL, NULL, '185.3.33.190', NULL, NULL, NULL, NULL),
(18, 3, 'Bordonos@mail.ru', 'Bordonos', '$2y$13$6imW53ihh6bFYWBtZJgJV.WLzMx740DBmibPQ.SdbfDyG1WCwFVji', NULL, 'ZlbWnxqSR4TdpbYFGlw_JRU3REEZe-OX', NULL, NULL, '185.3.33.190', NULL, NULL, NULL, NULL),
(19, 3, 'pribilcov@mail.ru', 'pribilcov', '$2y$13$PL/8lHi1D8Pk4d2m4Ao6BuLCRTnFla5gVSDvlT5qwk4RDyUDVGn0C', NULL, 'Zy4-8oXv9GuANuDgmHP84wRoBA1Um7q7', NULL, NULL, '185.3.33.190', NULL, NULL, NULL, NULL),
(20, 3, 'somohina@mail.ru', 'somohina', '$2y$13$bIgc5z.gQDO06YC8nmBZGuxBBz2ymPAW99mNKg6BLlcEMaHXYzBI6', NULL, 'WSbxrVisrueeRwdvR11f4pSwg4pYDP5B', NULL, NULL, '185.3.33.190', NULL, NULL, NULL, NULL),
(21, 3, 'nayda@mail.ru', 'nayda', '$2y$13$YpQJFAG.rv5WIFJYKzm9f.u4DZlNprvu3vgzeTaLr5YekhMB.70gi', NULL, 'U_E4R1PICjUBUXjfg_C0bTbYITNFh66Y', NULL, NULL, '185.3.33.190', NULL, NULL, NULL, NULL),
(22, 3, 'kolesnikos@mail.ru', 'kolesnikos', '$2y$13$GgzUvDvLnpioasPLgjjoLOkFCYTzqTxTL1TIPlEVsnruBwjCnUGxy', NULL, '3VkqsF4fFQtLtt0LgO26FOWi1-BJTXSk', NULL, NULL, '185.3.33.190', NULL, NULL, NULL, NULL),
(23, 3, 'gorbenkonv@mail.ru', 'gorbenkonv', '$2y$13$JuJx9Lmaye610A3UBMZ7FOhvF40WBGg6ASGGymIc334.LO5xIoGYq', NULL, 'zjdmOQBZHrW7qROgIPuP4g1CgioSpFER', NULL, NULL, '185.3.33.190', NULL, NULL, NULL, NULL),
(24, 3, 'zaharchenkoms@mail.ru', 'zaharchenkoms', '$2y$13$CfLNEXaEhJ1OahHkTtA2XeOcXgeFzS0z1tuSv03yXZ0Q4t6XcJGjO', NULL, '22UB9StHBZmlVdg-Ywq_KfV5iTVmmuNu', NULL, NULL, '185.3.33.190', NULL, NULL, NULL, NULL),
(25, 3, 'kompancevaav@mail.ru', 'kompancevaav', '$2y$13$hH/0b7JJHToHhTlP5seA7Oig3/WXTgyqNkMYkCbwIJmzWHOMEVifq', NULL, 'qkND6fidL5Sr5NAwXu8bYEAaUb22kn0_', NULL, NULL, '185.3.33.190', NULL, NULL, NULL, NULL),
(26, 3, 'shushlebinag@mail.ru', 'shushlebinag', '$2y$13$4t5L3J96Zgj6b1tRWAN0genrHal9.RZZurJGjBVjvzoQgM8CCe1fu', NULL, 'JR2riaiW6cK1vD-_FK_r8MgzeDETKSGe', NULL, NULL, '185.3.33.190', NULL, NULL, NULL, NULL),
(27, 3, 'podlepaevsv@mail.ru', 'podlepaevsv', '$2y$13$9E8GkYmHskRLRgcSm6MQq.5gl9Y/PhvLPczdNq/sufQIg8Z/VLbxW', NULL, 'F6V3vx7PPT8bM9enccUYIW2z3jMbt8DO', NULL, NULL, '185.3.33.190', NULL, NULL, NULL, NULL),
(28, 3, 'chistyakovags@mail.ru', 'chistyakovags', '$2y$13$zgipgYAmNaC2qdTg9VxUPuXVK.MEhAmc/APRi2tk4FH5EO6FrG7Vy', NULL, 'tBh39lWliPn69_g_cezyHFZwjLCFpRiG', NULL, NULL, '185.3.33.190', NULL, NULL, NULL, NULL),
(29, 3, 'haytidiav@mail.ru', 'haytidiav', '$2y$13$ZYePabv098tg5yNbVM3uSe.YN4OAet1p3dRwg/X88WItFaUhFlOHa', NULL, 'NotqpvyGGWYNnq9KbQPE4lNzdoQOszJw', NULL, NULL, '185.3.33.190', NULL, NULL, NULL, NULL),
(30, 3, 'maticinsp@mail.ru', 'maticinsp', '$2y$13$zObyQ/33izZraJawqOspo.P/hq14BhFaX1.QLIAdqfFkX7GeYhH3i', NULL, 'kHoJU66ZdiupoM0DhNOzIwCqxYj8KmLd', NULL, NULL, '185.3.33.190', NULL, NULL, NULL, NULL),
(31, 3, 'golovatyuksa@mail.ru', 'golovatyuksa', '$2y$13$Svzvt4rHF1k0ZTvLyjrT0e1s7LIYKM.Nny3OZLhQX71/OSZrwc9uK', NULL, 'OwKsKTREzBlqBFCWGlcCilIS7kCzHvZU', NULL, NULL, '185.3.33.190', NULL, NULL, NULL, NULL),
(32, 3, 'vlasovahm@mail.ru', 'vlasovahm', '$2y$13$TaVy9yX7xKJ.HxzpZ79d6usbLEb7qf236ErmL77KdWm7STzWTZbqC', NULL, 'xc5dkZr0GUM7Mr1FMeQ-Qayi9TgarxSM', NULL, NULL, '185.3.33.190', NULL, NULL, NULL, NULL),
(33, 3, 'matchenkooyu@mail.ru', 'matchenkooyu', '$2y$13$scroUzRuDN632WbQNSzN1.F1U/ndRys7pSb7LWNCIixdx.nm3ImO.', NULL, 'RqeDALYCmhE8z7hym1vio91pZLmlCWaM', NULL, NULL, '185.3.33.190', NULL, NULL, NULL, NULL),
(34, 3, 'izmaylovavn@mail.ru', 'izmaylovavn', '$2y$13$zEDXclkm9Rm1gOykvwIAIeiV.6dft59YlHKJnRltCuEfYrWVHq.aW', NULL, 'TlRluhgcqvxGBI1Z-b2jjXgQbFzLVNgh', NULL, NULL, '185.3.33.190', NULL, NULL, NULL, NULL),
(35, 3, 'osmak19@mail.ru', 'osmakovvf', '$2y$13$85bKzvB2OX3hdU9xaK/Aiumdi2Jc/u7cWW4c6XJ20XJ8LRvOWq/jG', NULL, 'D35IDsF7tOYfFwIUmmgJ5Hd6gNVL7ZVp', NULL, NULL, '185.3.33.190', NULL, NULL, NULL, NULL),
(36, 3, 'menshikovata@mail.ru', 'menshikovata', '$2y$13$tbldmdVB.C0EUrwAL2J1SecAQ1ZfQSnT9j6PustmyszpL3e.91Iry', NULL, 'WXVhoQzqysSeC_0kTgf6cnMpW__ce0HK', NULL, NULL, '185.3.33.190', NULL, NULL, NULL, NULL),
(37, 3, 'bakardzhievasv@mail.ru', 'bakardzhievasv', '$2y$13$wzalfQkacIxsGV8Lziii3eBGljopbiY.6g6Ck8tolj78J5jc0t3ku', NULL, 'd2Wf3xrqTN9W9sBwZ6cAVjkxWZ2x4tKP', NULL, NULL, '185.3.33.190', NULL, NULL, NULL, NULL),
(38, 3, 'belikovaeg@mail.ru', 'belikovaeg', '$2y$13$VShIA/S9jb3qFJIe43P8HeexwbSqDCBVgHV7DRYEQfj0JERgFnNp.', NULL, 'EXZuHOSoY65LIZ95CShBRkHs3pec6ppy', NULL, NULL, '185.3.33.190', NULL, NULL, NULL, NULL),
(39, 3, 'fedorenkodi@mail.ru', 'fedorenkodi', '$2y$13$lGX9uibi0cV7ahc.L9s2xuc4VKNkC6vV33LkdvHSdeOk91WTXuck.', NULL, '-OQ9UiZBJjPoDhSbPn4y9ayeZWO0CxTK', NULL, NULL, '185.3.33.190', NULL, NULL, NULL, NULL),
(40, 3, 'levkovichry@mail.ru', 'levkovichry', '$2y$13$F8VlyI81HGg8yfEE3NgP7OXtBp.fgJYrhKZrsDX6CbC8lqc0DCiqq', NULL, 'ncmxAAHFs5cXrd2fkLRM1ZZA1IDU3whB', NULL, NULL, '185.3.33.190', NULL, NULL, NULL, NULL),
(41, 3, 'yuravelao@mail.ru', 'yuravelao', '$2y$13$DdiuZYPKnIW1LuZoYh6RGuXEErmqUY7cuIHMOMQL9hQLfvaqwvczy', NULL, '8Y0dezlQUhZp7ia5Qhr8CBgLASs96awb', NULL, NULL, '185.3.33.190', NULL, NULL, NULL, NULL),
(42, 3, 'sherbaken@mail.ru', 'sherbaken', '$2y$13$5qEA2YC/ikBxk.D66GhlEu6.eIICF7T7zntxUVh7emTNv0WuSRU.e', NULL, 'KJUpzui5CPHkhtdRc8KxhcrpotXNdgbE', NULL, NULL, '185.3.33.190', NULL, NULL, NULL, NULL),
(43, 3, 'muravkopm@mail.ru', 'muravkopm', '$2y$13$4XXeN14sWGtSx.6cphTq6OmTX7mbLNyE.v5ELQ9cDyF45CXOl1gSu', NULL, '45ti_oHdfG7h33IYABHdjoiIe_oHEAYd', NULL, NULL, '185.3.33.190', NULL, NULL, NULL, NULL),
(44, 3, 'bardashovasb@mail.ru', 'bardashovasb', '$2y$13$t6zYhLg5qBcitaCQS.WYwOcC1wzpOSOexIe0mZ7Mp/N.YTod/PU8G', NULL, '4UwW0C48wntdOn5ZuR5uD5kY31ga5gqf', NULL, NULL, '185.3.33.190', NULL, NULL, NULL, NULL),
(45, 3, 'sogoyanna@mail.ru', 'sogoyanna', '$2y$13$L3402NpD4EFInRxhu8bZeOjtC0giaMSz3PdUtw5q0pbqS0f4FEqbu', NULL, 'ks_cyt62AifZ_G2wQ_UuyehIDrFXREUm', NULL, NULL, '185.3.33.190', NULL, NULL, NULL, NULL),
(46, 3, 'slepovvm@mail.ru', 'slepovvm', '$2y$13$iYhBEk2wahkaPIt.4JM/OezHeFMrD60elX7uNg50TS83NgkW3R15i', NULL, 'NtVbHeDTK_uqUthXCOOl9pRVW06Yt4rs', NULL, NULL, '185.3.33.190', NULL, NULL, NULL, NULL),
(47, 3, 'butae@mail.ru', 'butae', '$2y$13$co4s/j0pO0SJ18pyZplqCOYJxOBtuYOqUTNykmOHKVclq6syYpOr.', NULL, 'EbefqrpsgQC0TArj-7zGpMD2Ots8b1MK', NULL, NULL, '185.3.33.190', NULL, NULL, NULL, NULL),
(48, 3, 'busnv@mail.ru', 'busnv', '$2y$13$1OwJDjShD1gsQJ37ESqwse0fS0R3Zvw74I5SEv9geDr3Zvr85fPFm', NULL, 'tp1wDohH7JaEfgcsOgH4YPYTofRil3wV', NULL, NULL, '185.3.33.190', NULL, NULL, NULL, NULL),
(49, 3, 'blinkovmn@mail.ru', 'blinkovmn', '$2y$13$xHBRS5s9q07Wr8dHKHA1GeswQfggUnQysvhZLupItWMtaZoyzZxx.', NULL, 'iCD4QVtfIv6-pOCNli3VGckjRAQJ4FFM', NULL, NULL, '185.3.33.190', NULL, NULL, NULL, NULL),
(50, 3, 'levinalp@mail.ru', 'levinalp', '$2y$13$8gzJ6KRgK.7VBBT5DXADF.JfvXxRPcQd215Wif2zBt4JTUTAjrgNS', NULL, '9Sx2lvl0CETfyWGAF2LXNSxG2zvqQhR9', NULL, NULL, '185.3.33.190', NULL, NULL, NULL, NULL),
(51, 3, 'sadoyandr@mail.ru', 'sadoyandr', '$2y$13$WV6cBtHHSXJOhs5HSc5gaO0c6aMIbhp6oYvV//KxgduzADJ4k6gNC', NULL, 'c39Qu34f9ATE4FElc6pKqGZRofdZSLH5', NULL, NULL, '185.3.33.190', NULL, NULL, NULL, NULL),
(52, 3, 'kolomickayaga@mail.ru', 'kolomickayaga', '$2y$13$YFiHSsKTkZ8bneqrCrXDQ.shyqpd2VEbuoOo0Uuerar0ejQEMN5DG', NULL, 'fFKQ_L-M1HWsCnmvoJp_xPqJukDOoMjX', NULL, NULL, '185.3.33.190', NULL, NULL, NULL, NULL),
(53, 3, 'mr.nedobry@yandex.ru', 'gorovikas', '$2y$13$cBx1hBl/C7LM/rg2EX9Z9eLjTmlssE8K2k9hG5ya726ghUt9C.S3u', NULL, 'sV0BZw6gFBSYUU0eTxgkODFjXqgiZkn1', NULL, NULL, '185.3.33.91', NULL, NULL, NULL, NULL),
(54, 3, 'radchenkovv@mail.ru', 'radchenkovv', '$2y$13$6ulyBl7Jn9q2aaoCjYP1xu2DOXLWucH8bTKQqAZZspVKyq83DmhUC', NULL, 'KhWWifznNwj2JLBy5gSyIBM9B7CzOnGR', NULL, NULL, '185.3.33.91', NULL, NULL, NULL, NULL),
(55, 3, 'raspopinaev@mail.ru', 'raspopinaev', '$2y$13$B0CGfVhsHMovpGiYEUshQuVxOluWI9k7tn3aStpErPKG3tQM5u4ge', NULL, 'HJHzNiFrWfpBsAvS8N6b4X0QgX4HBRyR', NULL, NULL, '185.3.33.91', NULL, NULL, NULL, NULL),
(56, 3, 'ignatenkoon@mail.ru', 'ignatenkoon', '$2y$13$O8dwbnrkgJmgGyQ8UCDxnOvdoPiqJIVEyFd4/SWX/1ccTY5j8ewh2', NULL, '94jeEaP2zZEqrRMqxX6TDyYe3Xa0GA5G', NULL, NULL, '185.3.33.91', NULL, NULL, NULL, NULL),
(57, 3, 'shubinaan@mail.ru', 'shubinaan', '$2y$13$JPGmB31OEnEoipzV44PJUeqrSIatU8LofNvP6CwFoKhw4R3OIujaW', NULL, 'cjWyV7LQ6gSoGbJgn6aujr97SsvBj6Xj', NULL, NULL, '185.3.33.91', NULL, NULL, NULL, NULL),
(58, 3, 'himichaa@mail.ru', 'himichaa', '$2y$13$1JkSDIUM7MsoXEJ.SHPn4u3yFGqdIQ0UVm3kKbllHfeXfnNiFuF0e', NULL, 'HgQeREzQrCOO4Eon2uuFIT1kiRPESVAL', NULL, NULL, '185.3.33.91', NULL, NULL, NULL, NULL),
(59, 3, 'Andreykoti@mail.ru', 'Andreykoti', '$2y$13$n2Ie2EXHBa.i1YajEO1HvemRcQpMmOVLrF3UFkvrKV6kqSbq2HraO', NULL, 'EXwB6Ixc4syP4-CUC3er8tZfKgh_P8px', NULL, NULL, '185.3.33.91', NULL, NULL, NULL, NULL),
(60, 3, 'kormachenkooa@mail.ru', 'kormachenkooa', '$2y$13$8MS6pf0Nb/f2j9TTAq4m1uHfQcjgHSmoAWL3K/5XC3Uu26ojDGA7W', NULL, '97XZuv5Elova62sSNH3dN5FAEzA04gux', NULL, NULL, '185.3.33.91', NULL, NULL, NULL, NULL),
(61, 3, 'savichevap@mail.ru', 'savichevap', '$2y$13$wYWj2wX20NK3YN.OoVvioOjuLk8Sre0YrvfcEAV91mDko4najSoZ.', NULL, '-kou5hwUMYP7yOPlBfCbJ21q9DKRtPtb', NULL, NULL, '185.3.33.91', NULL, NULL, NULL, NULL),
(62, 3, 'tabakovani@mail.ru', 'tabakovani', '$2y$13$6Ll.P2jr3sBvIX0fig/WMumoKwpSYNuEgC2H0PszOzHwreqpoUkay', NULL, 'Ii01sM96SwrAlwDsORp5Wy79a03nxpQ2', NULL, NULL, '185.3.33.91', NULL, NULL, NULL, NULL),
(63, 3, 'semenovaag@mail.ru', 'semenovaag', '$2y$13$pM11DRWy8XLHPaKWgF8zEu/l4ErHSr6UW7RDxSM2f0Ic7IrdbfyQ6', NULL, 'ldoVsmLySO9J7d40Wa64-B8ATZS7ABko', NULL, NULL, '185.3.33.91', NULL, NULL, NULL, NULL),
(64, 3, 'yarmakli@mail.ru', 'yarmakli', '$2y$13$5FaKzQVCmdEUuXZU4Esaeu4cVX2r3HE4DlPB1FPZMriNbAjTPAYj.', NULL, 'PhJxkrOSU3E7ScxBgo8Aa22j2tLuwCYN', NULL, NULL, '185.3.33.91', NULL, NULL, NULL, NULL),
(65, 3, 'belanev@mail.ru', 'belanev', '$2y$13$GDiIA/kMV5PJs1LNzLXfieFbcixGDDQVL2RNVCCqMKyif8OjjIrl6', NULL, 'tq6fLOLDJr0ONp1krJUuRtXvMOQRO1oK', NULL, NULL, '185.3.33.91', NULL, NULL, NULL, NULL),
(66, 3, 'kovriginig@mail.ru', 'kovriginig', '$2y$13$8g5OBjE0OupsCTsszIEpfemFY/n/1PGjwXxqzn1xyubxGIt.4ErbS', NULL, '26d0PnuK2gLs1Yb8G_wi7ODZfOZL1xP0', NULL, NULL, '185.3.33.91', NULL, NULL, NULL, NULL),
(67, 3, 'Chugunovaa@mail.ru', 'Chugunovaa', '$2y$13$ispp0PMnMjMZ3VCRB3HJQ.NhgkRqDpZhg/.wvkwRjfHCELjxZSAw6', NULL, 'gc2qYg83hWJ3HwR5W8pvGsRVLXmbJe7l', NULL, NULL, '185.3.33.91', NULL, NULL, NULL, NULL),
(68, 3, 'chumakva@mail.ru', 'chumakva', '$2y$13$XzoI.MzWkly0xk3s3TIw1O1rVGW3nnjxDra9N/6A6yGZzbwrJHm7e', NULL, 'Ftz25o1dd5FUJRba8eb7SHjL5XdXeODN', NULL, NULL, '85.26.183.152', NULL, NULL, NULL, NULL),
(69, 3, 'tereshaginalb@mail.ru', 'tereshaginalb', '$2y$13$BDksIhqBoMKOyNlyZwvJGOsE2kadQQRYxNznWf2B1FU66//vLXYCi', NULL, 'rvltNwrGwAc1LmuDYQLGadpPbHRPtA21', NULL, NULL, '85.26.183.152', NULL, NULL, NULL, NULL),
(70, 3, 'Kostrovsn@mail.ru', 'Kostrovsn', '$2y$13$vFRjeIy1KX12HMmcUpy/tujXXbaF5BZgAhaf4rYlY.DMZpIsY58Hu', NULL, 'iJvuMSTNsSk5NXVrDw4E5GS3c5hMk9ku', NULL, NULL, '85.26.183.152', NULL, NULL, NULL, NULL),
(71, 3, 'kurbanovaia@mail.ru', 'kurbanovaia', '$2y$13$xzMqcRNrjNaYvnQaipZc..GxcDstTo7v6KFqeU124JYdC3ZSiOZJW', NULL, '3ZwU2zccbJiVl9ftjgTuKEdVAOSHAeHe', NULL, NULL, '85.26.183.152', NULL, NULL, NULL, NULL),
(72, 3, 'sokolovas@mail.ru', 'sokolovas', '$2y$13$uAeGEhQG/.XI465Nt0Zi5ejljzhdPMBY61TWWh5qnPbIBK1JrKXKa', NULL, 'uoyzwzKuBifjd9QW1u4VxvhIDn9pcACR', NULL, NULL, '85.26.183.152', NULL, NULL, NULL, NULL),
(73, 3, 'zaytsevavp@mail.ru', 'zaytsevavp', '$2y$13$5r5OsR/lTqOrKY.rft/mkO.1yNiC2njT4sgN2cj3RuXNFDp/D52uq', NULL, 'FJkv6iZPfe_VC39kAJ3S6cYDcpKdGalP', NULL, NULL, '85.26.183.152', NULL, NULL, NULL, NULL),
(74, 3, 'Chanchikovata@mail.ru', 'Chanchikovata', '$2y$13$VtXomwYgpuSlfDQNj9xPn.wEHGaLW0WghuWPJUKnzSDe/w3pCXJVC', NULL, 'mukxBChQmtH-m6OMgzUgoDQ1FOJ9Mbmm', NULL, NULL, '85.26.183.152', NULL, NULL, NULL, NULL),
(75, 3, 'rusanovaam@mail.ru', 'rusanovaam', '$2y$13$JYjPr4NaD0VoHrdjzHJB8eiSVP/ybaz2AN9zy7wSJ6kep8YIGlw0S', NULL, '4OLKMA5HlzTPlyp1s9sZ2TJqtc7pJRvn', NULL, NULL, '85.26.183.152', NULL, NULL, NULL, NULL),
(76, 3, 'blohinai@mail.ru', 'blohinai', '$2y$13$S0SIsa3j/Iuxu9Ksana/pOjCBM37i09.8T/LhWIMVUNqn1YQk.7W.', NULL, 'eT0boK0kv9hyPhs_Q1xD0WXDXoJnRrIb', NULL, NULL, '85.26.183.152', NULL, NULL, NULL, NULL),
(77, 3, 'shportna@mail.ru', 'shportna', '$2y$13$gBEWwXvQpQeOi5WVRBdbleFKvVT9zl9YQDtMltbo2j2vZFYoMDrfK', NULL, 'f24_1WAc-4I37bVVe5bh03AwofKLhNT5', NULL, NULL, '85.26.183.152', NULL, NULL, NULL, NULL),
(78, 3, 'sokolgk@mail.ru', 'sokolgk', '$2y$13$GBCA9gRUqDxE.J13l0nzjOAOU.HaTNbWQCUNe.GOxk8kq1YmUz.y.', NULL, 'HhaicDJalSGD1hSgTCHWfHSN5P97wNqp', NULL, NULL, '85.26.183.152', NULL, NULL, NULL, NULL),
(79, 3, 'zalesskiyae@mail.ru', 'zalesskiyae', '$2y$13$RgAvctLn3lOMubTsiB.0m.HmJVzVgCy3HX5p6vVbo8z8WQ7zA5zjS', NULL, 'FDE4mDn0shf_YYnz5E5hip8r_eSA--CZ', NULL, NULL, '85.26.183.152', NULL, NULL, NULL, NULL),
(80, 3, 'kraynovasm@mail.ru', 'kraynovasm', '$2y$13$bI3knBSrLnITE0GZX3KkJuEWMKjVh7cvDcYzyaW9atZ2WcPDMx9Zu', NULL, '4gHBmAV1Tavd1poH9_W4D2WEg7kPNb5i', NULL, NULL, '185.3.32.97', NULL, NULL, NULL, NULL),
(81, 3, 'yakovlevsv@mail.ru', 'yakovlevsv', '$2y$13$/5nlAXubarLPdnhsrvRsoOz1b35vUs8KkFUMMcY8EQ0x1sh9XzcZW', NULL, 'MBO9y44SG-XeVHGVAImOSdQM1bS01HaV', NULL, NULL, '185.3.32.97', NULL, NULL, NULL, NULL),
(82, 3, 'alentievaea@mail.ru', 'alentievaea', '$2y$13$rC2q87rqv2DU/3vwygDigOqAl9sR5UHCHJ6XCvOynp.h4b0UZ5XJG', NULL, 'tGPQbFJe_mLObQCwVWdDmIgBdMPBOmkE', NULL, NULL, '185.3.32.97', NULL, NULL, NULL, NULL),
(83, 3, 'kravchenkosa@mail.ru', 'kravchenkosa', '$2y$13$r8uzAAFocIvkdWj4kmdH3eYzndsFqRNZijQyXYGbJ0TVM6y/I52HC', NULL, 'mqDXtirpK7OEkb2tlcbORwCErbfSk-s-', NULL, NULL, '185.3.32.97', NULL, NULL, NULL, NULL),
(84, 3, 'pastuhovalv@mail.ru', 'pastuhovalv', '$2y$13$SfmZp2hqNjfSjphO3zsHVOjCGioZZNorvtpLADleNbWKlG8xG3fia', NULL, 'a6zTYT7r8jlEdc-c6iYudkijBYGhc4-f', NULL, NULL, '185.3.32.97', NULL, NULL, NULL, NULL),
(85, 3, 'klimovaav@mail.ru', 'klimovaav', '$2y$13$nkBfrq1dCthX/rjxztn5aOVElMEdgYmKMJIBSV9RO.Yu1.HFe0F6W', NULL, 'lGzliWfvkKmCP8J253BIVtwj3zxRVmyA', NULL, NULL, '185.3.32.97', NULL, NULL, NULL, NULL),
(86, 3, 'ilchenkomv@mail.ru', 'ilchenkomv', '$2y$13$ylZyJr/G2NftKMx7yiZsQO1IrG5PgFjuwXsvNcRUUSmpTtEt.v0Om', NULL, 'gGrhzLabnmBM3REvw2Vpa-aJeOzRUOAo', NULL, NULL, '185.3.32.97', NULL, NULL, NULL, NULL),
(87, 3, 'leonid_dmitriev@mail.ru', 'dmitrievlk', '$2y$13$Hum2VtnYx/IuaOiikNyktetTltfu2vs.o1tHyOaqafziqKsffR1gW', NULL, 'a5AmUeBRPgLoLyB7B_g7Ln0ndf3p_LCP', NULL, NULL, '185.3.33.80', NULL, NULL, NULL, NULL),
(88, 3, 'Nikolaenkonf@mail.ru', 'Nikolaenkonf', '$2y$13$QgQbbNelPLI0drx9ekREWu9rinD3KgiV/Eu5dfKCZhdL4yRdZUrIq', NULL, 'yQC7MhTfgpuVlyoZdluJfLQvoYLx3fC7', NULL, NULL, '188.170.193.213', NULL, NULL, NULL, NULL),
(89, 3, 'Grigoryancog@mail.ru', 'Grigoryancog', '$2y$13$EiT3S22Ro39lyyTmHOKOkOt0qPI1ocpT0yjc2Q9OUrRyPQl2Sk3u2', NULL, '-UKSxQqcOE0Jhfn75R10GPXH6Wz20xIC', NULL, NULL, '188.170.193.213', NULL, NULL, NULL, NULL),
(90, 3, 'Zhiltsova@mail.ru', 'Zhiltsova', '$2y$13$l5dTmnjWNjtCCtMH5H1w0eyFpZOjU3KMkHN8XAfWrn92w7aF5NwHu', NULL, 'UalQGTDzfZ2PMWX-B98IMTrvcnBge_Tn', NULL, NULL, '188.170.193.213', NULL, NULL, NULL, NULL),
(91, 3, 'Sherbaav@mail.ru', 'Sherbaav', '$2y$13$TSScT8xnHobuHn1I8mO45u/LEHqf60TXq2kY4zZNTmP7QC8eCpTsu', NULL, 'rOysGt2_5rT3ipInYP-swqqkQNFMOQ8k', NULL, NULL, '188.170.193.213', NULL, NULL, NULL, NULL),
(92, 3, 'Shamraevgp@mail.ru', 'Shamraevgp', '$2y$13$oB.un50zGPA22jL8CQb9xOo6MvPTW/CqVOr6.hJjahByQn0UMQddi', NULL, 'vBg0nG-roJumcTXGzUlcHhE-_Eb0w6U-', NULL, NULL, '188.170.193.213', NULL, NULL, NULL, NULL),
(93, 3, 'Pavlovog@mail.ru', 'Pavlovog', '$2y$13$8gN/8WoUv6/RVdDP9g.omOHdIKTMoGIMvf.JyUXpAlKCxfIYh8wLm', NULL, 'XBCmWRNXjLhLMtReUzblSGJ2su8oOZ6Q', NULL, NULL, '188.170.193.213', NULL, NULL, NULL, NULL),
(94, 3, 'Moiseenkoea@mail.ru', 'Moiseenkoea', '$2y$13$uxtfkmKYdj.qkftbIpWiIeFzv8X7JZ.zLH7lobqZUSEDt9l1ApEvi', NULL, 'ZUX1cofpscO4iruS98njKx_2G1VWP3Hn', NULL, NULL, '188.170.193.213', NULL, NULL, NULL, NULL),
(95, 3, 'Demeshkoin@mail.ru', 'Demeshkoin', '$2y$13$HxTSop1bnKYeJG.fCtkQjeXdB8P8ElrDv1JL5YM4uBm.aEsCoQD6a', NULL, 'CvtsWWmWASwksikbu7DmCyBEQ_l5l8Qb', NULL, NULL, '188.170.193.213', NULL, NULL, NULL, NULL),
(96, 3, 'Gnefashan@mail.ru', 'Gnefashan', '$2y$13$YOHoWujywgI8NcGTQNu0qekZL7M3.FjFbaqvfA0URXYDmXHzGVdH.', NULL, '2LNHcnFdLGnyNa4go5LxcH0illPI_mWQ', NULL, NULL, '188.170.193.213', NULL, NULL, NULL, NULL),
(97, 3, 'Kiykops@mail.ru', 'Kiykops', '$2y$13$63sFjABzrlzkzJfLbz8CP.68NnPVEIjwm9CisRWO.SZAvIGtyTLbW', NULL, 'eSpklApekL1fI-qcTJ0nyhPT035-hsUi', NULL, NULL, '185.3.34.246', NULL, NULL, NULL, NULL),
(98, 3, 'Popovap@mail.ru', 'Popovap', '$2y$13$adPcyZy6YpiQF.bZw/MPqORq.qhX./4sxCssY8fQIwCbx5v7T/G/y', NULL, 'oC7PfDJxKGkUtFV_M6CjSRJ5KrxK8g48', NULL, NULL, '185.3.34.246', NULL, NULL, NULL, NULL),
(99, 3, 'Romanovskayaiv@mail.ru', 'Romanovskayaiv', '$2y$13$JeiqHExGJliEUa.arGDNQOk0Idw0XlDG6zRSGCRFB1dPTsocDAI56', NULL, 'xYPQRUXrDwDJXf5hpx6W1HpvWxmAoP_M', NULL, NULL, '188.170.194.220', NULL, NULL, NULL, NULL),
(100, 3, 'Yackayaan@mail.ru', 'Yackayaan', '$2y$13$ulWeDYaFSxL7dopsHW.NeuBlMg6FnlysmE3nZfIRa5D0cZxwqVjcW', NULL, '7o-aKWsfyH_oAkuYSLH-O1Mt5JQd-xYn', NULL, NULL, '188.170.194.220', NULL, NULL, NULL, NULL),
(101, 3, 'Vedennikovaev@mail.ru', 'Vedennikovaev', '$2y$13$oac3qTy7LIf7uN4mfAPBCOTWTiBfIRUv2NT.JTCNXLC9yJzTwRKd6', NULL, 'MOmoX_a19aYwUlHD798tZXhQmozsFGsG', NULL, NULL, '188.170.194.220', NULL, NULL, NULL, NULL),
(102, 3, 'Ladebnayaav@yandex.ru', 'Ladebnayaav', '$2y$13$mf2qEINhlXaozf/5gjuAlOpIdx06LpXg5SZiuWEtxtXviBr/nhB4e', NULL, 'YbU6putfLVddQxOxc7jvq5yL7LLi9TR2', NULL, NULL, '188.170.194.220', NULL, NULL, NULL, NULL),
(103, 3, 'Shmatkong@mail.ru', 'Shmatkong', '$2y$13$gieoqnS4YZZs8Oa4QHuk0uXtGNawYkLkQrrwQ0f9T9Gbm3JSmcCJi', NULL, 'vKQz1n2dg0H0FN57vSKXltb8dIQuKFTK', NULL, NULL, '188.170.194.220', NULL, NULL, NULL, NULL),
(104, 3, 'Baturinvv@mail.ru', 'Baturinvv', '$2y$13$jfL8bL87EuqdGycmJZSNtuyYYRYQ6I2NPVazlAXk971ytIakuSRcm', NULL, 'Q6gLjQmVZiNFLU79zggk5Y8ROvmLAsvW', NULL, NULL, '85.26.186.46', NULL, NULL, NULL, NULL),
(105, 3, 'Omelyanenkooa@mail.ru', 'Omelyanenkooa', '$2y$13$uD6XuTqWG9.gF.U0dpnDGO8NIQhUkJLP9yK8IjJz5Qa0Fe0hxC2NS', NULL, 'bylcgu8cgSGhEt7YGWaOAN9rqqTp1wVI', NULL, NULL, '85.26.186.46', NULL, NULL, NULL, NULL),
(106, 3, 'Pavlovatn@mail.ru', 'Pavlovatn', '$2y$13$/F.b0lq1wRgOSR9D5a1E3e./Q.Q/EHgZhz.WhKzpwqEY0ZJZDUM9W', NULL, 'o8iiRmV_engCxaiEg_8QTKwqJCziY3Fy', NULL, NULL, '85.26.186.46', NULL, NULL, NULL, NULL),
(107, 3, 'Oglumn@mail.ru', 'Oglumn', '$2y$13$H7XW8x/hwO2syVr4uWDgYuFTA2QmKzOKVkFQrl0Ft62TcFjVax7bG', NULL, 'gdZww0ic-0f78TtxypGaQJq5OmI69GcO', NULL, NULL, '85.26.186.46', NULL, NULL, NULL, NULL),
(108, 3, 'Farafonovvi@mail.ru', 'Farafonovvi', '$2y$13$zIb5nyuIaW5cHUyKrQAcheB7baVRH7NZGGJzdiNMqujYuBu7fd7IW', NULL, 'CTGJr0-ovUR1vvpFLNNK2GWO3yv-erGR', NULL, NULL, '85.26.186.46', NULL, NULL, NULL, NULL),
(109, 3, 'Stadnikvv@mail.ru', 'Stadnikvv', '$2y$13$HIJj6DuliL0u71BXyxI6duH0K0EV5fy4tYjdHpwJDAmdMnKt1MO1i', NULL, 'pH6mvJtcszpKuAO0Hr65ApSfKhERdbov', NULL, NULL, '85.26.186.46', NULL, NULL, NULL, NULL),
(110, 3, 'Shkuropatovagi@mail.ru', 'Shkuropatovagi', '$2y$13$.VahpVqZ2DeN3iUYEGKOXOyE6.iwFNC2ZSYtUQ1gUHQYsKgjoWTBC', NULL, '5qLatmPaJaNbOIkdPnbBuUD8Kx1xSRdg', NULL, NULL, '85.26.186.46', NULL, NULL, NULL, NULL),
(111, 3, 'Sinickayaia@mail.ru', 'Sinickayaia', '$2y$13$f2kW3wm/.70gTHzt2IASB.EBi77IuUxTSIyGrpHH/Zxpx8HapyQgS', NULL, 'pNEJxKyi_r8v8oe0Ugm6_umHFXljbzgZ', NULL, NULL, '85.26.186.46', NULL, NULL, NULL, NULL),
(112, 2, 'natuhaevskaya@mail.ru', 'natuhaevskaya', '$2y$13$kOO0VtSxuMpKh2UNT50jMOudASEx5yOvDW9FwC3.kWcl8YuHI4ova', NULL, 'O3qpWclempmzbY2wiLclI-HSvUQSmWAW', NULL, NULL, '85.26.183.93', NULL, NULL, '2017-08-23', 4),
(113, 3, 'setrakovpv@mail.ru', 'setrakovpv', '$2y$13$xJ8VFeVHNUpFkQK7ji9bY.yurVigwyGlnalEfMyvnBK0b7F7px1SO', NULL, 'FZ_s55l_9zi697cG0lxwxbNef46pliv3', NULL, NULL, '188.170.192.40', NULL, NULL, NULL, NULL),
(114, 3, 'shishkinas@mail.ru', 'shishkinas', '$2y$13$sZp5yXZjdwbJkvs1LSNC/e/0GmZZWaqUma8bYOXVpT.H3e2baa0DC', NULL, 'SObXa-xXTvzzRDq7Xgilnb4D3GzihsRC', NULL, NULL, '188.170.192.40', NULL, NULL, NULL, NULL),
(115, 3, 'brovkinaev@mail.ru', 'brovkinaev', '$2y$13$StpJEv0LdT2x7LrVsVEB3OwsopfmppEkRRFcp9l.rOznY/C0LKHie', NULL, 'V7f4cH11u0JfttyiRybfGjTThG59Z1-h', NULL, NULL, '188.170.192.40', NULL, NULL, NULL, NULL),
(116, 3, 'Koroboval@mail.ru', 'Koroboval', '$2y$13$9lqXUkiOwQExf35p5MnsYuVDmeLghq0kdiUJpSlGAZxoQGlGCjzCy', NULL, 'LBULD-aFdv_vNwYtXkZtAl-cRmHfCzRZ', NULL, NULL, '185.3.33.34', NULL, NULL, NULL, NULL),
(117, 3, '', '', '$2y$13$vN3ndUeKQqiRPowRSFt4.ucWSyv3//M.nF9cJDhQ/4j5/.1XQ56RS', NULL, 'wRCzsM36hBw43qrze_akEk3AUk66ZP8_', NULL, NULL, '188.170.195.214', NULL, NULL, NULL, NULL);

--
-- Индексы сохранённых таблиц
--

--
-- Индексы таблицы `migration`
--
ALTER TABLE `migration`
  ADD PRIMARY KEY (`version`);

--
-- Индексы таблицы `product_categories`
--
ALTER TABLE `product_categories`
  ADD PRIMARY KEY (`id`);

--
-- Индексы таблицы `product_percentages`
--
ALTER TABLE `product_percentages`
  ADD PRIMARY KEY (`id`);

--
-- Индексы таблицы `product_price`
--
ALTER TABLE `product_price`
  ADD PRIMARY KEY (`id`),
  ADD KEY `idx_id` (`product_id`);

--
-- Индексы таблицы `product_products`
--
ALTER TABLE `product_products`
  ADD PRIMARY KEY (`id`),
  ADD KEY `ix_product_products_category_id` (`category_id`),
  ADD KEY `ix_product_products_max_bonus_percantage` (`max_bonus_percentage`),
  ADD KEY `ix_product_products_max_discount_percentage` (`max_discount_percentage`);

--
-- Индексы таблицы `shop_cards`
--
ALTER TABLE `shop_cards`
  ADD PRIMARY KEY (`id`);

--
-- Индексы таблицы `shop_checks`
--
ALTER TABLE `shop_checks`
  ADD PRIMARY KEY (`id`),
  ADD KEY `ix_shop_checks_seller_history_id` (`seller_history_id`);

--
-- Индексы таблицы `shop_client`
--
ALTER TABLE `shop_client`
  ADD PRIMARY KEY (`id`),
  ADD KEY `ix_shop_client_user_id` (`user_id`),
  ADD KEY `ix_shop_client_card_id` (`card_id`);

--
-- Индексы таблицы `shop_client_purchases_history`
--
ALTER TABLE `shop_client_purchases_history`
  ADD PRIMARY KEY (`id`),
  ADD KEY `ix_shop_client_purchases_history_product_id` (`product_id`);

--
-- Индексы таблицы `shop_links_percentage_sum_sale`
--
ALTER TABLE `shop_links_percentage_sum_sale`
  ADD PRIMARY KEY (`id`);

--
-- Индексы таблицы `shop_links_seller_shop`
--
ALTER TABLE `shop_links_seller_shop`
  ADD PRIMARY KEY (`id`),
  ADD KEY `ix_shop_seller_shop_id` (`shop_id`),
  ADD KEY `ix_shop_seller_user_id` (`user_id`);

--
-- Индексы таблицы `shop_seller_history`
--
ALTER TABLE `shop_seller_history`
  ADD PRIMARY KEY (`id`),
  ADD KEY `ix_shop_seller_history_user_id` (`seller_user_id`);

--
-- Индексы таблицы `shop_seller_reports`
--
ALTER TABLE `shop_seller_reports`
  ADD PRIMARY KEY (`id`);

--
-- Индексы таблицы `shop_seller_stat`
--
ALTER TABLE `shop_seller_stat`
  ADD PRIMARY KEY (`id`);

--
-- Индексы таблицы `shop_shops`
--
ALTER TABLE `shop_shops`
  ADD PRIMARY KEY (`id`);

--
-- Индексы таблицы `user_profiles`
--
ALTER TABLE `user_profiles`
  ADD PRIMARY KEY (`id`),
  ADD KEY `ix_user_profiles_user_id` (`user_id`);

--
-- Индексы таблицы `user_users`
--
ALTER TABLE `user_users`
  ADD PRIMARY KEY (`id`);

--
-- AUTO_INCREMENT для сохранённых таблиц
--

--
-- AUTO_INCREMENT для таблицы `product_categories`
--
ALTER TABLE `product_categories`
  MODIFY `id` int(11) NOT NULL AUTO_INCREMENT, AUTO_INCREMENT=21;
--
-- AUTO_INCREMENT для таблицы `product_percentages`
--
ALTER TABLE `product_percentages`
  MODIFY `id` int(11) NOT NULL AUTO_INCREMENT, AUTO_INCREMENT=9;
--
-- AUTO_INCREMENT для таблицы `product_price`
--
ALTER TABLE `product_price`
  MODIFY `id` int(11) NOT NULL AUTO_INCREMENT, AUTO_INCREMENT=2026;
--
-- AUTO_INCREMENT для таблицы `product_products`
--
ALTER TABLE `product_products`
  MODIFY `id` int(11) NOT NULL AUTO_INCREMENT, AUTO_INCREMENT=230;
--
-- AUTO_INCREMENT для таблицы `shop_cards`
--
ALTER TABLE `shop_cards`
  MODIFY `id` int(11) NOT NULL AUTO_INCREMENT, AUTO_INCREMENT=148;
--
-- AUTO_INCREMENT для таблицы `shop_checks`
--
ALTER TABLE `shop_checks`
  MODIFY `id` int(11) NOT NULL AUTO_INCREMENT;
--
-- AUTO_INCREMENT для таблицы `shop_client`
--
ALTER TABLE `shop_client`
  MODIFY `id` int(11) NOT NULL AUTO_INCREMENT, AUTO_INCREMENT=106;
--
-- AUTO_INCREMENT для таблицы `shop_client_purchases_history`
--
ALTER TABLE `shop_client_purchases_history`
  MODIFY `id` int(11) NOT NULL AUTO_INCREMENT, AUTO_INCREMENT=1073;
--
-- AUTO_INCREMENT для таблицы `shop_links_percentage_sum_sale`
--
ALTER TABLE `shop_links_percentage_sum_sale`
  MODIFY `id` int(11) NOT NULL AUTO_INCREMENT, AUTO_INCREMENT=17;
--
-- AUTO_INCREMENT для таблицы `shop_links_seller_shop`
--
ALTER TABLE `shop_links_seller_shop`
  MODIFY `id` int(11) NOT NULL AUTO_INCREMENT, AUTO_INCREMENT=5;
--
-- AUTO_INCREMENT для таблицы `shop_seller_history`
--
ALTER TABLE `shop_seller_history`
  MODIFY `id` int(11) NOT NULL AUTO_INCREMENT, AUTO_INCREMENT=501;
--
-- AUTO_INCREMENT для таблицы `shop_seller_reports`
--
ALTER TABLE `shop_seller_reports`
  MODIFY `id` int(11) NOT NULL AUTO_INCREMENT, AUTO_INCREMENT=48;
--
-- AUTO_INCREMENT для таблицы `shop_seller_stat`
--
ALTER TABLE `shop_seller_stat`
  MODIFY `id` int(11) NOT NULL AUTO_INCREMENT, AUTO_INCREMENT=39;
--
-- AUTO_INCREMENT для таблицы `shop_shops`
--
ALTER TABLE `shop_shops`
  MODIFY `id` int(11) NOT NULL AUTO_INCREMENT, AUTO_INCREMENT=5;
--
-- AUTO_INCREMENT для таблицы `user_profiles`
--
ALTER TABLE `user_profiles`
  MODIFY `id` int(11) NOT NULL AUTO_INCREMENT, AUTO_INCREMENT=118;
--
-- AUTO_INCREMENT для таблицы `user_users`
--
ALTER TABLE `user_users`
  MODIFY `id` int(11) NOT NULL AUTO_INCREMENT, AUTO_INCREMENT=118;
--
-- Ограничения внешнего ключа сохраненных таблиц
--

--
-- Ограничения внешнего ключа таблицы `product_price`
--
ALTER TABLE `product_price`
  ADD CONSTRAINT `fk-price-product_id` FOREIGN KEY (`product_id`) REFERENCES `product_products` (`id`) ON DELETE CASCADE;

--
-- Ограничения внешнего ключа таблицы `product_products`
--
ALTER TABLE `product_products`
  ADD CONSTRAINT `fk_product_products_category_id` FOREIGN KEY (`category_id`) REFERENCES `product_categories` (`id`) ON DELETE SET NULL ON UPDATE CASCADE,
  ADD CONSTRAINT `fk_product_products_max_discount_percentage` FOREIGN KEY (`max_discount_percentage`) REFERENCES `product_percentages` (`id`) ON DELETE SET NULL ON UPDATE CASCADE,
  ADD CONSTRAINT `product_products_ibfk_1` FOREIGN KEY (`max_bonus_percentage`) REFERENCES `product_percentages` (`id`) ON DELETE SET NULL ON UPDATE CASCADE;

--
-- Ограничения внешнего ключа таблицы `shop_checks`
--
ALTER TABLE `shop_checks`
  ADD CONSTRAINT `fk_shop_checks_seller_history_id` FOREIGN KEY (`seller_history_id`) REFERENCES `shop_seller_history` (`id`) ON DELETE SET NULL ON UPDATE CASCADE;

--
-- Ограничения внешнего ключа таблицы `shop_client`
--
ALTER TABLE `shop_client`
  ADD CONSTRAINT `fk_shop_client_card_id` FOREIGN KEY (`card_id`) REFERENCES `shop_cards` (`id`) ON DELETE CASCADE ON UPDATE CASCADE,
  ADD CONSTRAINT `fk_shop_client_user_id` FOREIGN KEY (`user_id`) REFERENCES `user_users` (`id`) ON DELETE CASCADE ON UPDATE CASCADE;

--
-- Ограничения внешнего ключа таблицы `shop_client_purchases_history`
--
ALTER TABLE `shop_client_purchases_history`
  ADD CONSTRAINT `fk_shop_client_purchases_history_product_id` FOREIGN KEY (`product_id`) REFERENCES `product_products` (`id`) ON DELETE CASCADE ON UPDATE CASCADE;

--
-- Ограничения внешнего ключа таблицы `shop_links_seller_shop`
--
ALTER TABLE `shop_links_seller_shop`
  ADD CONSTRAINT `fk_shop_seller_shop_id` FOREIGN KEY (`shop_id`) REFERENCES `shop_shops` (`id`) ON DELETE CASCADE ON UPDATE CASCADE,
  ADD CONSTRAINT `fk_shop_seller_user_id` FOREIGN KEY (`user_id`) REFERENCES `user_users` (`id`) ON DELETE CASCADE ON UPDATE CASCADE;

--
-- Ограничения внешнего ключа таблицы `user_profiles`
--
ALTER TABLE `user_profiles`
  ADD CONSTRAINT `fk_user_profiles_user_id` FOREIGN KEY (`user_id`) REFERENCES `user_users` (`id`) ON DELETE CASCADE ON UPDATE CASCADE;

/*!40101 SET CHARACTER_SET_CLIENT=@OLD_CHARACTER_SET_CLIENT */;
/*!40101 SET CHARACTER_SET_RESULTS=@OLD_CHARACTER_SET_RESULTS */;
/*!40101 SET COLLATION_CONNECTION=@OLD_COLLATION_CONNECTION */;
