-- phpMyAdmin SQL Dump
-- version 4.6.6
-- https://www.phpmyadmin.net/
--
-- Хост: localhost
-- Время создания: Авг 31 2017 г., 11:12
-- Версия сервера: 5.5.52-38.3
-- Версия PHP: 5.6.30

SET SQL_MODE = "NO_AUTO_VALUE_ON_ZERO";
SET time_zone = "+00:00";


/*!40101 SET @OLD_CHARACTER_SET_CLIENT=@@CHARACTER_SET_CLIENT */;
/*!40101 SET @OLD_CHARACTER_SET_RESULTS=@@CHARACTER_SET_RESULTS */;
/*!40101 SET @OLD_COLLATION_CONNECTION=@@COLLATION_CONNECTION */;
/*!40101 SET NAMES utf8mb4 */;

--
-- База данных: `maxim33_cl`
--

-- --------------------------------------------------------

--
-- Структура таблицы `migration`
--

CREATE TABLE IF NOT EXISTS `migration` (
  `version` varchar(180) NOT NULL,
  `apply_time` int(11) DEFAULT NULL,
  PRIMARY KEY (`version`)
) ENGINE=InnoDB DEFAULT CHARSET=utf8;

--
-- Дамп данных таблицы `migration`
--

INSERT INTO `migration` (`version`, `apply_time`) VALUES
('m000000_000000_base', 1495614946),
('m160331_140545_users', 1495615009),
('m170519_079643_product', 1495615014),
('m170519_080239_shop', 1495615014),
('m170523_085321_history_seller', 1495615014),
('m170524_072836_table_check', 1495615014),
('m170524_130748_link_percentage_sum', 1495636472),
('m170525_092507_fix_card', 1496321941),
('m170531_091833_fix_date_birth_type', 1496321932),
('m170531_112918_add_field_bonus_sum', 1496321941),
('m170531_141036_add_total_sum_check', 1496321941),
('m170531_141536_fields_client_history', 1496321941),
('m170601_143126_add_column_seller_history_id', 1496328505),
('m170602_073202_add_bonus_sum_field_to_check', 1496395040),
('m170602_132449_add_seller_history_columns', 1496748035),
('m170602_133445_add_client_history_columns', 1496747067),
('m170602_144107_fix_column_parcentage', 1496747312),
('m170606_115830_add_column_pay_method', 1496751181),
('m170606_132607_add_fields_seller_history', 1496833565),
('m170606_134553_seller_report', 1496833565),
('m170607_063429_add_column_payment_bonus', 1496833565),
('m170607_123215_add_columns_seller_report', 1496841953),
('m170608_105446_add_column_one_count_price', 1496920681),
('m170608_111222_drop_column_extra_charge', 1496920681),
('m170609_065626_add_column_shop_id', 1496995514),
('m170609_093909_add_column_requisites_to_shop', 1497001523);

-- --------------------------------------------------------

--
-- Структура таблицы `product_categories`
--

CREATE TABLE IF NOT EXISTS `product_categories` (
  `id` int(11) NOT NULL AUTO_INCREMENT,
  `parent_id` int(11) DEFAULT '0',
  `name` varchar(255) NOT NULL,
  `description` text,
  PRIMARY KEY (`id`)
) ENGINE=InnoDB AUTO_INCREMENT=21 DEFAULT CHARSET=utf8;

--
-- Дамп данных таблицы `product_categories`
--

INSERT INTO `product_categories` (`id`, `parent_id`, `name`, `description`) VALUES
(1, 0, 'Зерно-бобовые', 'Зерновые культуры'),
(2, 0, 'Комбикорм заводской', ''),
(3, 0, 'PURINA', ''),
(4, 0, 'GUTENAGRO', ''),
(5, 0, 'ЮЖНАЯ КОРОНА БКЗ', ''),
(6, 0, 'Старый Оскол', ''),
(7, 0, 'Зерносмеси', ''),
(8, 0, 'Манки/мучки', ''),
(9, 0, 'Отходы', ''),
(10, 0, 'Кормушки/поилки', ''),
(11, 0, 'Добавки', ''),
(12, 0, 'Стеклотара', ''),
(13, 0, 'Тара', ''),
(14, 0, 'Пищевка', ''),
(15, 0, 'Крупы', ''),
(16, 0, 'Собаки', ''),
(17, 0, 'Кошки', ''),
(18, 0, 'Отрава', ''),
(19, 0, 'Напитки', ''),
(20, 0, 'Хозяйственные товары', '');

-- --------------------------------------------------------

--
-- Структура таблицы `product_percentages`
--

CREATE TABLE IF NOT EXISTS `product_percentages` (
  `id` int(11) NOT NULL AUTO_INCREMENT,
  `value` float NOT NULL,
  PRIMARY KEY (`id`)
) ENGINE=InnoDB AUTO_INCREMENT=9 DEFAULT CHARSET=utf8;

--
-- Дамп данных таблицы `product_percentages`
--

INSERT INTO `product_percentages` (`id`, `value`) VALUES
(1, 3),
(2, 5),
(3, 7),
(4, 10),
(5, 2),
(6, 4),
(7, 6),
(8, 9);

-- --------------------------------------------------------

--
-- Структура таблицы `product_price`
--

CREATE TABLE IF NOT EXISTS `product_price` (
  `id` int(11) NOT NULL AUTO_INCREMENT,
  `product_id` int(11) DEFAULT NULL,
  `price_bag` float NOT NULL,
  `price_kg` float DEFAULT NULL,
  `forShop` int(11) DEFAULT NULL,
  PRIMARY KEY (`id`),
  KEY `fk_price` (`product_id`) USING BTREE
) ENGINE=InnoDB AUTO_INCREMENT=985 DEFAULT CHARSET=utf8;

--
-- Дамп данных таблицы `product_price`
--

INSERT INTO `product_price` (`id`, `product_id`, `price_bag`, `price_kg`, `forShop`) VALUES
(1, 5, 480, 12.5, 1),
(2, 6, 480, 12.5, 1),
(3, 7, 440, 11.5, 1),
(4, 8, 520, 13.5, 1),
(5, 9, 1300, 33, 1),
(6, 10, 1220, 31, 1),
(7, 11, 1200, 30.5, 1),
(8, 12, 1160, 29.5, 1),
(9, 13, 920, 23.5, 1),
(10, 14, 880, 22.5, 1),
(11, 15, 1140, 29, 1),
(12, 16, 1360, 34.5, 1),
(13, 17, 1070, 27.5, 1),
(14, 18, 860, 22, 1),
(15, 19, 840, 21.5, 1),
(16, 20, 870, 22.5, 1),
(17, 21, 1120, 28.5, 1),
(18, 22, 1050, 27, 1),
(19, 23, 850, 22, 1),
(20, 24, 1020, 26, 1),
(21, 25, 960, 24.5, 1),
(22, 26, 800, 20.5, 1),
(23, 27, 1060, 27, 1),
(24, 28, 900, 36.5, 1),
(25, 29, 1100, 28, 1),
(26, 30, 1400, 35.5, 1),
(27, 31, 1300, 33, 1),
(28, 32, 1220, 31, 1),
(29, 33, 1280, 32.5, 1),
(30, 34, 1160, 29.5, 1),
(31, 35, 1280, 32.5, 1),
(32, 36, 1040, 26.5, 1),
(33, 37, 1120, 28.5, 1),
(34, 38, 1500, 38, 1),
(35, 39, 1200, 30.5, 1),
(36, 40, 1160, 29.5, 1),
(37, 41, 1750, 70.5, 1),
(38, 42, 1750, 70.5, 1),
(39, 43, 1250, 50.5, 1),
(40, 44, 1550, 62.5, 1),
(41, 45, 735, 30, 1),
(42, 46, 625, 25.5, 1),
(43, 47, 600, 24.5, 1),
(44, 48, 585, 24, 1),
(45, 49, 775, 31.5, 1),
(46, 50, 715, 29.5, 1),
(47, 51, 775, 31.5, 1),
(48, 52, 620, 25.5, 1),
(49, 53, 945, 38.5, 1),
(50, 54, 880, 36, 1),
(51, 55, 535, 22, 1),
(52, 56, 525, 21.5, 1),
(53, 57, 655, 27, 1),
(54, 58, 800, 32.5, 1),
(55, 59, 640, 26.5, 1),
(56, 60, 750, 30.5, 1),
(57, 61, 500, 13, 1),
(58, 62, 560, 14.5, 1),
(59, 63, 1400, 35.5, 1),
(60, 64, 700, 18, 1),
(61, 65, 450, 15.5, 1),
(62, 66, 455, 13.5, 1),
(63, 67, 680, 17.5, 1),
(64, 68, 640, 16.5, 1),
(65, 69, 435, 15, 1),
(66, 70, 1225, 35.5, 1),
(67, 71, 1050, 30.5, 1),
(68, 72, 200, 0, 1),
(69, 73, 540, 14, 1),
(70, 74, 840, 21.5, 1),
(71, 75, 570, 19.5, 1),
(72, 76, 560, 14.5, 1),
(73, 77, 14.5, 560, 1),
(74, 78, 780, 20, 1),
(75, 79, 900, 18.5, 1),
(76, 80, 720, 18.5, 1),
(77, 81, 660, 17, 1),
(78, 82, 290, 0, 1),
(79, 83, 360, 0, 1),
(80, 84, 350, 0, 1),
(81, 85, 525, 0, 1),
(82, 86, 440, 0, 1),
(83, 87, 330, 0, 1),
(84, 88, 270, 0, 1),
(85, 89, 480, 0, 1),
(86, 90, 200, 0, 1),
(87, 91, 400, 0, 1),
(88, 92, 200, 0, 1),
(89, 93, 120, 120, 1),
(90, 94, 25, 0, 1),
(91, 95, 100, 100, 1),
(92, 96, 150, 0, 1),
(93, 97, 250, 0, 1),
(94, 98, 225, 8, 1),
(95, 99, 250, 8, 1),
(96, 100, 3000, 75.5, 1),
(97, 101, 1200, 30.5, 1),
(98, 102, 2000, 50.5, 1),
(99, 103, 2500, 50.5, 1),
(100, 104, 1750, 70.5, 1),
(101, 105, 1950, 78.5, 1),
(102, 106, 1000, 40.5, 1),
(103, 107, 2300, 92.5, 1),
(104, 108, 2250, 90.5, 1),
(105, 109, 40, 0, 1),
(106, 110, 95, 0, 1),
(107, 111, 72, 0, 1),
(108, 112, 45, 0, 1),
(109, 113, 75, 0, 1),
(110, 114, 45, 0, 1),
(111, 115, 60, 0, 1),
(112, 116, 50, 0, 1),
(113, 117, 50, 0, 1),
(114, 118, 65, 0, 1),
(115, 119, 190, 0, 1),
(116, 120, 25, 0, 1),
(117, 121, 75, 0, 1),
(118, 122, 5, 0, 1),
(119, 123, 60, 60, 1),
(120, 124, 45, 0, 1),
(121, 125, 500, 10.5, 1),
(122, 126, 190, 38.5, 1),
(123, 127, 360, 36.5, 1),
(124, 128, 170, 34.5, 1),
(125, 129, 330, 33.5, 1),
(126, 130, 95, 0, 1),
(127, 131, 65, 0, 1),
(128, 132, 1100, 74, 1),
(129, 133, 800, 80.5, 1),
(130, 134, 1170, 117.5, 1),
(131, 135, 275, 0, 1),
(132, 136, 55, 0, 1),
(133, 137, 85, 0, 1),
(134, 138, 85, 0, 1),
(135, 139, 14, 0, 1),
(136, 140, 20, 0, 1),
(137, 141, 11, 0, 1),
(138, 142, 700, 18, 1),
(139, 143, 700, 18, 1),
(140, 144, 16, 0, 1),
(141, 145, 13, 0, 1),
(142, 146, 29, 0, 1),
(143, 147, 35, 0, 1),
(144, 148, 38, 0, 1),
(145, 149, 11, 0, 1),
(146, 150, 23, 0, 1),
(147, 151, 37, 0, 1),
(148, 152, 36, 0, 1),
(149, 153, 40, 0, 1),
(150, 154, 45, 0, 1),
(151, 155, 190, 0, 1),
(152, 156, 3, 0, 1),
(153, 157, 7, 0, 1),
(154, 158, 13, 0, 1),
(155, 159, 900, 18.5, 1),
(156, 160, 45.5, 45.5, 1),
(157, 161, 650, 17, 1),
(158, 162, 700, 18, 1),
(159, 163, 700, 18, 1),
(160, 164, 720, 18.5, 1),
(161, 165, 450, 18.5, 1),
(162, 166, 740, 19, 1),
(163, 167, 595, 17.5, 1),
(164, 168, 490, 14.5, 1),
(165, 169, 480, 0, 1),
(166, 170, 440, 0, 1),
(167, 171, 1150, 0, 1),
(168, 172, 600, 0, 1),
(169, 173, 250, 0, 1),
(170, 174, 130, 0, 1),
(171, 175, 2150, 0, 1),
(172, 176, 1100, 0, 1),
(173, 177, 430, 0, 1),
(174, 178, 220, 0, 1),
(175, 179, 55, 0, 1),
(176, 180, 105, 0, 1),
(177, 181, 200, 0, 1),
(178, 182, 290, 0, 1),
(179, 183, 470, 0, 1),
(180, 184, 95, 0, 1),
(181, 185, 190, 0, 1),
(182, 186, 285, 0, 1),
(183, 187, 450, 0, 1),
(184, 188, 90, 0, 1),
(185, 189, 170, 0, 1),
(186, 190, 30, 0, 1),
(187, 191, 36, 0, 1),
(188, 192, 25, 0, 1),
(189, 193, 40, 0, 1),
(190, 194, 85, 0, 1),
(191, 195, 25, 0, 1),
(192, 196, 25, 0, 1),
(193, 197, 35, 0, 1),
(194, 198, 80, 0, 1),
(195, 199, 45, 0, 1),
(196, 200, 25, 0, 1),
(197, 201, 10, 0, 1),
(198, 202, 110, 0, 1),
(199, 203, 100, 0, 1),
(200, 204, 110, 0, 1),
(201, 205, 120, 0, 1),
(202, 206, 18, 0, 1),
(203, 207, 310, 0, 1),
(204, 208, 300, 0, 1),
(205, 209, 310, 0, 1),
(206, 210, 320, 0, 1),
(207, 211, 90, 0, 1),
(208, 212, 3, 0, 1),
(209, 213, 5, 0, 1),
(210, 214, 10, 0, 1),
(211, 215, 270, 0, 1),
(212, 216, 440, 0, 1),
(213, 217, 900, 90.5, 1),
(214, 218, 100, 100, 1),
(215, 219, 350, 0, 1),
(216, 220, 500, 13, 1),
(217, 221, 41, 0, 1),
(218, 222, 440, 0, 1),
(219, 223, 60, 0, 1),
(220, 224, 90, 0, 1),
(221, 225, 70, 0, 1),
(222, 226, 85, 0, 1),
(223, 227, 105, 0, 1),
(224, 228, 55, 0, 1),
(225, 229, 200, 0, 1),
(226, 230, 245, 0, 1),
(227, 231, 440, 0, 1),
(228, 232, 900, 22.5, 1),
(229, 233, 810, 18, 1),
(230, 234, 180, 0, 1),
(231, 235, 265, 0, 1),
(232, 236, 105, 0, 1),
(233, 237, 130, 0, 1),
(234, 238, 170, 0, 1),
(235, 239, 125, 0, 1),
(236, 240, 23, 0, 1),
(237, 241, 23, 0, 1),
(238, 242, 26, 0, 1),
(239, 243, 12, 0, 1),
(240, 244, 25, 0, 1),
(241, 245, 14, 0, 1),
(242, 246, 43, 0, 1),
(243, 247, 80, 0, 1),
(244, 248, 10, 0, 1),
(245, 249, 20, 0, 1),
(246, 250, 3.5, 0, 1),
(247, 5, 480, 12.5, 3),
(248, 6, 480, 12.5, 3),
(249, 7, 440, 11.5, 3),
(250, 8, 520, 13.5, 3),
(251, 9, 1300, 33, 3),
(252, 10, 1220, 31, 3),
(253, 11, 1200, 30.5, 3),
(254, 12, 1160, 29.5, 3),
(255, 13, 920, 23.5, 3),
(256, 14, 880, 22.5, 3),
(257, 15, 1140, 29, 3),
(258, 16, 1360, 34.5, 3),
(259, 17, 1070, 27.5, 3),
(260, 18, 860, 22, 3),
(261, 19, 840, 21.5, 3),
(262, 20, 870, 22.5, 3),
(263, 21, 1120, 28.5, 3),
(264, 22, 1050, 27, 3),
(265, 23, 850, 22, 3),
(266, 24, 1020, 26, 3),
(267, 25, 960, 24.5, 3),
(268, 26, 800, 20.5, 3),
(269, 27, 1060, 27, 3),
(270, 28, 900, 36.5, 3),
(271, 29, 1100, 28, 3),
(272, 30, 1400, 35.5, 3),
(273, 31, 1300, 33, 3),
(274, 32, 1220, 31, 3),
(275, 33, 1280, 32.5, 3),
(276, 34, 1160, 29.5, 3),
(277, 35, 1280, 32.5, 3),
(278, 36, 1040, 26.5, 3),
(279, 37, 1120, 28.5, 3),
(280, 38, 1500, 38, 3),
(281, 39, 1200, 30.5, 3),
(282, 40, 1160, 29.5, 3),
(283, 41, 1750, 70.5, 3),
(284, 42, 1750, 70.5, 3),
(285, 43, 1250, 50.5, 3),
(286, 44, 1550, 62.5, 3),
(287, 45, 735, 30, 3),
(288, 46, 625, 25.5, 3),
(289, 47, 600, 24.5, 3),
(290, 48, 585, 24, 3),
(291, 49, 775, 31.5, 3),
(292, 50, 715, 29.5, 3),
(293, 51, 775, 31.5, 3),
(294, 52, 620, 25.5, 3),
(295, 53, 945, 38.5, 3),
(296, 54, 880, 36, 3),
(297, 55, 535, 22, 3),
(298, 56, 525, 21.5, 3),
(299, 57, 655, 27, 3),
(300, 58, 800, 32.5, 3),
(301, 59, 640, 26.5, 3),
(302, 60, 750, 30.5, 3),
(303, 61, 500, 13, 3),
(304, 62, 560, 14.5, 3),
(305, 63, 1400, 35.5, 3),
(306, 64, 700, 18, 3),
(307, 65, 450, 15.5, 3),
(308, 66, 455, 13.5, 3),
(309, 67, 680, 17.5, 3),
(310, 68, 640, 16.5, 3),
(311, 69, 435, 15, 3),
(312, 70, 1225, 35.5, 3),
(313, 71, 1050, 30.5, 3),
(314, 72, 200, 0, 3),
(315, 73, 540, 14, 3),
(316, 74, 840, 21.5, 3),
(317, 75, 570, 19.5, 3),
(318, 76, 560, 14.5, 3),
(319, 77, 14.5, 560, 3),
(320, 78, 780, 20, 3),
(321, 79, 900, 18.5, 3),
(322, 80, 720, 18.5, 3),
(323, 81, 660, 17, 3),
(324, 82, 290, 0, 3),
(325, 83, 360, 0, 3),
(326, 84, 350, 0, 3),
(327, 85, 525, 0, 3),
(328, 86, 440, 0, 3),
(329, 87, 330, 0, 3),
(330, 88, 270, 0, 3),
(331, 89, 480, 0, 3),
(332, 90, 200, 0, 3),
(333, 91, 400, 0, 3),
(334, 92, 200, 0, 3),
(335, 93, 120, 120, 3),
(336, 94, 25, 0, 3),
(337, 95, 100, 100, 3),
(338, 96, 150, 0, 3),
(339, 97, 250, 0, 3),
(340, 98, 225, 8, 3),
(341, 99, 250, 8, 3),
(342, 100, 3000, 75.5, 3),
(343, 101, 1200, 30.5, 3),
(344, 102, 2000, 50.5, 3),
(345, 103, 2500, 50.5, 3),
(346, 104, 1750, 70.5, 3),
(347, 105, 1950, 78.5, 3),
(348, 106, 1000, 40.5, 3),
(349, 107, 2300, 92.5, 3),
(350, 108, 2250, 90.5, 3),
(351, 109, 40, 0, 3),
(352, 110, 95, 0, 3),
(353, 111, 72, 0, 3),
(354, 112, 45, 0, 3),
(355, 113, 75, 0, 3),
(356, 114, 45, 0, 3),
(357, 115, 60, 0, 3),
(358, 116, 50, 0, 3),
(359, 117, 50, 0, 3),
(360, 118, 65, 0, 3),
(361, 119, 190, 0, 3),
(362, 120, 25, 0, 3),
(363, 121, 75, 0, 3),
(364, 122, 5, 0, 3),
(365, 123, 60, 60, 3),
(366, 124, 45, 0, 3),
(367, 125, 500, 10.5, 3),
(368, 126, 190, 38.5, 3),
(369, 127, 360, 36.5, 3),
(370, 128, 170, 34.5, 3),
(371, 129, 330, 33.5, 3),
(372, 130, 95, 0, 3),
(373, 131, 65, 0, 3),
(374, 132, 1100, 74, 3),
(375, 133, 800, 80.5, 3),
(376, 134, 1170, 117.5, 3),
(377, 135, 275, 0, 3),
(378, 136, 55, 0, 3),
(379, 137, 85, 0, 3),
(380, 138, 85, 0, 3),
(381, 139, 14, 0, 3),
(382, 140, 20, 0, 3),
(383, 141, 11, 0, 3),
(384, 142, 700, 18, 3),
(385, 143, 700, 18, 3),
(386, 144, 16, 0, 3),
(387, 145, 13, 0, 3),
(388, 146, 29, 0, 3),
(389, 147, 35, 0, 3),
(390, 148, 38, 0, 3),
(391, 149, 11, 0, 3),
(392, 150, 23, 0, 3),
(393, 151, 37, 0, 3),
(394, 152, 36, 0, 3),
(395, 153, 40, 0, 3),
(396, 154, 45, 0, 3),
(397, 155, 190, 0, 3),
(398, 156, 3, 0, 3),
(399, 157, 7, 0, 3),
(400, 158, 13, 0, 3),
(401, 159, 900, 18.5, 3),
(402, 160, 45.5, 45.5, 3),
(403, 161, 650, 17, 3),
(404, 162, 700, 18, 3),
(405, 163, 700, 18, 3),
(406, 164, 720, 18.5, 3),
(407, 165, 450, 18.5, 3),
(408, 166, 740, 19, 3),
(409, 167, 595, 17.5, 3),
(410, 168, 490, 14.5, 3),
(411, 169, 480, 0, 3),
(412, 170, 440, 0, 3),
(413, 171, 1150, 0, 3),
(414, 172, 600, 0, 3),
(415, 173, 250, 0, 3),
(416, 174, 130, 0, 3),
(417, 175, 2150, 0, 3),
(418, 176, 1100, 0, 3),
(419, 177, 430, 0, 3),
(420, 178, 220, 0, 3),
(421, 179, 55, 0, 3),
(422, 180, 105, 0, 3),
(423, 181, 200, 0, 3),
(424, 182, 290, 0, 3),
(425, 183, 470, 0, 3),
(426, 184, 95, 0, 3),
(427, 185, 190, 0, 3),
(428, 186, 285, 0, 3),
(429, 187, 450, 0, 3),
(430, 188, 90, 0, 3),
(431, 189, 170, 0, 3),
(432, 190, 30, 0, 3),
(433, 191, 36, 0, 3),
(434, 192, 25, 0, 3),
(435, 193, 40, 0, 3),
(436, 194, 85, 0, 3),
(437, 195, 25, 0, 3),
(438, 196, 25, 0, 3),
(439, 197, 35, 0, 3),
(440, 198, 80, 0, 3),
(441, 199, 45, 0, 3),
(442, 200, 25, 0, 3),
(443, 201, 10, 0, 3),
(444, 202, 110, 0, 3),
(445, 203, 100, 0, 3),
(446, 204, 110, 0, 3),
(447, 205, 120, 0, 3),
(448, 206, 18, 0, 3),
(449, 207, 310, 0, 3),
(450, 208, 300, 0, 3),
(451, 209, 310, 0, 3),
(452, 210, 320, 0, 3),
(453, 211, 90, 0, 3),
(454, 212, 3, 0, 3),
(455, 213, 5, 0, 3),
(456, 214, 10, 0, 3),
(457, 215, 270, 0, 3),
(458, 216, 440, 0, 3),
(459, 217, 900, 90.5, 3),
(460, 218, 100, 100, 3),
(461, 219, 350, 0, 3),
(462, 220, 500, 13, 3),
(463, 221, 41, 0, 3),
(464, 222, 440, 0, 3),
(465, 223, 60, 0, 3),
(466, 224, 90, 0, 3),
(467, 225, 70, 0, 3),
(468, 226, 85, 0, 3),
(469, 227, 105, 0, 3),
(470, 228, 55, 0, 3),
(471, 229, 200, 0, 3),
(472, 230, 245, 0, 3),
(473, 231, 440, 0, 3),
(474, 232, 900, 22.5, 3),
(475, 233, 810, 18, 3),
(476, 234, 180, 0, 3),
(477, 235, 265, 0, 3),
(478, 236, 105, 0, 3),
(479, 237, 130, 0, 3),
(480, 238, 170, 0, 3),
(481, 239, 125, 0, 3),
(482, 240, 23, 0, 3),
(483, 241, 23, 0, 3),
(484, 242, 26, 0, 3),
(485, 243, 12, 0, 3),
(486, 244, 25, 0, 3),
(487, 245, 14, 0, 3),
(488, 246, 43, 0, 3),
(489, 247, 80, 0, 3),
(490, 248, 10, 0, 3),
(491, 249, 20, 0, 3),
(492, 250, 3.5, 0, 3),
(493, 5, 480, 12.5, 4),
(494, 6, 480, 12.5, 4),
(495, 7, 440, 11.5, 4),
(496, 8, 520, 13.5, 4),
(497, 9, 1300, 33, 4),
(498, 10, 1220, 31, 4),
(499, 11, 1200, 30.5, 4),
(500, 12, 1160, 29.5, 4),
(501, 13, 920, 23.5, 4),
(502, 14, 880, 22.5, 4),
(503, 15, 1140, 29, 4),
(504, 16, 1360, 34.5, 4),
(505, 17, 1070, 27.5, 4),
(506, 18, 860, 22, 4),
(507, 19, 840, 21.5, 4),
(508, 20, 870, 22.5, 4),
(509, 21, 1120, 28.5, 4),
(510, 22, 1050, 27, 4),
(511, 23, 850, 22, 4),
(512, 24, 1020, 26, 4),
(513, 25, 960, 24.5, 4),
(514, 26, 800, 20.5, 4),
(515, 27, 1060, 27, 4),
(516, 28, 900, 36.5, 4),
(517, 29, 1100, 28, 4),
(518, 30, 1400, 35.5, 4),
(519, 31, 1300, 33, 4),
(520, 32, 1220, 31, 4),
(521, 33, 1280, 32.5, 4),
(522, 34, 1160, 29.5, 4),
(523, 35, 1280, 32.5, 4),
(524, 36, 1040, 26.5, 4),
(525, 37, 1120, 28.5, 4),
(526, 38, 1500, 38, 4),
(527, 39, 1200, 30.5, 4),
(528, 40, 1160, 29.5, 4),
(529, 41, 1750, 70.5, 4),
(530, 42, 1750, 70.5, 4),
(531, 43, 1250, 50.5, 4),
(532, 44, 1550, 62.5, 4),
(533, 45, 735, 30, 4),
(534, 46, 625, 25.5, 4),
(535, 47, 600, 24.5, 4),
(536, 48, 585, 24, 4),
(537, 49, 775, 31.5, 4),
(538, 50, 715, 29.5, 4),
(539, 51, 775, 31.5, 4),
(540, 52, 620, 25.5, 4),
(541, 53, 945, 38.5, 4),
(542, 54, 880, 36, 4),
(543, 55, 535, 22, 4),
(544, 56, 525, 21.5, 4),
(545, 57, 655, 27, 4),
(546, 58, 800, 32.5, 4),
(547, 59, 640, 26.5, 4),
(548, 60, 750, 30.5, 4),
(549, 61, 500, 13, 4),
(550, 62, 560, 14.5, 4),
(551, 63, 1400, 35.5, 4),
(552, 64, 700, 18, 4),
(553, 65, 450, 15.5, 4),
(554, 66, 455, 13.5, 4),
(555, 67, 680, 17.5, 4),
(556, 68, 640, 16.5, 4),
(557, 69, 435, 15, 4),
(558, 70, 1225, 35.5, 4),
(559, 71, 1050, 30.5, 4),
(560, 72, 200, 0, 4),
(561, 73, 540, 14, 4),
(562, 74, 840, 21.5, 4),
(563, 75, 570, 19.5, 4),
(564, 76, 560, 14.5, 4),
(565, 77, 14.5, 560, 4),
(566, 78, 780, 20, 4),
(567, 79, 900, 18.5, 4),
(568, 80, 720, 18.5, 4),
(569, 81, 660, 17, 4),
(570, 82, 290, 0, 4),
(571, 83, 360, 0, 4),
(572, 84, 350, 0, 4),
(573, 85, 525, 0, 4),
(574, 86, 440, 0, 4),
(575, 87, 330, 0, 4),
(576, 88, 270, 0, 4),
(577, 89, 480, 0, 4),
(578, 90, 200, 0, 4),
(579, 91, 400, 0, 4),
(580, 92, 200, 0, 4),
(581, 93, 120, 120, 4),
(582, 94, 25, 0, 4),
(583, 95, 100, 100, 4),
(584, 96, 150, 0, 4),
(585, 97, 250, 0, 4),
(586, 98, 225, 8, 4),
(587, 99, 250, 8, 4),
(588, 100, 3000, 75.5, 4),
(589, 101, 1200, 30.5, 4),
(590, 102, 2000, 50.5, 4),
(591, 103, 2500, 50.5, 4),
(592, 104, 1750, 70.5, 4),
(593, 105, 1950, 78.5, 4),
(594, 106, 1000, 40.5, 4),
(595, 107, 2300, 92.5, 4),
(596, 108, 2250, 90.5, 4),
(597, 109, 40, 0, 4),
(598, 110, 95, 0, 4),
(599, 111, 72, 0, 4),
(600, 112, 45, 0, 4),
(601, 113, 75, 0, 4),
(602, 114, 45, 0, 4),
(603, 115, 60, 0, 4),
(604, 116, 50, 0, 4),
(605, 117, 50, 0, 4),
(606, 118, 65, 0, 4),
(607, 119, 190, 0, 4),
(608, 120, 25, 0, 4),
(609, 121, 75, 0, 4),
(610, 122, 5, 0, 4),
(611, 123, 60, 60, 4),
(612, 124, 45, 0, 4),
(613, 125, 500, 10.5, 4),
(614, 126, 190, 38.5, 4),
(615, 127, 360, 36.5, 4),
(616, 128, 170, 34.5, 4),
(617, 129, 330, 33.5, 4),
(618, 130, 95, 0, 4),
(619, 131, 65, 0, 4),
(620, 132, 1100, 74, 4),
(621, 133, 800, 80.5, 4),
(622, 134, 1170, 117.5, 4),
(623, 135, 275, 0, 4),
(624, 136, 55, 0, 4),
(625, 137, 85, 0, 4),
(626, 138, 85, 0, 4),
(627, 139, 14, 0, 4),
(628, 140, 20, 0, 4),
(629, 141, 11, 0, 4),
(630, 142, 700, 18, 4),
(631, 143, 700, 18, 4),
(632, 144, 16, 0, 4),
(633, 145, 13, 0, 4),
(634, 146, 29, 0, 4),
(635, 147, 35, 0, 4),
(636, 148, 38, 0, 4),
(637, 149, 11, 0, 4),
(638, 150, 23, 0, 4),
(639, 151, 37, 0, 4),
(640, 152, 36, 0, 4),
(641, 153, 40, 0, 4),
(642, 154, 45, 0, 4),
(643, 155, 190, 0, 4),
(644, 156, 3, 0, 4),
(645, 157, 7, 0, 4),
(646, 158, 13, 0, 4),
(647, 159, 900, 18.5, 4),
(648, 160, 45.5, 45.5, 4),
(649, 161, 650, 17, 4),
(650, 162, 700, 18, 4),
(651, 163, 700, 18, 4),
(652, 164, 720, 18.5, 4),
(653, 165, 450, 18.5, 4),
(654, 166, 740, 19, 4),
(655, 167, 595, 17.5, 4),
(656, 168, 490, 14.5, 4),
(657, 169, 480, 0, 4),
(658, 170, 440, 0, 4),
(659, 171, 1150, 0, 4),
(660, 172, 600, 0, 4),
(661, 173, 250, 0, 4),
(662, 174, 130, 0, 4),
(663, 175, 2150, 0, 4),
(664, 176, 1100, 0, 4),
(665, 177, 430, 0, 4),
(666, 178, 220, 0, 4),
(667, 179, 55, 0, 4),
(668, 180, 105, 0, 4),
(669, 181, 200, 0, 4),
(670, 182, 290, 0, 4),
(671, 183, 470, 0, 4),
(672, 184, 95, 0, 4),
(673, 185, 190, 0, 4),
(674, 186, 285, 0, 4),
(675, 187, 450, 0, 4),
(676, 188, 90, 0, 4),
(677, 189, 170, 0, 4),
(678, 190, 30, 0, 4),
(679, 191, 36, 0, 4),
(680, 192, 25, 0, 4),
(681, 193, 40, 0, 4),
(682, 194, 85, 0, 4),
(683, 195, 25, 0, 4),
(684, 196, 25, 0, 4),
(685, 197, 35, 0, 4),
(686, 198, 80, 0, 4),
(687, 199, 45, 0, 4),
(688, 200, 25, 0, 4),
(689, 201, 10, 0, 4),
(690, 202, 110, 0, 4),
(691, 203, 100, 0, 4),
(692, 204, 110, 0, 4),
(693, 205, 120, 0, 4),
(694, 206, 18, 0, 4),
(695, 207, 310, 0, 4),
(696, 208, 300, 0, 4),
(697, 209, 310, 0, 4),
(698, 210, 320, 0, 4),
(699, 211, 90, 0, 4),
(700, 212, 3, 0, 4),
(701, 213, 5, 0, 4),
(702, 214, 10, 0, 4),
(703, 215, 270, 0, 4),
(704, 216, 440, 0, 4),
(705, 217, 900, 90.5, 4),
(706, 218, 100, 100, 4),
(707, 219, 350, 0, 4),
(708, 220, 500, 13, 4),
(709, 221, 41, 0, 4),
(710, 222, 440, 0, 4),
(711, 223, 60, 0, 4),
(712, 224, 90, 0, 4),
(713, 225, 70, 0, 4),
(714, 226, 85, 0, 4),
(715, 227, 105, 0, 4),
(716, 228, 55, 0, 4),
(717, 229, 200, 0, 4),
(718, 230, 245, 0, 4),
(719, 231, 440, 0, 4),
(720, 232, 900, 22.5, 4),
(721, 233, 810, 18, 4),
(722, 234, 180, 0, 4),
(723, 235, 265, 0, 4),
(724, 236, 105, 0, 4),
(725, 237, 130, 0, 4),
(726, 238, 170, 0, 4),
(727, 239, 125, 0, 4),
(728, 240, 23, 0, 4),
(729, 241, 23, 0, 4),
(730, 242, 26, 0, 4),
(731, 243, 12, 0, 4),
(732, 244, 25, 0, 4),
(733, 245, 14, 0, 4),
(734, 246, 43, 0, 4),
(735, 247, 80, 0, 4),
(736, 248, 10, 0, 4),
(737, 249, 20, 0, 4),
(738, 250, 3.5, 0, 4),
(739, 5, 480, 12.5, 5),
(740, 6, 480, 12.5, 5),
(741, 7, 440, 11.5, 5),
(742, 8, 520, 13.5, 5),
(743, 9, 1300, 33, 5),
(744, 10, 1220, 31, 5),
(745, 11, 1200, 30.5, 5),
(746, 12, 1160, 29.5, 5),
(747, 13, 920, 23.5, 5),
(748, 14, 880, 22.5, 5),
(749, 15, 1140, 29, 5),
(750, 16, 1360, 34.5, 5),
(751, 17, 1070, 27.5, 5),
(752, 18, 860, 22, 5),
(753, 19, 840, 21.5, 5),
(754, 20, 870, 22.5, 5),
(755, 21, 1120, 28.5, 5),
(756, 22, 1050, 27, 5),
(757, 23, 850, 22, 5),
(758, 24, 1020, 26, 5),
(759, 25, 960, 24.5, 5),
(760, 26, 800, 20.5, 5),
(761, 27, 1060, 27, 5),
(762, 28, 900, 36.5, 5),
(763, 29, 1100, 28, 5),
(764, 30, 1400, 35.5, 5),
(765, 31, 1300, 33, 5),
(766, 32, 1220, 31, 5),
(767, 33, 1280, 32.5, 5),
(768, 34, 1160, 29.5, 5),
(769, 35, 1280, 32.5, 5),
(770, 36, 1040, 26.5, 5),
(771, 37, 1120, 28.5, 5),
(772, 38, 1500, 38, 5),
(773, 39, 1200, 30.5, 5),
(774, 40, 1160, 29.5, 5),
(775, 41, 1750, 70.5, 5),
(776, 42, 1750, 70.5, 5),
(777, 43, 1250, 50.5, 5),
(778, 44, 1550, 62.5, 5),
(779, 45, 735, 30, 5),
(780, 46, 625, 25.5, 5),
(781, 47, 600, 24.5, 5),
(782, 48, 585, 24, 5),
(783, 49, 775, 31.5, 5),
(784, 50, 715, 29.5, 5),
(785, 51, 775, 31.5, 5),
(786, 52, 620, 25.5, 5),
(787, 53, 945, 38.5, 5),
(788, 54, 880, 36, 5),
(789, 55, 535, 22, 5),
(790, 56, 525, 21.5, 5),
(791, 57, 655, 27, 5),
(792, 58, 800, 32.5, 5),
(793, 59, 640, 26.5, 5),
(794, 60, 750, 30.5, 5),
(795, 61, 500, 13, 5),
(796, 62, 560, 14.5, 5),
(797, 63, 1400, 35.5, 5),
(798, 64, 700, 18, 5),
(799, 65, 450, 15.5, 5),
(800, 66, 455, 13.5, 5),
(801, 67, 680, 17.5, 5),
(802, 68, 640, 16.5, 5),
(803, 69, 435, 15, 5),
(804, 70, 1225, 35.5, 5),
(805, 71, 1050, 30.5, 5),
(806, 72, 200, 0, 5),
(807, 73, 540, 14, 5),
(808, 74, 840, 21.5, 5),
(809, 75, 570, 19.5, 5),
(810, 76, 560, 14.5, 5),
(811, 77, 14.5, 560, 5),
(812, 78, 780, 20, 5),
(813, 79, 900, 18.5, 5),
(814, 80, 720, 18.5, 5),
(815, 81, 660, 17, 5),
(816, 82, 290, 0, 5),
(817, 83, 360, 0, 5),
(818, 84, 350, 0, 5),
(819, 85, 525, 0, 5),
(820, 86, 440, 0, 5),
(821, 87, 330, 0, 5),
(822, 88, 270, 0, 5),
(823, 89, 480, 0, 5),
(824, 90, 200, 0, 5),
(825, 91, 400, 0, 5),
(826, 92, 200, 0, 5),
(827, 93, 120, 120, 5),
(828, 94, 25, 0, 5),
(829, 95, 100, 100, 5),
(830, 96, 150, 0, 5),
(831, 97, 250, 0, 5),
(832, 98, 225, 8, 5),
(833, 99, 250, 8, 5),
(834, 100, 3000, 75.5, 5),
(835, 101, 1200, 30.5, 5),
(836, 102, 2000, 50.5, 5),
(837, 103, 2500, 50.5, 5),
(838, 104, 1750, 70.5, 5),
(839, 105, 1950, 78.5, 5),
(840, 106, 1000, 40.5, 5),
(841, 107, 2300, 92.5, 5),
(842, 108, 2250, 90.5, 5),
(843, 109, 40, 0, 5),
(844, 110, 95, 0, 5),
(845, 111, 72, 0, 5),
(846, 112, 45, 0, 5),
(847, 113, 75, 0, 5),
(848, 114, 45, 0, 5),
(849, 115, 60, 0, 5),
(850, 116, 50, 0, 5),
(851, 117, 50, 0, 5),
(852, 118, 65, 0, 5),
(853, 119, 190, 0, 5),
(854, 120, 25, 0, 5),
(855, 121, 75, 0, 5),
(856, 122, 5, 0, 5),
(857, 123, 60, 60, 5),
(858, 124, 45, 0, 5),
(859, 125, 500, 10.5, 5),
(860, 126, 190, 38.5, 5),
(861, 127, 360, 36.5, 5),
(862, 128, 170, 34.5, 5),
(863, 129, 330, 33.5, 5),
(864, 130, 95, 0, 5),
(865, 131, 65, 0, 5),
(866, 132, 1100, 74, 5),
(867, 133, 800, 80.5, 5),
(868, 134, 1170, 117.5, 5),
(869, 135, 275, 0, 5),
(870, 136, 55, 0, 5),
(871, 137, 85, 0, 5),
(872, 138, 85, 0, 5),
(873, 139, 14, 0, 5),
(874, 140, 20, 0, 5),
(875, 141, 11, 0, 5),
(876, 142, 700, 18, 5),
(877, 143, 700, 18, 5),
(878, 144, 16, 0, 5),
(879, 145, 13, 0, 5),
(880, 146, 29, 0, 5),
(881, 147, 35, 0, 5),
(882, 148, 38, 0, 5),
(883, 149, 11, 0, 5),
(884, 150, 23, 0, 5),
(885, 151, 37, 0, 5),
(886, 152, 36, 0, 5),
(887, 153, 40, 0, 5),
(888, 154, 45, 0, 5),
(889, 155, 190, 0, 5),
(890, 156, 3, 0, 5),
(891, 157, 7, 0, 5),
(892, 158, 13, 0, 5),
(893, 159, 900, 18.5, 5),
(894, 160, 45.5, 45.5, 5),
(895, 161, 650, 17, 5),
(896, 162, 700, 18, 5),
(897, 163, 700, 18, 5),
(898, 164, 720, 18.5, 5),
(899, 165, 450, 18.5, 5),
(900, 166, 740, 19, 5),
(901, 167, 595, 17.5, 5),
(902, 168, 490, 14.5, 5),
(903, 169, 480, 0, 5),
(904, 170, 440, 0, 5),
(905, 171, 1150, 0, 5),
(906, 172, 600, 0, 5),
(907, 173, 250, 0, 5),
(908, 174, 130, 0, 5),
(909, 175, 2150, 0, 5),
(910, 176, 1100, 0, 5),
(911, 177, 430, 0, 5),
(912, 178, 220, 0, 5),
(913, 179, 55, 0, 5),
(914, 180, 105, 0, 5),
(915, 181, 200, 0, 5),
(916, 182, 290, 0, 5),
(917, 183, 470, 0, 5),
(918, 184, 95, 0, 5),
(919, 185, 190, 0, 5),
(920, 186, 285, 0, 5),
(921, 187, 450, 0, 5),
(922, 188, 90, 0, 5),
(923, 189, 170, 0, 5),
(924, 190, 30, 0, 5),
(925, 191, 36, 0, 5),
(926, 192, 25, 0, 5),
(927, 193, 40, 0, 5),
(928, 194, 85, 0, 5),
(929, 195, 25, 0, 5),
(930, 196, 25, 0, 5),
(931, 197, 35, 0, 5),
(932, 198, 80, 0, 5),
(933, 199, 45, 0, 5),
(934, 200, 25, 0, 5),
(935, 201, 10, 0, 5),
(936, 202, 110, 0, 5),
(937, 203, 100, 0, 5),
(938, 204, 110, 0, 5),
(939, 205, 120, 0, 5),
(940, 206, 18, 0, 5),
(941, 207, 310, 0, 5),
(942, 208, 300, 0, 5),
(943, 209, 310, 0, 5),
(944, 210, 320, 0, 5),
(945, 211, 90, 0, 5),
(946, 212, 3, 0, 5),
(947, 213, 5, 0, 5),
(948, 214, 10, 0, 5),
(949, 215, 270, 0, 5),
(950, 216, 440, 0, 5),
(951, 217, 900, 90.5, 5),
(952, 218, 100, 100, 5),
(953, 219, 350, 0, 5),
(954, 220, 500, 13, 5),
(955, 221, 41, 0, 5),
(956, 222, 440, 0, 5),
(957, 223, 60, 0, 5),
(958, 224, 90, 0, 5),
(959, 225, 70, 0, 5),
(960, 226, 85, 0, 5),
(961, 227, 105, 0, 5),
(962, 228, 55, 0, 5),
(963, 229, 200, 0, 5),
(964, 230, 245, 0, 5),
(965, 231, 440, 0, 5),
(966, 232, 900, 22.5, 5),
(967, 233, 810, 18, 5),
(968, 234, 180, 0, 5),
(969, 235, 265, 0, 5),
(970, 236, 105, 0, 5),
(971, 237, 130, 0, 5),
(972, 238, 170, 0, 5),
(973, 239, 125, 0, 5),
(974, 240, 23, 0, 5),
(975, 241, 23, 0, 5),
(976, 242, 26, 0, 5),
(977, 243, 12, 0, 5),
(978, 244, 25, 0, 5),
(979, 245, 14, 0, 5),
(980, 246, 43, 0, 5),
(981, 247, 80, 0, 5),
(982, 248, 10, 0, 5),
(983, 249, 20, 0, 5),
(984, 250, 3.5, 0, 5);

-- --------------------------------------------------------

--
-- Структура таблицы `product_products`
--

CREATE TABLE IF NOT EXISTS `product_products` (
  `id` int(11) NOT NULL AUTO_INCREMENT,
  `category_id` int(11) DEFAULT NULL,
  `name` varchar(255) NOT NULL,
  `description` text,
  `price_bag` float NOT NULL,
  `price_kg` float NOT NULL,
  `max_bonus_percentage` int(11) DEFAULT NULL,
  `max_discount_percentage` int(11) DEFAULT NULL,
  `created_at` timestamp NOT NULL DEFAULT CURRENT_TIMESTAMP,
  `check_one` tinyint(1) DEFAULT NULL,
  PRIMARY KEY (`id`),
  KEY `ix_product_products_category_id` (`category_id`),
  KEY `ix_product_products_max_bonus_percantage` (`max_bonus_percentage`),
  KEY `ix_product_products_max_discount_percentage` (`max_discount_percentage`)
) ENGINE=InnoDB AUTO_INCREMENT=254 DEFAULT CHARSET=utf8;

--
-- Дамп данных таблицы `product_products`
--

INSERT INTO `product_products` (`id`, `category_id`, `name`, `description`, `price_bag`, `price_kg`, `max_bonus_percentage`, `max_discount_percentage`, `created_at`, `check_one`) VALUES
(5, 1, 'Кукуруза', 'Кукуруза', 480, 12.5, 1, 4, '2017-06-01 13:45:09', NULL),
(6, 1, 'Пшеница', 'Пшеница', 480, 12.5, 1, 1, '2017-06-01 13:45:34', NULL),
(7, 1, 'Ячмень', 'Ячмень', 440, 11.5, NULL, NULL, '2017-06-01 13:46:37', NULL),
(8, 15, 'Кукуруза №6', 'Кукуруза №6', 520, 13.5, NULL, NULL, '2017-06-01 13:47:10', NULL),
(9, 5, 'БР-1 ЮК', 'Старт для бройлеров 0-14 дней', 1300, 33, NULL, NULL, '2017-06-15 08:24:50', NULL),
(10, 5, 'БР-2 ЮК', 'Бройлер рост', 1220, 31, NULL, NULL, '2017-06-15 08:25:50', NULL),
(11, 5, 'БР-3 ЮК', 'Бройлер финиш', 1200, 30.5, NULL, NULL, '2017-06-15 08:26:59', NULL),
(12, 5, 'ПК-2 ЮК', 'Старт несушки', 1160, 29.5, NULL, NULL, '2017-06-15 08:28:42', NULL),
(13, 5, 'ПК-4 ЮК', 'Рост для кур-несушек\r\n', 920, 23.5, NULL, NULL, '2017-06-15 08:37:16', NULL),
(14, 5, 'ПК-1 ЮК', 'Куры-несушки ', 880, 22.5, NULL, NULL, '2017-06-15 08:38:34', NULL),
(15, 5, 'ПК-21 ЮК', 'Старт для уток', 1140, 29, NULL, NULL, '2017-06-15 08:39:15', NULL),
(16, 5, 'ПК-11 ЮК', 'Старт для индюков', 1360, 34.5, NULL, NULL, '2017-06-15 08:41:06', NULL),
(17, 5, 'ПК-12 ЮК', 'Рост для индюков', 1070, 27.5, NULL, NULL, '2017-06-15 08:43:34', NULL),
(18, 5, 'ПК-13 ЮК', 'Финиш для индюков', 860, 22, NULL, NULL, '2017-06-15 08:45:06', NULL),
(19, 5, 'ПК-90 без тр. муки ЮК', '', 840, 21.5, NULL, NULL, '2017-06-15 08:58:45', NULL),
(20, 5, 'ПК-90 с тр. мукой ЮК', '', 870, 22.5, NULL, NULL, '2017-06-15 09:01:31', NULL),
(21, 5, 'ДК-52 ЮК', '', 1120, 28.5, NULL, NULL, '2017-06-15 09:02:20', NULL),
(22, 5, 'КК-62', '', 1050, 27, NULL, NULL, '2017-06-15 09:23:36', NULL),
(23, 5, 'КК-63', '', 850, 22, NULL, NULL, '2017-06-15 09:24:28', NULL),
(24, 5, 'ПК-50', '', 1020, 26, NULL, NULL, '2017-06-15 09:30:12', NULL),
(25, 5, 'ПК-51', '', 960, 24.5, NULL, NULL, '2017-06-15 09:30:54', NULL),
(26, 5, 'ПК-55', '', 800, 20.5, NULL, NULL, '2017-06-15 09:31:29', NULL),
(27, 3, '409206 Кролики универсальный PURINA', '', 1060, 27, NULL, NULL, '2017-06-15 10:12:04', NULL),
(28, 3, '254113 Старт перепелка PURINA', '', 900, 36.5, NULL, NULL, '2017-06-15 10:13:15', NULL),
(29, 3, '404552 Перепела-несушки PURINA', '', 1100, 28, NULL, NULL, '2017-06-15 10:15:03', NULL),
(30, 3, '403168 БР-1 PURINA', '', 1400, 35.5, NULL, NULL, '2017-06-15 10:16:00', NULL),
(31, 3, '403268 БР-2 PURINA', '', 1300, 33, NULL, NULL, '2017-06-15 10:16:31', NULL),
(32, 3, '403356 БР-3 PURINA', '', 1220, 31, NULL, NULL, '2017-06-15 10:18:01', NULL),
(33, 3, '404151 Старт водоплавающая пт. PURINA', '', 1280, 32.5, NULL, NULL, '2017-06-15 10:19:48', NULL),
(34, 3, '404351 Рост/финиш водоплавающая пт. PURINA', '', 1160, 29.5, NULL, NULL, '2017-06-15 10:23:52', NULL),
(35, 3, '402151 Старт куры-несушки PURINA', '', 1280, 32.5, NULL, NULL, '2017-06-15 10:25:44', NULL),
(36, 3, '402651 Куры-несушки PURINA', '', 1040, 26.5, NULL, NULL, '2017-06-15 10:28:38', NULL),
(37, 3, '402451 Рост куры-несушки PURINA', '', 1120, 28.5, NULL, NULL, '2017-06-15 10:30:16', NULL),
(38, 3, '404161 Старт-2 индюки PURINA', '', 1500, 38, NULL, NULL, '2017-06-15 10:32:05', NULL),
(39, 3, '404261 Рост индюки PURINA', '', 1200, 30.5, NULL, NULL, '2017-06-15 10:45:31', NULL),
(40, 3, '404361 Финиш индюки PURINA', '', 1160, 29.5, NULL, NULL, '2017-06-15 10:46:27', NULL),
(41, 3, '251285 БМВД свиньи 10-20% PURINA', '', 1750, 70.5, NULL, NULL, '2017-06-15 10:48:57', NULL),
(42, 3, '252525 БМВД д/яичной пт. PURINA', '', 1750, 70.5, NULL, NULL, '2017-06-15 10:49:44', NULL),
(43, 3, '257329 БМВД КРС откорм молодняка PURINA', '', 1250, 50.5, NULL, NULL, '2017-06-15 10:51:27', NULL),
(44, 3, '253392 БМВД 10,5% д/мясной пт. PURINA', '', 1550, 62.5, NULL, NULL, '2017-06-15 10:52:16', NULL),
(45, 4, 'ПК-2 Старт д/кур-несушек GA(25кг)', '', 735, 30, NULL, NULL, '2017-06-15 10:57:55', NULL),
(46, 4, 'ПК-3 Рост д/кур-несушек GA(25кг)', '', 625, 25.5, NULL, NULL, '2017-06-15 10:58:47', NULL),
(47, 4, 'ПК-4 Рост д/кур-несушек GA(25кг)', '', 600, 24.5, NULL, NULL, '2017-06-15 10:59:33', NULL),
(48, 4, 'ПК-1 Куры-несушки GA(25кг)', '', 585, 24, NULL, NULL, '2017-06-15 11:00:00', NULL),
(49, 4, 'ПК-5-2 Рост д/бройлеров GA(25кг)', '', 775, 31.5, NULL, NULL, '2017-06-15 11:00:54', NULL),
(50, 4, 'ПК-5-3 Финиш д/бройлеров GA(25кг)', '', 715, 29.5, NULL, NULL, '2017-06-15 11:02:15', NULL),
(51, 4, 'ПК-21Старт д/водоплавающей пт. GA(25кг)', '', 775, 31.5, NULL, NULL, '2017-06-15 11:02:51', NULL),
(52, 4, 'ПК-22 Рост д/водоплавающей пт. GA(25кг)', '', 620, 25.5, NULL, NULL, '2017-06-15 11:04:14', NULL),
(53, 4, 'ПК-11-1 Старт для индюков GA(25кг)', '', 945, 38.5, NULL, NULL, '2017-06-15 11:05:34', NULL),
(54, 4, 'ПК-11-2 Старт 2 д/индюков GA(25кг)', '', 880, 36, NULL, NULL, '2017-06-15 11:12:00', 0),
(55, 4, 'ПК-12 Рост д/индюков GA(25кг)', '', 535, 22, NULL, NULL, '2017-06-15 11:13:05', NULL),
(56, 4, 'ПК-90 GA(25кг)', '', 525, 21.5, NULL, NULL, '2017-06-15 11:14:11', NULL),
(57, 4, 'ПК-90 КМ Кроликоматки и молодняк GA(25кг)', '', 655, 27, NULL, NULL, '2017-06-15 11:14:51', NULL),
(58, 4, 'ПЕ-1 Старт д/перепелов GA(25кг)', '', 800, 32.5, NULL, NULL, '2017-06-15 11:15:24', NULL),
(59, 4, 'ПЕ-Н Перепела-несушки GA(25кг)', '', 640, 26.5, NULL, NULL, '2017-06-15 11:15:57', NULL),
(60, 4, 'ПЕ-2 Рост д/перепелов GA(25кг)', '', 750, 30.5, NULL, NULL, '2017-06-15 11:16:55', NULL),
(61, 1, 'Овес', '', 500, 13, NULL, NULL, '2017-06-15 11:17:53', NULL),
(62, 1, 'Кукуруза бондюэль (попкорн)', '', 560, 14.5, NULL, NULL, '2017-06-15 11:18:48', NULL),
(63, 1, 'Соя', '', 1400, 35.5, NULL, NULL, '2017-06-15 11:20:57', NULL),
(64, 1, 'Горох', '', 700, 18, NULL, NULL, '2017-06-15 11:22:04', NULL),
(65, 7, 'Зерносмесь ЭКСТРА', '', 450, 15.5, NULL, NULL, '2017-06-15 11:22:54', NULL),
(66, 7, 'Зерносмесь №1', '', 455, 13.5, NULL, NULL, '2017-06-15 11:23:52', NULL),
(67, 7, 'Зерносмесь для цыплят и утят (дробл.) ', '', 680, 17.5, NULL, NULL, '2017-06-15 11:25:05', NULL),
(68, 7, 'Зерносмесь для голубей', '', 640, 16.5, NULL, NULL, '2017-06-15 11:25:56', NULL),
(69, 7, 'Зерносмесь кролики', '', 435, 15, NULL, NULL, '2017-06-15 11:28:07', NULL),
(70, 1, 'Семечка маслянка', '', 1225, 35.5, NULL, NULL, '2017-06-16 06:19:14', NULL),
(71, 1, 'Семечка с лузгой', '', 1050, 30.5, NULL, NULL, '2017-06-16 06:22:12', NULL),
(72, 9, 'Отруби', '', 200, 0, NULL, NULL, '2017-06-16 06:25:05', 1),
(73, 9, 'Жом свекольный', '', 540, 14, NULL, NULL, '2017-06-16 06:28:00', 0),
(74, 9, 'Жмых/макуха', '', 840, 21.5, NULL, NULL, '2017-06-16 06:29:42', 0),
(75, 9, 'Жмых черный', '', 570, 19.5, NULL, NULL, '2017-06-16 06:30:24', NULL),
(76, 8, 'Дерть ', '', 560, 14.5, NULL, NULL, '2017-06-16 06:39:40', NULL),
(77, 9, 'Шрот подсолнечный', '', 14.5, 560, NULL, NULL, '2017-06-16 06:40:59', NULL),
(78, 15, 'Каша для собак', '', 780, 20, NULL, NULL, '2017-06-16 06:50:00', NULL),
(79, 15, 'Крупа ячменная (ячка) (50кг)', '', 900, 18.5, NULL, NULL, '2017-06-16 06:51:52', NULL),
(80, 15, 'Пшеничная крупа (пшеничка) (40кг)', '', 720, 18.5, NULL, NULL, '2017-06-16 06:58:20', NULL),
(81, 15, 'Рис сечка (50кг)', '', 660, 17, NULL, NULL, '2017-06-16 06:59:17', NULL),
(82, 8, 'Комбикорм универсальный', '', 290, 0, NULL, NULL, '2017-06-16 07:00:55', 1),
(83, 8, 'Комбикорм для дойных', '', 360, 0, NULL, NULL, '2017-06-16 07:02:29', 1),
(84, 8, 'Комбикорм куриный 35 кг', '', 350, 0, NULL, NULL, '2017-06-16 07:03:49', 1),
(85, 8, 'Рисовая манка (50кг)', '', 525, 0, NULL, NULL, '2017-06-16 07:04:33', 1),
(86, 8, 'Рисовая мучка (40кг)', '', 440, 0, NULL, NULL, '2017-06-16 07:10:30', 1),
(87, 8, 'Овсяная мучка (30кг)', '', 330, 0, NULL, NULL, '2017-06-16 07:11:18', 1),
(88, 8, 'Гречневая мучка (30кг)', '', 270, 0, NULL, NULL, '2017-06-16 07:12:05', 1),
(89, 8, 'Кукурузная манка', '', 480, 0, NULL, NULL, '2017-06-16 07:14:52', 1),
(90, 10, 'Кормушка бункерная 5л', '', 200, 0, NULL, NULL, '2017-06-16 07:32:42', 1),
(91, 10, 'Кормушка бункерная 10л', '', 400, 0, NULL, NULL, '2017-06-16 07:34:55', 1),
(92, 10, 'Кормушка прямогольная', '', 200, 0, NULL, NULL, '2017-06-16 07:36:27', 1),
(93, NULL, 'Кормушка бункерная мал.', '', 120, 120, NULL, NULL, '2017-06-16 07:36:55', NULL),
(94, 10, 'Поилка под банку 3л', '', 25, 0, NULL, NULL, '2017-06-16 07:38:04', 1),
(95, NULL, 'Поилка под ПЭТ бутылку', '', 100, 100, NULL, NULL, '2017-06-16 07:38:28', NULL),
(96, 10, 'Поилка (ведро) 5л', '', 150, 0, NULL, NULL, '2017-06-16 07:42:53', 1),
(97, 10, 'Поилка (ведро) 10л', '', 250, 0, NULL, NULL, '2017-06-16 07:43:22', 1),
(98, 11, 'Мел кормовой (30кг)', '', 225, 8, NULL, NULL, '2017-06-16 07:44:39', NULL),
(99, 11, 'Ракушка (35кг)', '', 250, 8, NULL, NULL, '2017-06-16 07:45:43', NULL),
(100, 11, 'Рыбная мука (40кг)', '', 3000, 75.5, NULL, NULL, '2017-06-16 07:47:01', NULL),
(101, 11, 'Мясокостная мука', '', 1200, 30.5, NULL, NULL, '2017-06-16 07:48:00', NULL),
(102, 11, 'Дрожжи кормовые', '', 2000, 50.5, NULL, NULL, '2017-06-16 07:49:08', NULL),
(103, 11, 'Трикальцийфосфат', '', 2500, 50.5, NULL, NULL, '2017-06-16 07:50:05', NULL),
(104, 11, 'Кормилак для поросят (0%)', '', 1750, 70.5, NULL, NULL, '2017-06-16 08:22:00', NULL),
(105, 11, 'Кормилак для телят (16%)', '', 1950, 78.5, NULL, NULL, '2017-06-16 08:23:45', NULL),
(106, 11, 'Живой белок', '', 1000, 40.5, NULL, NULL, '2017-06-16 08:24:25', NULL),
(107, 11, 'Линомилк 16% (25кг)', '', 2300, 92.5, NULL, NULL, '2017-06-19 14:21:28', NULL),
(108, 11, 'Линомилк ЭКО 12% (25кг)', '', 2250, 90.5, NULL, NULL, '2017-06-19 14:22:22', NULL),
(109, 11, 'Рябушка мал.', '', 40, 0, NULL, NULL, '2017-06-19 14:23:27', 1),
(110, 11, 'Рябушка бол.', '', 95, 0, NULL, NULL, '2017-06-19 14:23:57', 1),
(111, 11, 'Рябушка эконом', '', 72, 0, NULL, NULL, '2017-06-19 14:24:28', 1),
(112, 11, 'Гаврюша', '', 45, 0, NULL, NULL, '2017-06-19 14:25:17', 1),
(113, 11, 'Буренка', '', 75, 0, NULL, NULL, '2017-06-19 14:25:50', 1),
(114, 11, 'Хрюша', '', 45, 0, NULL, NULL, '2017-06-19 14:29:00', 1),
(115, 11, 'Борька', '', 60, 0, NULL, NULL, '2017-06-19 14:29:35', 1),
(116, 11, 'Фиам супер', '', 50, 0, NULL, NULL, '2017-06-19 14:30:05', 1),
(117, 18, 'Крысиная смерть', '', 50, 0, NULL, NULL, '2017-06-19 14:30:59', 1),
(118, 11, 'Зорька мал. (0.2л)', '', 65, 0, NULL, NULL, '2017-06-19 14:31:54', 1),
(119, 11, 'Зорька бол. (0.75л)', '', 190, 0, NULL, NULL, '2017-06-19 14:32:37', 1),
(120, 11, 'Сера', '', 25, 0, NULL, NULL, '2017-06-19 14:33:06', 1),
(121, 11, 'Соль лизунец универсальный', '', 75, 0, NULL, NULL, '2017-06-19 14:33:33', 1),
(122, 11, 'Альбен', '', 5, 0, NULL, NULL, '2017-06-19 14:34:03', 1),
(123, 11, 'Зинка', '', 60, 60, NULL, NULL, '2017-06-19 14:34:34', NULL),
(124, 11, 'Солнышко', '', 45, 0, NULL, NULL, '2017-06-19 14:34:58', 1),
(125, 11, 'Соль крупный помол', '', 500, 10.5, NULL, NULL, '2017-06-19 14:35:48', 0),
(126, 16, 'Релка (5кг)', '', 190, 38.5, NULL, NULL, '2017-06-19 14:40:46', NULL),
(127, 16, 'Релка (10кг)', '', 360, 36.5, NULL, NULL, '2017-06-19 14:41:16', NULL),
(128, 16, 'Профи (5кг)', '', 170, 34.5, NULL, NULL, '2017-06-19 14:42:20', NULL),
(129, 16, 'Профи (10кг)', '', 330, 33.5, NULL, NULL, '2017-06-19 14:42:49', NULL),
(130, 16, 'Педигри 600г', '', 95, 0, NULL, NULL, '2017-06-19 14:43:36', 1),
(131, 16, 'Чаппи 600г', '', 65, 0, NULL, NULL, '2017-06-19 14:44:14', 1),
(132, 16, 'Чаппи 15кг', '', 1100, 74, NULL, NULL, '2017-06-19 14:48:27', NULL),
(133, 16, 'Прохвост д/собак', '', 800, 80.5, NULL, NULL, '2017-06-19 14:49:09', 0),
(134, 17, 'Прохвост кошачий (10кг)', '', 1170, 117.5, NULL, NULL, '2017-06-19 14:50:15', 0),
(135, 17, 'Китекэт 3кг', '', 275, 0, NULL, NULL, '2017-06-19 14:51:16', 1),
(136, 17, 'Китекэт 350г', '', 55, 0, NULL, NULL, '2017-06-19 14:52:16', 1),
(137, 17, 'Вискас д/котят', '', 85, 0, NULL, NULL, '2017-06-19 14:53:05', 1),
(138, 17, 'Вискас 350г', '', 85, 0, NULL, NULL, '2017-06-19 14:53:58', 1),
(139, 17, 'Китекэт пауч.', '', 14, 0, NULL, NULL, '2017-06-19 14:55:15', 1),
(140, 17, 'Вискас пауч.', '', 20, 0, NULL, NULL, '2017-06-19 14:55:39', 1),
(141, 12, 'СКО 0.5л', '', 11, 0, NULL, NULL, '2017-06-20 09:36:23', 1),
(142, 6, 'ПК-1 Старый оскол крупка', '', 700, 18, NULL, NULL, '2017-06-20 11:33:06', NULL),
(143, 6, 'ПК-1 Гранула Старый оскол', '', 700, 18, NULL, NULL, '2017-06-20 11:34:54', NULL),
(144, 12, 'СКО 0.9л', '', 16, 0, NULL, NULL, '2017-06-20 11:41:09', 1),
(145, 12, 'СКО 0.65', '', 13, 0, NULL, NULL, '2017-06-20 11:42:22', 1),
(146, 12, 'СКО 1.5', '', 29, 0, NULL, NULL, '2017-06-20 11:42:46', 1),
(147, 12, 'СКО 2л', '', 35, 0, NULL, NULL, '2017-06-20 11:43:12', 1),
(148, 12, 'СКО 3л', '', 38, 0, NULL, NULL, '2017-06-20 11:43:33', 1),
(149, 12, 'ЕВРО 0.5л', '', 11, 0, NULL, NULL, '2017-06-20 11:43:57', 1),
(150, 12, 'ЕВРО 1л', '', 23, 0, NULL, NULL, '2017-06-20 11:45:35', 1),
(151, 12, 'ЕВРО 1.5л', '', 37, 0, NULL, NULL, '2017-06-20 11:46:06', 1),
(152, 12, 'ЕВРО 1.8л', '', 36, 0, NULL, NULL, '2017-06-20 11:46:35', 1),
(153, 12, 'ЕВРО 2л', '', 40, 0, NULL, NULL, '2017-06-20 11:46:56', 1),
(154, 12, 'ЕВРО 3л', '', 45, 0, NULL, NULL, '2017-06-20 11:47:19', 1),
(155, 12, 'Крышки СВЕТЛАНА', '', 190, 0, NULL, NULL, '2017-06-20 11:48:00', 1),
(156, 12, 'Крышка ПЭТ', '', 3, 0, NULL, NULL, '2017-06-20 11:48:44', 1),
(157, 12, 'Евро крышка 0.82', '', 7, 0, NULL, NULL, '2017-06-20 11:49:22', 1),
(158, 12, 'Крышка Евро 1.00', '', 13, 0, NULL, NULL, '2017-06-20 11:49:54', 1),
(159, 15, 'Перловка (50кг)', '', 900, 18.5, NULL, NULL, '2017-06-20 11:50:45', NULL),
(160, 1, 'Семечка едовая', '', 45.5, 45.5, NULL, NULL, '2017-06-20 11:52:03', NULL),
(161, 6, 'Кормосмесь универсальная', '', 650, 17, NULL, NULL, '2017-06-20 11:53:04', NULL),
(162, 6, 'Гранула для КРС ', '', 700, 18, NULL, NULL, '2017-06-20 11:53:44', NULL),
(163, 6, 'Гранула для откорма свиней', '', 700, 18, NULL, NULL, '2017-06-20 11:54:15', NULL),
(164, 6, 'Гранулы для взрослых кроликов СО', '', 720, 18.5, NULL, NULL, '2017-06-20 11:54:58', NULL),
(165, 6, 'Спецкорм ПК-1 СО', '', 450, 18.5, NULL, NULL, '2017-06-20 11:55:46', NULL),
(166, 7, 'Витаминка', '', 740, 19, NULL, NULL, '2017-06-20 12:02:24', NULL),
(167, 7, 'Зерносмесь откорм', '', 595, 17.5, NULL, NULL, '2017-06-20 12:03:31', NULL),
(168, 7, 'Зерносмесь для уток', '', 490, 14.5, NULL, NULL, '2017-06-20 12:04:44', NULL),
(169, 8, 'Пшеничная мучка (40кг)', '', 480, 0, NULL, NULL, '2017-06-20 12:07:18', 1),
(170, 8, 'Овсяная мучка (40кг)', '', 440, 0, NULL, NULL, '2017-06-20 12:08:25', 1),
(171, 14, 'Пшеничная мука в/с (50кг)', '', 1150, 0, NULL, NULL, '2017-06-20 12:14:45', 1),
(172, 14, 'Пшеничная мука в/с (25кг)', '', 600, 0, NULL, NULL, '2017-06-20 12:16:34', 1),
(173, 14, 'Пшеничная мука в/с (10кг)', '', 250, 0, NULL, NULL, '2017-06-20 12:17:17', 1),
(174, 14, 'Пшеничная мука в/с (5кг)', '', 130, 0, NULL, NULL, '2017-06-20 12:18:07', 1),
(175, 14, 'Сахар (50кг)', '', 2150, 0, NULL, NULL, '2017-06-20 12:19:08', 1),
(176, 14, 'Сахар (25кг)', '', 1100, 0, NULL, NULL, '2017-06-20 12:19:56', 1),
(177, 14, 'Сахар (10кг)', '', 430, 0, NULL, NULL, '2017-06-20 12:20:30', 1),
(178, 14, 'Сахар (5кг)', '', 220, 0, NULL, NULL, '2017-06-20 12:21:01', 1),
(179, 14, 'Масло подсолнечное \"СЕВЕРСКОЕ\" 0.5л ', '', 55, 0, NULL, NULL, '2017-06-20 12:24:23', 1),
(180, 14, 'Масло подсолнечное \"СЕВЕРСКОЕ\" 1л', '', 105, 0, NULL, NULL, '2017-06-20 12:25:02', 1),
(181, 14, 'Масло подсолнечное \"СЕВЕРСКОЕ\" 2л', '', 200, 0, NULL, NULL, '2017-06-20 12:25:50', 1),
(182, 14, 'Масло подсолнечное \"СЕВЕРСКОЕ\" 3л', '', 290, 0, NULL, NULL, '2017-06-20 12:26:16', 1),
(183, 14, 'Масло подсолнечное \"СЕВЕРСКОЕ\" 5л', '', 470, 0, NULL, NULL, '2017-06-20 12:26:54', 1),
(184, 14, 'Масло подсолнечное рафинированное \"МАМРУКОВСКОЕ\" 1л (без запаха)', '', 95, 0, NULL, NULL, '2017-06-20 12:28:19', 1),
(185, 14, 'Масло подсолнечное рафинированное \"МАМРУКОВСКОЕ\" 2л (без запаха)', '', 190, 0, NULL, NULL, '2017-06-20 12:29:04', 1),
(186, 14, 'Масло подсолнечное рафинированное \"МАМРУКОВСКОЕ\" 3л (без запаха)', '', 285, 0, NULL, NULL, '2017-06-20 12:30:55', 1),
(187, 14, 'Масло подсолнечное рафинированное \"МАМРУКОВСКОЕ\" 5л (без запаха)', '', 450, 0, NULL, NULL, '2017-06-20 12:39:55', 1),
(188, 14, 'Масло подсолнечное нераф. \"МАМРУКОВСКОЕ\" 1л (с запахом)', '', 90, 0, NULL, NULL, '2017-06-20 12:41:12', 1),
(189, 14, 'Масло подсолнечное нераф. \"МАМРУКОВСКОЕ\" 2л (с запахом)', '', 170, 0, NULL, NULL, '2017-06-20 12:51:18', 1),
(190, 18, 'Капкан мышиный', '', 30, 0, NULL, NULL, '2017-06-22 10:44:56', 1),
(191, 18, 'Капкан таракан', '', 36, 0, NULL, NULL, '2017-06-22 10:45:49', 1),
(192, 18, 'Капкан паста', '', 25, 0, NULL, NULL, '2017-06-22 10:46:55', 1),
(193, 18, 'Преграда мухи', '', 40, 0, NULL, NULL, '2017-06-22 10:49:04', 1),
(194, 18, 'КАПКАН ПЛЮС', '', 85, 0, NULL, NULL, '2017-06-22 10:56:27', 1),
(195, 18, 'Русский капкан', '', 25, 0, NULL, NULL, '2017-06-22 10:57:04', 1),
(196, 18, 'Капкан-тесто', '', 25, 0, NULL, NULL, '2017-06-22 10:57:58', 1),
(197, 18, 'Преграда мыши', '', 35, 0, NULL, NULL, '2017-06-22 10:58:24', 1),
(198, 18, 'Преграда крысы', '', 80, 0, NULL, NULL, '2017-06-22 10:58:55', 1),
(199, 18, 'Преграда мыши (бол.)', '', 45, 0, NULL, NULL, '2017-06-22 11:00:10', 1),
(200, 18, 'Преграда тараканы', '', 25, 0, NULL, NULL, '2017-06-22 11:00:40', 1),
(201, 18, 'Капкан мухи', '', 10, 0, NULL, NULL, '2017-06-22 11:01:26', 1),
(202, 19, 'Вода АЛЬПИН 19л (бутылка на обмен)', '', 110, 0, NULL, NULL, '2017-06-22 11:12:05', 1),
(203, 19, 'Вода Горный Хрусталь 19л (с обменом бутылки)', '', 100, 0, NULL, NULL, '2017-06-22 11:12:48', 1),
(204, 19, 'Вода Серебряная капля 19л (с бутылкой на обмен)', '', 110, 0, NULL, NULL, '2017-06-22 11:15:57', 1),
(205, 19, 'Вода Софийский Ледник 19л (с бутылкой на обмен)', '', 120, 0, NULL, NULL, '2017-06-22 11:16:41', 1),
(206, 19, 'Горячий ключ 2000 1.5л', '', 18, 0, NULL, NULL, '2017-06-22 11:18:39', 1),
(207, 19, 'Вода АЛЬПИН 19л (БЕЗ БУТЫЛКИ)', '', 310, 0, NULL, NULL, '2017-06-22 11:20:19', 1),
(208, 19, 'Вода Горный Хрусталь 19л (БЕЗ БУТЫЛКИ)', '', 300, 0, NULL, NULL, '2017-06-22 11:20:52', 1),
(209, 19, 'Вода Серебряная капля 19л (БЕЗ БУТЫЛКИ)', '', 310, 0, NULL, NULL, '2017-06-22 11:21:30', 1),
(210, 19, 'Вода Софийский Ледник 19л (БЕЗ БУТЫЛКИ)', '', 320, 0, NULL, NULL, '2017-06-22 11:22:11', 1),
(211, 14, 'Масло рафинированное \"Золотая капля\"', '', 90, 0, NULL, NULL, '2017-06-22 11:24:10', 1),
(212, 13, 'Пакет ПЭТ 3р', '', 3, 0, NULL, NULL, '2017-06-22 11:39:31', 1),
(213, 13, 'Пакет ПЭТ 5р', '', 5, 0, NULL, NULL, '2017-06-22 11:39:57', 1),
(214, 13, 'Мешок полипропиленовый ', '', 10, 0, NULL, NULL, '2017-06-22 11:40:30', 1),
(215, 14, 'Масло подсолнечное нераф. \"МАМРУКОВСКОЕ\" 3л (с запахом)', '', 270, 0, NULL, NULL, '2017-06-22 11:46:21', 1),
(216, 14, 'Масло подсолнечное нераф. \"МАМРУКОВСКОЕ\" 5л (с запахом)', '', 440, 0, NULL, NULL, '2017-06-22 11:47:04', 1),
(217, 17, 'Мистер кот (10кг)', '', 900, 90.5, NULL, NULL, '2017-06-22 11:52:32', NULL),
(218, NULL, 'Карта постоянного клиента \"ЭКО-КОРМА\"', '', 100, 100, NULL, NULL, '2017-06-22 12:12:13', NULL),
(219, 14, 'Сухой паек ИРП-2 (сухпай)', '', 350, 0, NULL, NULL, '2017-06-22 12:12:48', 1),
(220, 1, 'Просо', '', 500, 13, NULL, NULL, '2017-07-13 12:54:19', NULL),
(221, 15, 'Гречневая крупа', '', 41, 0, NULL, NULL, '2017-07-13 13:00:43', 1),
(222, 9, 'Рисовые отходы', '', 440, 0, NULL, NULL, '2017-07-13 13:03:20', 1),
(223, 20, 'Таз 8л', '', 60, 0, NULL, NULL, '2017-07-13 13:07:47', 1),
(224, 20, 'таз 10л', '', 90, 0, NULL, NULL, '2017-07-13 13:08:17', 1),
(225, 20, 'таз 10л', '', 70, 0, NULL, NULL, '2017-07-13 13:08:17', 1),
(226, 20, 'таз 12л', '', 85, 0, NULL, NULL, '2017-07-13 13:09:15', 1),
(227, 20, 'Таз 16л', '', 105, 0, NULL, NULL, '2017-07-13 13:09:48', 1),
(228, 20, 'Таз 4л', '', 55, 0, NULL, NULL, '2017-07-13 13:10:21', 1),
(229, 11, 'Дёготь', '', 200, 0, NULL, NULL, '2017-07-13 13:14:43', 1),
(230, 8, 'Гороховые отруби', '', 245, 0, NULL, NULL, '2017-08-10 10:49:54', 1),
(231, 9, 'Отход рисовый 40кг', '', 440, 0, NULL, NULL, '2017-08-13 06:27:55', 1),
(232, 9, 'Жмых/макуха карен', '', 900, 22.5, NULL, NULL, '2017-08-13 06:37:24', 0),
(233, 9, 'Жмых/макуха (черные гранулы)', '', 810, 18, NULL, NULL, '2017-08-13 06:39:37', 0),
(234, 11, 'Аминовит 100г.', '', 180, 0, NULL, NULL, '2017-08-13 06:45:35', 1),
(235, 11, 'Золотой фелуцен для КРС мясного и молочного стада', '', 265, 0, NULL, NULL, '2017-08-13 06:46:27', 1),
(236, 11, 'Фелуцен для коз и овец', '', 105, 0, NULL, NULL, '2017-08-13 06:47:08', 1),
(237, 11, 'Фелуцен для домашней птицы', '', 130, 0, NULL, NULL, '2017-08-13 06:47:25', 1),
(238, 12, 'Крышки МАРАНДЕ', '', 170, 0, NULL, NULL, '2017-08-13 06:49:55', 1),
(239, 12, 'Крышки без названия', '', 125, 0, NULL, NULL, '2017-08-13 06:50:34', 1),
(240, 14, 'Уксус 6%', '', 23, 0, NULL, NULL, '2017-08-13 07:11:29', 1),
(241, 14, 'Уксус 9%', '', 23, 0, NULL, NULL, '2017-08-13 07:11:47', 1),
(242, 14, 'Уксус 70% эссенция', '', 26, 0, NULL, NULL, '2017-08-13 07:12:26', 1),
(243, 14, 'Соль илецкая', '', 12, 0, NULL, NULL, '2017-08-13 07:14:09', 1),
(244, 14, 'Сода', '', 25, 0, NULL, NULL, '2017-08-13 07:14:44', 1),
(245, 14, 'Соль таганрогская ', '', 14, 0, NULL, NULL, '2017-08-13 07:16:16', 1),
(246, 14, 'Дрожжи сухие пищевые (100г)', '', 43, 0, NULL, NULL, '2017-08-13 07:23:53', 1),
(247, 14, 'Перец черный горошек (50г)', '', 80, 0, NULL, NULL, '2017-08-13 07:24:26', 1),
(248, 14, 'Семена горчицы (50г)', '', 10, 0, NULL, NULL, '2017-08-13 07:24:45', 1),
(249, 14, 'Лимонная кислота (100г)', '', 20, 0, NULL, NULL, '2017-08-13 07:25:03', 1),
(250, 14, 'Ванилин (1,5г)', '', 3.5, 0, NULL, NULL, '2017-08-13 07:25:29', 1),
(251, 3, 'Перепела-несушки 104552', '', 300, 0, NULL, NULL, '2017-08-26 05:49:49', 1),
(252, 20, 'Пречатки рабочие', '', 13, 0, NULL, NULL, '2017-08-29 06:04:04', 1),
(253, 12, 'Крышка полипропиленовая п/п', '', 3, 0, NULL, NULL, '2017-08-29 06:04:48', 1);

-- --------------------------------------------------------

--
-- Структура таблицы `shop_cards`
--

CREATE TABLE IF NOT EXISTS `shop_cards` (
  `id` int(11) NOT NULL AUTO_INCREMENT,
  `number` varchar(100) NOT NULL,
  `value` float DEFAULT '0',
  `total` float DEFAULT '0',
  `type` varchar(10) DEFAULT NULL,
  `bonus_sum` float DEFAULT NULL,
  PRIMARY KEY (`id`)
) ENGINE=InnoDB AUTO_INCREMENT=197 DEFAULT CHARSET=utf8;

--
-- Дамп данных таблицы `shop_cards`
--

INSERT INTO `shop_cards` (`id`, `number`, `value`, `total`, `type`, `bonus_sum`) VALUES
(1, '1', 3, 36223.3, 'bonus', 460.545),
(2, '2', 4, 65906.2, 'discount', NULL),
(6, '2300000000016', 3, 4769.83, 'discount', NULL),
(7, '2300000000023', 2, 5430.04, 'discount', NULL),
(8, '2300000000030', NULL, NULL, NULL, NULL),
(9, '2300000000047', 2, 538.912, 'discount', NULL),
(10, '2300000000054', 2, 6865.59, 'discount', NULL),
(11, '2300000000061', 2, 4568.01, 'discount', NULL),
(12, '2300000000078', NULL, NULL, NULL, NULL),
(13, '2300000000085', 2, 2947.89, 'discount', NULL),
(14, '2300000000092', 2, 1955.1, 'discount', NULL),
(15, '2300000000108', 3, 13350, 'bonus', 400.499),
(16, '2300000000115', NULL, NULL, NULL, NULL),
(17, '2300000000122', 2, 1176, 'discount', NULL),
(18, '2300000000139', 3, 7075.56, 'bonus', 212.267),
(19, '2300000000146', 3, 313.2, 'bonus', 9.396),
(20, '2300000000153', 2, 1901.42, 'discount', NULL),
(21, '2300000000160', 2, NULL, 'discount', NULL),
(22, '2300000000177', 3, 4052.22, 'bonus', 11.0848),
(23, '2300000000184', 3, 8280, 'bonus', 248.4),
(24, '2300000000191', 3, 2735.06, 'bonus', 82.0514),
(25, '2300000000207', 3, 4990.15, 'bonus', 149.705),
(26, '2300000000214', NULL, NULL, NULL, NULL),
(27, '2300000000221', NULL, NULL, NULL, NULL),
(28, '2300000000238', 3, 3330, 'bonus', 99.9),
(30, '2300000000245', 2, NULL, 'discount', NULL),
(31, '2300000000252', 2, 1327.9, 'discount', NULL),
(32, '2300000000269', 3, 3350.14, 'bonus', 100.504),
(33, '2300000000276', 2, 23236.3, 'discount', NULL),
(34, '2300000000283', 2, 1803.2, 'discount', NULL),
(36, '2300000000290', 2, 2665.6, 'discount', NULL),
(37, '2300000000306', 3, 3650.54, 'bonus', 109.516),
(38, '2300000000313', 3, 3646.65, 'bonus', 109.399),
(39, '2300000000320', 2, 9418.01, 'discount', NULL),
(40, '2300000000337', NULL, NULL, NULL, NULL),
(41, '2300000000344', 3, 20429.6, 'bonus', 612.888),
(42, '2300000000351', 3, NULL, 'bonus', NULL),
(43, '2300000000368', 2, 12434.1, 'discount', NULL),
(44, '2300000000375', 3, NULL, 'bonus', NULL),
(45, '2300000000382', 3, 2890, 'bonus', 86.7),
(46, '2300000000399', 3, 1581, 'bonus', 47.43),
(47, '2300000000405', 3, 3998.9, 'bonus', 119.967),
(48, '2300000000412', 3, 3728.24, 'bonus', 111.846),
(49, '2300000000429', 2, 2234.4, 'discount', NULL),
(50, '2300000000436', 2, 5097.5, 'discount', NULL),
(51, '2300000000443', NULL, NULL, NULL, NULL),
(52, '2300000000450', 2, 1699.36, 'discount', NULL),
(53, '2300000000467', 3, 14490, 'bonus', 434.7),
(54, '2300000000474', 3, NULL, 'bonus', NULL),
(55, '2300000000481', 2, 980, 'discount', NULL),
(56, '2300000000498', 2, 8162.3, 'discount', NULL),
(57, '2300000000504', 3, 2121.41, 'bonus', 14.8954),
(59, '2300000000511', 3, 920, 'bonus', 27.6),
(60, '2300000000528', 3, 4874.25, 'bonus', 146.227),
(61, '2300000000535', 3, 14637.3, 'bonus', 439.121),
(62, '2300000000542', 3, 7855.04, 'bonus', 235.65),
(63, '2300000000559', 2, 2156, 'discount', NULL),
(64, '2300000000566', 3, 1235.84, 'bonus', 37.0752),
(65, '2300000000573', 3, 3595, 'bonus', 107.85),
(66, '2300000000580', 3, 4420.95, 'bonus', 132.628),
(67, '2300000000597', 5, NULL, 'bonus', NULL),
(68, '2300000000603', 3, 27972.4, 'bonus', 571.572),
(69, '2300000000610', 3, 900.25, 'bonus', 27.0075),
(70, '2300000000627', 3, 4034.96, 'bonus', 121.049),
(71, '2300000000634', 3, 5586.25, 'bonus', 167.587),
(72, '2300000000641', 3, NULL, 'bonus', NULL),
(73, '2300000000658', 3, 4950, 'bonus', 148.5),
(74, '2300000000665', 2, 1646.4, 'discount', NULL),
(75, '2300000000672', 2, 1260.17, 'discount', NULL),
(76, '2300000000689', 2, 2930.26, 'discount', NULL),
(77, '2300000000696', 2, 2551.05, 'discount', NULL),
(78, '2300000000702', 3, 23635.9, 'bonus', 709.076),
(79, '2300000000719', 2, 6870.97, 'discount', NULL),
(80, '2300000000726', 3, 8710.19, 'bonus', 261.305),
(81, '2300000000733', 3, 13862.3, 'bonus', 69.9623),
(83, '2300000000740', 3, 1349.96, 'bonus', 40.4989),
(84, '2300000000757', 3, 8028.18, 'bonus', 240.846),
(85, '2300000000764', 3, NULL, 'bonus', NULL),
(86, '2300000000771', 3, 680, 'bonus', 20.4),
(87, '2300000000788', 3, NULL, 'bonus', NULL),
(88, '2300000000795', 3, NULL, 'bonus', NULL),
(89, '2300000000801', 3, 19616.4, 'bonus', 205.406),
(90, '2300000000818', 3, 3500.32, 'bonus', 105.01),
(91, '2300000000825', 3, NULL, 'bonus', NULL),
(92, '2300000000832', 3, 7644.26, 'bonus', 229.328),
(93, '2300000000849', 3, 4800.12, 'bonus', 144.004),
(94, '2300000000856', 3, 2125.17, 'bonus', 63.7545),
(95, '2300000000863', 3, 190, 'bonus', 5.7),
(96, '2300000000870', 3, 7074.39, 'bonus', 212.23),
(97, '2300000000887', 3, 9235.42, 'bonus', 42.462),
(98, '2300000000894', 2, 12137.3, 'discount', NULL),
(99, '2300000000900', 2, NULL, 'discount', NULL),
(100, '2300000000962', 3, 500, 'bonus', 14.9995),
(101, '2300000000955', 3, 7950, 'bonus', 238.5),
(102, '2300000000948', 3, 3245.13, 'bonus', 97.3539),
(103, '2300000000931', 3, NULL, 'bonus', NULL),
(104, '2300000000924', 3, 3824.95, 'bonus', 114.748),
(105, '2300000000917', NULL, NULL, NULL, NULL),
(106, '2300000000979', 2, 2865.31, 'discount', NULL),
(107, '2300000000986', NULL, NULL, NULL, NULL),
(108, '2300000000993', NULL, NULL, NULL, NULL),
(109, '2300000001006', NULL, NULL, NULL, NULL),
(110, '2300000001013', 3, 28006.2, 'bonus', 840.188),
(111, '2300000001020', 3, 4911.89, 'bonus', 147.357),
(112, '2300000001037', NULL, NULL, NULL, NULL),
(113, '2300000001044', 3, 480, 'bonus', 14.4),
(114, '2300000001051', NULL, NULL, NULL, NULL),
(115, '2300000001068', 3, 1690.97, 'bonus', 50.7293),
(116, '2300000001075', 2, 5801.76, 'discount', NULL),
(117, '2300000001082', 3, NULL, 'bonus', NULL),
(118, '2300000001099', 3, NULL, 'bonus', NULL),
(119, '2300000001105', 3, 4760, 'bonus', 242.8),
(120, '2300000001112', NULL, NULL, NULL, NULL),
(121, '2300000001129', 3, 1614.9, 'bonus', 48.447),
(122, '2300000001136', 3, NULL, 'bonus', NULL),
(123, '2300000001143', 3, 480, 'bonus', 14.4),
(124, '2300000001150', 3, NULL, 'bonus', NULL),
(125, '2300000001464', NULL, NULL, NULL, NULL),
(126, '2300000001471', 3, 1108.25, 'bonus', 33.2475),
(127, '2300000001488', 2, NULL, NULL, NULL),
(128, '2300000001495', 3, 8560, 'bonus', 332.3),
(129, '2300000001501', 3, 3305, 'bonus', 99.1497),
(130, '2300000001518', 3, 4384.3, 'bonus', 131.529),
(131, '2300000001525', 3, NULL, 'bonus', NULL),
(132, '2300000001532', 3, NULL, 'bonus', NULL),
(133, '2300000001549', 3, 1763.16, 'bonus', 52.8798),
(135, '2300000001563', 3, 2150, 'bonus', 64.5),
(136, '2300000001570', NULL, NULL, NULL, NULL),
(137, '2300000001587', NULL, NULL, NULL, NULL),
(138, '2300000001594', NULL, NULL, NULL, NULL),
(139, '2300000001600', 3, 1100, 'bonus', 133),
(140, '2300000001617', 3, 3470, 'bonus', 204.1),
(141, '2300000001624', 3, NULL, 'bonus', 100),
(142, '2300000001631', NULL, NULL, NULL, NULL),
(143, '2300000001648', NULL, NULL, NULL, NULL),
(144, '2300000001655', NULL, NULL, NULL, NULL),
(145, '2300000001167', 3, NULL, 'bonus', NULL),
(146, '2300000001457', 3, 2910.5, 'bonus', 87.3141),
(147, '2300000001204', 3, 33131.7, 'bonus', 233.229),
(148, '2300000001341', 3, 1360, 'bonus', 40.8),
(149, '2300000001334', 3, 1175, 'bonus', 35.25),
(150, '2300000001327', 3, NULL, 'bonus', NULL),
(151, '2300000001310', 3, 765, 'bonus', 22.95),
(152, '2300000001297', 2, NULL, 'discount', NULL),
(153, '2300000001280', 3, 1541, 'bonus', 46.23),
(154, '2300000001273', 3, 3698, 'bonus', 110.94),
(155, '2300000001266', 3, 3415, 'bonus', 102.45),
(156, '2300000001259', 3, NULL, 'bonus', NULL),
(157, '2300000001235', 3, 6500, 'bonus', 194.999),
(158, '2300000001242', 2, NULL, 'discount', NULL),
(159, '2300000001228', 3, NULL, 'bonus', NULL),
(160, '2300000001211', 3, 1315, 'bonus', 39.45),
(162, '2300000001181', 3, 4566, 'bonus', 136.98),
(165, '2300000001174', 3, 395.7, 'bonus', 11.871),
(166, '2300000001198', 3, 400, 'bonus', 12),
(167, '2300000001556', 3, NULL, 'bonus', NULL),
(168, '2300000001396', 3, NULL, 'bonus', NULL),
(169, '2300000001426', 3, 3800, 'bonus', 614),
(170, '2300000001419', 3, 2115, 'bonus', 63.4496),
(171, '2300000001402', 3, 900, 'bonus', 27),
(172, '2300000001952', 3, 245, 'bonus', 7.35),
(173, '2300000001815', 3, 1285, 'bonus', 38.55),
(174, '2300000001839', 3, NULL, 'bonus', NULL),
(175, '2300000001761', 3, 367, 'bonus', 11.01),
(176, '2300000001433', 3, NULL, 'bonus', NULL),
(177, '2300000001945', 3, 1560, 'bonus', 46.7998),
(178, '2300000001891', 3, 880, 'bonus', 26.4),
(179, '2300000001358', 3, 5081, 'bonus', 152.429),
(180, '2300000001365', 3, NULL, 'bonus', NULL),
(181, '2300000001303', 3, NULL, 'bonus', NULL),
(182, '2300000001440', 3, 600, 'bonus', 17.9988),
(183, '2300000001372', 3, 1000, 'bonus', 29.9978),
(184, '2300000001389', 3, 1200, 'bonus', 56),
(185, '2300000001822', 3, NULL, 'bonus', NULL),
(186, '2300000001921', 3, 2270, 'bonus', 68.1),
(187, '2300000001754', 3, 3440, 'bonus', 103.2),
(188, '2300000001686', 3, 2000, 'bonus', 60),
(189, '2300000001679', 3, NULL, 'bonus', NULL),
(190, '2300000001709', 2, NULL, 'discount', NULL),
(191, '2300000001808', 3, NULL, 'bonus', NULL),
(192, '2300000001792', 3, NULL, 'bonus', NULL),
(193, '2300000001785', 3, NULL, 'bonus', NULL),
(194, '2300000001747', 3, NULL, NULL, NULL),
(195, '2300000004540', 3, NULL, 'bonus', NULL),
(196, '2300000002270', 3, NULL, 'bonus', NULL);

-- --------------------------------------------------------

--
-- Структура таблицы `shop_checks`
--

CREATE TABLE IF NOT EXISTS `shop_checks` (
  `id` int(11) NOT NULL AUTO_INCREMENT,
  `code` int(11) DEFAULT NULL,
  `date` timestamp NOT NULL DEFAULT CURRENT_TIMESTAMP ON UPDATE CURRENT_TIMESTAMP,
  `seller_history_id` int(11) DEFAULT NULL,
  `total_sum` float NOT NULL,
  `payment_bonus` float DEFAULT '0',
  PRIMARY KEY (`id`),
  KEY `ix_shop_checks_seller_history_id` (`seller_history_id`)
) ENGINE=InnoDB DEFAULT CHARSET=utf8;

-- --------------------------------------------------------

--
-- Структура таблицы `shop_client`
--

CREATE TABLE IF NOT EXISTS `shop_client` (
  `id` int(11) NOT NULL AUTO_INCREMENT,
  `user_id` int(11) NOT NULL,
  `card_id` int(11) DEFAULT NULL,
  `total_sum_buy` float DEFAULT '0',
  PRIMARY KEY (`id`),
  KEY `ix_shop_client_user_id` (`user_id`),
  KEY `ix_shop_client_card_id` (`card_id`)
) ENGINE=InnoDB AUTO_INCREMENT=165 DEFAULT CHARSET=utf8;

--
-- Дамп данных таблицы `shop_client`
--

INSERT INTO `shop_client` (`id`, `user_id`, `card_id`, `total_sum_buy`) VALUES
(1, 4, 1, 0),
(2, 5, 2, 0),
(3, 11, 6, 0),
(4, 15, 57, 0),
(5, 16, 7, 0),
(6, 17, 15, 0),
(7, 18, 37, 0),
(8, 19, 39, 0),
(9, 20, 38, 0),
(10, 21, 24, 0),
(11, 22, 25, 0),
(12, 23, 20, 0),
(13, 24, 21, 0),
(14, 25, 22, 0),
(15, 26, 33, 0),
(16, 27, 34, 0),
(17, 28, 19, 0),
(18, 29, 13, 0),
(19, 30, 17, 0),
(20, 31, 18, 0),
(21, 32, 11, 0),
(22, 33, 44, 0),
(23, 34, 9, 0),
(24, 35, 10, 0),
(25, 36, 32, 0),
(26, 37, 56, 0),
(27, 38, 49, 0),
(28, 39, 50, 0),
(29, 40, 52, 0),
(30, 41, 48, 0),
(31, 42, 53, 0),
(32, 43, 23, 0),
(33, 44, 54, 0),
(34, 45, 45, 0),
(35, 46, 47, 0),
(36, 47, 46, 0),
(37, 48, 41, 0),
(38, 49, 42, 0),
(39, 50, 43, 0),
(40, 51, 55, 0),
(41, 52, 36, 0),
(42, 53, 31, 0),
(43, 54, 30, 0),
(44, 55, 14, 0),
(45, 56, 28, 0),
(46, 57, 76, 0),
(47, 58, 75, 0),
(48, 59, 74, 0),
(49, 60, 84, 0),
(50, 61, 59, 0),
(51, 62, 62, 0),
(52, 63, 81, 0),
(53, 64, 73, 0),
(54, 65, 78, 0),
(55, 66, 77, 0),
(56, 67, 63, 0),
(57, 68, 68, 0),
(58, 69, 71, 0),
(59, 70, 72, 0),
(60, 71, 69, 0),
(61, 72, 65, 0),
(62, 73, 79, 0),
(63, 74, 64, 0),
(64, 75, 66, 0),
(65, 76, 85, 0),
(66, 77, 86, 0),
(67, 78, 67, 0),
(68, 79, 98, 0),
(69, 80, 96, 0),
(70, 81, 70, 0),
(71, 82, 97, 0),
(72, 83, 87, 0),
(73, 84, 94, 0),
(74, 85, 93, 0),
(75, 86, 61, 0),
(76, 87, 95, 0),
(77, 88, 88, 0),
(78, 89, 80, 0),
(79, 90, 60, 0),
(80, 91, 92, 0),
(81, 92, 83, 0),
(82, 93, 91, 0),
(83, 94, 89, 0),
(84, 95, 110, 0),
(85, 96, 90, 0),
(86, 97, 104, 0),
(87, 98, 124, 0),
(88, 99, 100, 0),
(89, 100, 102, 0),
(90, 101, 101, 0),
(91, 102, 106, 0),
(92, 103, 103, 0),
(93, 104, 113, 0),
(94, 105, 99, 0),
(95, 106, 116, 0),
(96, 107, 115, 0),
(97, 108, 121, 0),
(98, 109, 111, 0),
(99, 110, 117, 0),
(100, 111, 123, 0),
(101, 113, 145, 0),
(102, 114, 146, 0),
(103, 115, 126, 0),
(104, 116, 147, 0),
(105, 117, 148, 0),
(106, 118, 149, 0),
(107, 119, 150, 0),
(108, 120, 151, 0),
(109, 121, 152, 0),
(110, 122, 153, 0),
(111, 123, 154, 0),
(112, 124, 155, 0),
(113, 125, 156, 0),
(114, 126, 157, 0),
(115, 127, 158, 0),
(116, 128, 159, 0),
(117, 129, 160, 0),
(118, 130, 162, 0),
(120, 132, 165, 0),
(121, 133, 166, 0),
(122, 134, 128, 0),
(123, 135, 129, 0),
(124, 136, 130, 0),
(125, 137, 131, 0),
(127, 139, 141, 0),
(128, 140, 140, 0),
(129, 141, 119, 0),
(130, 142, 139, 0),
(131, 143, 133, 0),
(132, 144, 167, 0),
(133, 145, 168, 0),
(134, 146, 169, 0),
(135, 147, 170, 0),
(136, 148, 171, 0),
(137, 150, 172, 0),
(138, 151, 173, 0),
(139, 152, 174, 0),
(140, 153, 175, 0),
(141, 154, 176, 0),
(142, 155, 177, 0),
(143, 156, 178, 0),
(144, 157, 132, 0),
(145, 158, 135, 0),
(146, 159, 122, 0),
(147, 160, 118, 0),
(148, 161, 179, 0),
(149, 162, 180, 0),
(150, 163, 181, 0),
(151, 164, 182, 0),
(152, 165, 183, 0),
(153, 166, 184, 0),
(154, 167, 185, 0),
(155, 168, 186, 0),
(156, 169, 187, 0),
(157, 170, 188, 0),
(158, 171, 189, 0),
(159, 172, 190, 0),
(160, 173, 191, 0),
(161, 174, 192, 0),
(162, 175, 193, 0),
(163, 176, 195, 0),
(164, 177, 196, 0);

-- --------------------------------------------------------

--
-- Структура таблицы `shop_client_purchases_history`
--

CREATE TABLE IF NOT EXISTS `shop_client_purchases_history` (
  `id` int(11) NOT NULL AUTO_INCREMENT,
  `seller_history_id` int(11) NOT NULL,
  `product_id` int(11) NOT NULL,
  `count` float NOT NULL,
  `sum` float NOT NULL,
  `bonus` float DEFAULT '0',
  `discount` float DEFAULT '0',
  `type_product` varchar(5) NOT NULL,
  `full_sum` float NOT NULL,
  `bonus_percent_value` int(11) DEFAULT '0',
  `discount_percent_value` int(11) DEFAULT '0',
  `payment_bonus` float DEFAULT '0',
  `price_one_count` float NOT NULL,
  PRIMARY KEY (`id`),
  KEY `ix_shop_client_purchases_history_product_id` (`product_id`)
) ENGINE=InnoDB AUTO_INCREMENT=1929 DEFAULT CHARSET=utf8;

--
-- Дамп данных таблицы `shop_client_purchases_history`
--

INSERT INTO `shop_client_purchases_history` (`id`, `seller_history_id`, `product_id`, `count`, `sum`, `bonus`, `discount`, `type_product`, `full_sum`, `bonus_percent_value`, `discount_percent_value`, `payment_bonus`, `price_one_count`) VALUES
(4, 2, 27, 1, 1060, 31.8, 0, 'bag', 1060, 3, 0, 0, 1060),
(5, 2, 62, 5, 72.5, 2.175, 0, 'kg', 72.5, 3, 0, 0, 14.5),
(6, 2, 6, 3, 1440, 43.2, 0, 'bag', 1440, 3, 0, 0, 480),
(7, 3, 5, 2, 900, 0, 100, 'bag', 1000, 0, 10, 0, 500),
(8, 3, 6, 2, 931.2, 0, 28.8, 'bag', 960, 0, 3, 0, 480),
(9, 3, 13, 1, 828, 0, 92, 'bag', 920, 0, 10, 0, 920),
(10, 4, 5, 1, 500, 0, 0, 'bag', 500, 0, 0, 0, 500),
(11, 4, 12, 10, 295, 0, 0, 'kg', 295, 0, 0, 0, 29.5),
(12, 4, 6, 1, 480, 0, 0, 'bag', 480, 0, 0, 0, 480),
(13, 5, 33, 2, 2304, 0, 256, 'bag', 2560, 0, 10, 0, 1280),
(14, 5, 5, 10, 117, 0, 13, 'kg', 130, 0, 10, 0, 13),
(15, 6, 62, 1, 543.2, 0, 16.8, 'bag', 560, 0, 3, 0, 560),
(16, 6, 6, 1, 465.6, 0, 14.4, 'bag', 480, 0, 3, 0, 480),
(17, 6, 13, 20, 455.9, 0, 14.1, 'kg', 470, 0, 3, 0, 23.5),
(18, 7, 5, 10, 130, 0, 0, 'kg', 130, 0, 0, 0, 13),
(20, 9, 19, 3, 2268, 0, 252, 'bag', 2520, 0, 10, 0, 840),
(21, 9, 48, 25, 540, 0, 60, 'kg', 600, 0, 10, 0, 24),
(22, 10, 34, 25, 737.5, 0, 0, 'kg', 737.5, 0, 0, 0, 29.5),
(23, 11, 5, 1, 485, 0, 15, 'bag', 500, 0, 3, 0, 500),
(24, 11, 6, 1, 12.125, 0, 0.375, 'kg', 12.5, 0, 3, 0, 12.5),
(25, 12, 47, 2, 1200, 0, 0, 'bag', 1200, 0, 0, 0, 600),
(26, 13, 8, 20, 270, 0, 0, 'kg', 270, 0, 0, 0, 13.5),
(27, 15, 27, 6.1, 164.7, 0, 0, 'kg', 164.7, 0, 0, 0, 27),
(32, 19, 81, 8.6, 146.2, 0, 0, 'kg', 146.2, 0, 0, 0, 17),
(33, 19, 80, 8.08, 149.48, 0, 0, 'kg', 149.48, 0, 0, 0, 18.5),
(34, 19, 8, 15.22, 205.47, 0, 0, 'kg', 205.47, 0, 0, 0, 13.5),
(35, 20, 69, 19.36, 290.4, 0, 0, 'kg', 290.4, 0, 0, 0, 15),
(36, 21, 5, 1, 480, 0, 0, 'bag', 480, 0, 0, 0, 480),
(38, 23, 27, 11.06, 298.62, 0, 0, 'kg', 298.62, 0, 0, 0, 27),
(39, 23, 213, 1, 5, 0, 0, 'bag', 5, 0, 0, 0, 5),
(40, 23, 82, 1, 290, 0, 0, 'bag', 290, 0, 0, 0, 290),
(41, 23, 66, 1, 455, 0, 0, 'bag', 455, 0, 0, 0, 455),
(43, 25, 31, 21.58, 712.14, 0, 0, 'kg', 712.14, 0, 0, 0, 33),
(44, 25, 37, 5.34, 152.19, 0, 0, 'kg', 152.19, 0, 0, 0, 28.5),
(45, 26, 31, 8.96, 295.68, 0, 0, 'kg', 295.68, 0, 0, 0, 33),
(46, 26, 17, 10.7, 294.25, 0, 0, 'kg', 294.25, 0, 0, 0, 27.5),
(47, 26, 213, 2, 10, 0, 0, 'bag', 10, 0, 0, 0, 5),
(48, 27, 32, 21.22, 657.82, 0, 0, 'kg', 657.82, 0, 0, 0, 31),
(49, 27, 214, 1, 10, 0, 0, 'bag', 10, 0, 0, 0, 10),
(53, 30, 5, 3, 1440, 0, 0, 'bag', 1440, 0, 0, 0, 480),
(54, 31, 70, 13.6, 482.8, 0, 0, 'kg', 482.8, 0, 0, 0, 35.5),
(55, 32, 53, 2.22, 85.47, 0, 0, 'kg', 85.47, 0, 0, 0, 38.5),
(56, 32, 37, 10.38, 295.83, 0, 0, 'kg', 295.83, 0, 0, 0, 28.5),
(57, 32, 213, 1, 5, 0, 0, 'bag', 5, 0, 0, 0, 5),
(64, 35, 52, 6.52, 166.26, 0, 0, 'kg', 166.26, 0, 0, 0, 25.5),
(65, 35, 31, 7.1, 234.3, 0, 0, 'kg', 234.3, 0, 0, 0, 33),
(66, 35, 36, 7.64, 202.46, 0, 0, 'kg', 202.46, 0, 0, 0, 26.5),
(67, 35, 79, 3.86, 71.41, 0, 0, 'kg', 71.41, 0, 0, 0, 18.5),
(68, 35, 56, 11.82, 254.13, 0, 0, 'kg', 254.13, 0, 0, 0, 21.5),
(69, 36, 82, 2, 580, 0, 0, 'bag', 580, 0, 0, 0, 290),
(77, 39, 65, 10.28, 159.34, 0, 0, 'kg', 159.34, 0, 0, 0, 15.5),
(78, 39, 213, 1, 5, 0, 0, 'bag', 5, 0, 0, 0, 5),
(79, 39, 8, 16.52, 223.02, 0, 0, 'kg', 223.02, 0, 0, 0, 13.5),
(80, 39, 27, 4.66, 125.82, 0, 0, 'kg', 125.82, 0, 0, 0, 27),
(81, 39, 212, 1, 3, 0, 0, 'bag', 3, 0, 0, 0, 3),
(82, 40, 66, 17.5, 236.25, 0, 0, 'kg', 236.25, 0, 0, 0, 13.5),
(83, 41, 52, 1, 620, 0, 0, 'bag', 620, 0, 0, 0, 620),
(84, 41, 35, 10.16, 330.2, 0, 0, 'kg', 330.2, 0, 0, 0, 32.5),
(85, 41, 6, 1, 480, 0, 0, 'bag', 480, 0, 0, 0, 480),
(86, 41, 5, 1, 480, 0, 0, 'bag', 480, 0, 0, 0, 480),
(87, 41, 177, 2, 860, 0, 0, 'bag', 860, 0, 0, 0, 430),
(91, 43, 18, 1, 860, 0, 0, 'bag', 860, 0, 0, 0, 860),
(92, 43, 37, 2, 2240, 0, 0, 'bag', 2240, 0, 0, 0, 1120),
(93, 43, 17, 1, 1070, 0, 0, 'bag', 1070, 0, 0, 0, 1070),
(94, 43, 32, 1, 1220, 0, 0, 'bag', 1220, 0, 0, 0, 1220),
(95, 44, 65, 1, 450, 0, 0, 'bag', 450, 0, 0, 0, 450),
(96, 45, 8, 18.45, 249.075, 0, 0, 'kg', 249.075, 0, 0, 0, 13.5),
(97, 45, 214, 1, 10, 0, 0, 'bag', 10, 0, 0, 0, 10),
(98, 45, 47, 10.8, 264.6, 0, 0, 'kg', 264.6, 0, 0, 0, 24.5),
(99, 46, 52, 7.88, 200.94, 0, 0, 'kg', 200.94, 0, 0, 0, 25.5),
(101, 48, 27, 5.55, 149.85, 0, 0, 'kg', 149.85, 0, 0, 0, 27),
(102, 48, 65, 1, 450, 0, 0, 'bag', 450, 0, 0, 0, 450),
(103, 49, 52, 1, 620, 0, 0, 'bag', 620, 0, 0, 0, 620),
(104, 50, 51, 3.92, 123.48, 0, 0, 'kg', 123.48, 0, 0, 0, 31.5),
(110, 52, 6, 5, 2400, 0, 0, 'bag', 2400, 0, 0, 0, 480),
(111, 52, 8, 4, 2080, 0, 0, 'bag', 2080, 0, 0, 0, 520),
(112, 52, 163, 2, 1400, 0, 0, 'bag', 1400, 0, 0, 0, 700),
(113, 52, 81, 20, 340, 0, 0, 'kg', 340, 0, 0, 0, 17),
(114, 52, 81, 2, 1320, 0, 0, 'bag', 1320, 0, 0, 0, 660),
(115, 53, 83, 2, 720, 0, 0, 'bag', 720, 0, 0, 0, 360),
(116, 54, 37, 1, 1120, 0, 0, 'bag', 1120, 0, 0, 0, 1120),
(117, 55, 73, 1, 520, 15.6, 0, 'bag', 520, 3, 0, 0, 520),
(118, 55, 103, 1.98, 99.99, 2.9997, 0, 'kg', 99.99, 3, 0, 0, 50.5),
(119, 55, 121, 2, 150, 4.5, 0, 'bag', 150, 3, 0, 0, 75),
(120, 56, 39, 1, 1176, 0, 24, 'bag', 1200, 0, 2, 0, 1200),
(123, 58, 38, 21.06, 800.28, 0, 0, 'kg', 800.28, 0, 0, 0, 38),
(124, 58, 82, 1, 290, 0, 0, 'bag', 290, 0, 0, 0, 290),
(125, 58, 180, 1, 105, 0, 0, 'bag', 105, 0, 0, 0, 105),
(126, 59, 46, 2, 1250, 0, 0, 'bag', 1250, 0, 0, 0, 625),
(127, 60, 37, 7.8, 222.3, 0, 0, 'kg', 222.3, 0, 0, 0, 28.5),
(128, 61, 185, 1, 190, 5.7, 0, 'bag', 190, 3, 0, 0, 190),
(129, 61, 34, 1, 1160, 34.8, 0, 'bag', 1160, 3, 0, 0, 1160),
(130, 62, 143, 4, 2800, 84, 0, 'bag', 2800, 3, 0, 0, 700),
(131, 63, 81, 20.62, 350.54, 10.5162, 0, 'kg', 350.54, 3, 0, 0, 17),
(132, 63, 214, 1, 10, 0.3, 0, 'bag', 10, 3, 0, 0, 10),
(133, 63, 181, 1, 200, 6, 0, 'bag', 200, 3, 0, 0, 200),
(134, 63, 78, 14.5, 290, 8.7, 0, 'kg', 290, 3, 0, 0, 20),
(135, 64, 6, 2, 960, 0, 0, 'bag', 960, 0, 0, 0, 480),
(136, 65, 98, 2, 16, 0, 0, 'kg', 16, 0, 0, 0, 8),
(137, 66, 75, 1, 570, 0, 0, 'bag', 570, 0, 0, 0, 570),
(138, 66, 82, 1, 290, 0, 0, 'bag', 290, 0, 0, 0, 290),
(139, 66, 6, 1, 480, 0, 0, 'bag', 480, 0, 0, 0, 480),
(140, 66, 67, 1, 680, 0, 0, 'bag', 680, 0, 0, 0, 680),
(141, 67, 174, 1, 130, 0, 0, 'bag', 130, 0, 0, 0, 130),
(142, 68, 78, 20, 400, 0, 0, 'kg', 400, 0, 0, 0, 20),
(143, 69, 67, 2, 1360, 0, 0, 'bag', 1360, 0, 0, 0, 680),
(144, 70, 6, 2, 960, 0, 0, 'bag', 960, 0, 0, 0, 480),
(145, 71, 32, 21, 651, 0, 0, 'kg', 651, 0, 0, 0, 31),
(146, 71, 177, 1, 430, 0, 0, 'bag', 430, 0, 0, 0, 430),
(147, 71, 178, 1, 220, 0, 0, 'bag', 220, 0, 0, 0, 220),
(148, 71, 8, 1, 520, 0, 0, 'bag', 520, 0, 0, 0, 520),
(149, 72, 78, 4.98, 99.6, 0, 0, 'kg', 99.6, 0, 0, 0, 20),
(150, 72, 81, 6, 102, 0, 0, 'kg', 102, 0, 0, 0, 17),
(151, 73, 34, 15, 442.5, 0, 0, 'kg', 442.5, 0, 0, 0, 29.5),
(155, 76, 32, 1, 1220, 0, 0, 'bag', 1220, 0, 0, 0, 1220),
(156, 77, 89, 2, 960, 0, 0, 'bag', 960, 0, 0, 0, 480),
(157, 78, 5, 1, 480, 0, 0, 'bag', 480, 0, 0, 0, 480),
(158, 79, 39, 1, 1200, 0, 0, 'bag', 1200, 0, 0, 0, 1200),
(159, 79, 5, 1, 480, 0, 0, 'bag', 480, 0, 0, 0, 480),
(160, 80, 81, 21, 357, 0, 0, 'kg', 357, 0, 0, 0, 17),
(161, 80, 67, 10, 175, 0, 0, 'kg', 175, 0, 0, 0, 17.5),
(162, 80, 59, 15, 397.5, 0, 0, 'kg', 397.5, 0, 0, 0, 26.5),
(163, 81, 8, 2, 1040, 0, 0, 'bag', 1040, 0, 0, 0, 520),
(164, 82, 33, 10, 325, 0, 0, 'kg', 325, 0, 0, 0, 32.5),
(165, 82, 213, 1, 5, 0, 0, 'bag', 5, 0, 0, 0, 5),
(166, 82, 35, 7.3, 237.25, 0, 0, 'kg', 237.25, 0, 0, 0, 32.5),
(167, 82, 212, 1, 3, 0, 0, 'bag', 3, 0, 0, 0, 3),
(168, 83, 163, 21, 378, 0, 0, 'kg', 378, 0, 0, 0, 18),
(169, 84, 6, 1, 480, 0, 0, 'bag', 480, 0, 0, 0, 480),
(170, 85, 37, 10, 285, 0, 0, 'kg', 285, 0, 0, 0, 28.5),
(171, 85, 67, 10, 175, 0, 0, 'kg', 175, 0, 0, 0, 17.5),
(172, 86, 83, 2, 720, 0, 0, 'bag', 720, 0, 0, 0, 360),
(173, 86, 67, 1, 680, 0, 0, 'bag', 680, 0, 0, 0, 680),
(174, 86, 81, 15, 255, 0, 0, 'kg', 255, 0, 0, 0, 17),
(175, 87, 41, 10, 705, 0, 0, 'kg', 705, 0, 0, 0, 70.5),
(177, 89, 39, 1, 1200, 0, 0, 'bag', 1200, 0, 0, 0, 1200),
(178, 89, 13, 1, 920, 0, 0, 'bag', 920, 0, 0, 0, 920),
(179, 90, 13, 22, 517, 0, 0, 'kg', 517, 0, 0, 0, 23.5),
(180, 90, 12, 11, 324.5, 0, 0, 'kg', 324.5, 0, 0, 0, 29.5),
(181, 90, 81, 10, 170, 0, 0, 'kg', 170, 0, 0, 0, 17),
(182, 91, 89, 1, 480, 0, 0, 'bag', 480, 0, 0, 0, 480),
(183, 91, 169, 1, 480, 0, 0, 'bag', 480, 0, 0, 0, 480),
(184, 92, 8, 2, 1040, 0, 0, 'bag', 1040, 0, 0, 0, 520),
(185, 93, 40, 1, 1160, 0, 0, 'bag', 1160, 0, 0, 0, 1160),
(186, 93, 37, 1, 1120, 0, 0, 'bag', 1120, 0, 0, 0, 1120),
(187, 93, 5, 1, 480, 0, 0, 'bag', 480, 0, 0, 0, 480),
(189, 95, 5, 1, 480, 0, 0, 'bag', 480, 0, 0, 0, 480),
(190, 95, 6, 1, 480, 0, 0, 'bag', 480, 0, 0, 0, 480),
(191, 95, 143, 1, 700, 0, 0, 'bag', 700, 0, 0, 0, 700),
(192, 96, 33, 3, 97.5, 0, 0, 'kg', 97.5, 0, 0, 0, 32.5),
(193, 96, 34, 3, 88.5, 0, 0, 'kg', 88.5, 0, 0, 0, 29.5),
(194, 96, 212, 2, 6, 0, 0, 'bag', 6, 0, 0, 0, 3),
(195, 97, 6, 10, 125, 0, 0, 'kg', 125, 0, 0, 0, 12.5),
(196, 98, 17, 1, 1070, 0, 0, 'bag', 1070, 0, 0, 0, 1070),
(197, 98, 177, 1, 430, 0, 0, 'bag', 430, 0, 0, 0, 430),
(198, 99, 17, 1, 1070, 0, 0, 'bag', 1070, 0, 0, 0, 1070),
(199, 100, 35, 10, 325, 0, 0, 'kg', 325, 0, 0, 0, 32.5),
(200, 100, 37, 5, 142.5, 0, 0, 'kg', 142.5, 0, 0, 0, 28.5),
(201, 100, 34, 15, 442.5, 0, 0, 'kg', 442.5, 0, 0, 0, 29.5),
(202, 101, 70, 2, 71, 0, 0, 'kg', 71, 0, 0, 0, 35.5),
(203, 101, 81, 5.5, 93.5, 0, 0, 'kg', 93.5, 0, 0, 0, 17),
(204, 101, 35, 7.5, 243.75, 0, 0, 'kg', 243.75, 0, 0, 0, 32.5),
(205, 101, 31, 5.3, 174.9, 0, 0, 'kg', 174.9, 0, 0, 0, 33),
(206, 101, 212, 2, 6, 0, 0, 'bag', 6, 0, 0, 0, 3),
(207, 102, 32, 10.1, 306.838, 0, 6.262, 'kg', 313.1, 0, 2, 0, 31),
(208, 103, 27, 15, 405, 0, 0, 'kg', 405, 0, 0, 0, 27),
(209, 104, 31, 12.3, 405.9, 0, 0, 'kg', 405.9, 0, 0, 0, 33),
(210, 104, 213, 2, 10, 0, 0, 'bag', 10, 0, 0, 0, 5),
(211, 104, 35, 5.4, 175.5, 0, 0, 'kg', 175.5, 0, 0, 0, 32.5),
(212, 104, 34, 7.5, 221.25, 0, 0, 'kg', 221.25, 0, 0, 0, 29.5),
(213, 104, 33, 3.8, 123.5, 0, 0, 'kg', 123.5, 0, 0, 0, 32.5),
(214, 104, 212, 2, 6, 0, 0, 'bag', 6, 0, 0, 0, 3),
(215, 105, 40, 1, 1160, 0, 0, 'bag', 1160, 0, 0, 0, 1160),
(216, 105, 8, 1, 520, 0, 0, 'bag', 520, 0, 0, 0, 520),
(217, 105, 37, 8.67, 247.095, 0, 0, 'kg', 247.095, 0, 0, 0, 28.5),
(218, 105, 213, 1, 5, 0, 0, 'bag', 5, 0, 0, 0, 5),
(219, 106, 72, 2, 400, 0, 0, 'bag', 400, 0, 0, 0, 200),
(221, 108, 6, 8, 100, 0, 0, 'kg', 100, 0, 0, 0, 12.5),
(222, 108, 213, 1, 5, 0, 0, 'bag', 5, 0, 0, 0, 5),
(223, 109, 72, 2, 400, 0, 0, 'bag', 400, 0, 0, 0, 200),
(224, 110, 127, 1, 360, 0, 0, 'bag', 360, 0, 0, 0, 360),
(225, 110, 39, 10.8, 329.4, 0, 0, 'kg', 329.4, 0, 0, 0, 30.5),
(226, 111, 6, 1, 480, 0, 0, 'bag', 480, 0, 0, 0, 480),
(227, 111, 35, 7.7, 250.25, 0, 0, 'kg', 250.25, 0, 0, 0, 32.5),
(228, 112, 126, 1, 190, 0, 0, 'bag', 190, 0, 0, 0, 190),
(229, 113, 32, 2, 2440, 0, 0, 'bag', 2440, 0, 0, 0, 1220),
(230, 114, 13, 4.28, 98.5684, 0, 2.0116, 'kg', 100.58, 0, 2, 0, 23.5),
(231, 114, 34, 3.4, 98.294, 0, 2.006, 'kg', 100.3, 0, 2, 0, 29.5),
(232, 115, 6, 3, 1440, 0, 0, 'bag', 1440, 0, 0, 0, 480),
(233, 116, 72, 2, 400, 0, 0, 'bag', 400, 0, 0, 0, 200),
(234, 116, 82, 2, 580, 0, 0, 'bag', 580, 0, 0, 0, 290),
(235, 117, 5, 1, 480, 0, 0, 'bag', 480, 0, 0, 0, 480),
(236, 117, 38, 10, 380, 0, 0, 'kg', 380, 0, 0, 0, 38),
(237, 117, 213, 1, 5, 0, 0, 'bag', 5, 0, 0, 0, 5),
(238, 118, 6, 2, 960, 0, 0, 'bag', 960, 0, 0, 0, 480),
(239, 118, 5, 1, 480, 0, 0, 'bag', 480, 0, 0, 0, 480),
(240, 119, 8, 2, 1040, 0, 0, 'bag', 1040, 0, 0, 0, 520),
(241, 119, 37, 6.3, 179.55, 0, 0, 'kg', 179.55, 0, 0, 0, 28.5),
(242, 119, 42, 3, 211.5, 0, 0, 'kg', 211.5, 0, 0, 0, 70.5),
(243, 120, 127, 1, 360, 0, 0, 'bag', 360, 0, 0, 0, 360),
(244, 120, 35, 1, 1280, 0, 0, 'bag', 1280, 0, 0, 0, 1280),
(245, 121, 42, 4, 282, 0, 0, 'kg', 282, 0, 0, 0, 70.5),
(246, 122, 65, 1, 450, 0, 0, 'bag', 450, 0, 0, 0, 450),
(248, 124, 33, 11.6, 369.46, 0, 7.54, 'kg', 377, 0, 2, 0, 32.5),
(249, 124, 213, 1, 4.9, 0, 0.1, 'bag', 5, 0, 2, 0, 5),
(250, 125, 39, 2, 2400, 0, 0, 'bag', 2400, 0, 0, 0, 1200),
(251, 125, 67, 1, 680, 0, 0, 'bag', 680, 0, 0, 0, 680),
(252, 126, 203, 1, 100, 0, 0, 'bag', 100, 0, 0, 0, 100),
(253, 127, 37, 6.5, 185.25, 0, 0, 'kg', 185.25, 0, 0, 0, 28.5),
(254, 127, 213, 1, 5, 0, 0, 'bag', 5, 0, 0, 0, 5),
(255, 128, 46, 1, 625, 0, 0, 'bag', 625, 0, 0, 0, 625),
(256, 129, 13, 12, 282, 0, 0, 'kg', 282, 0, 0, 0, 23.5),
(257, 133, 78, 15, 300, 0, 0, 'kg', 300, 0, 0, 0, 20),
(258, 134, 66, 2, 910, 0, 0, 'bag', 910, 0, 0, 0, 455),
(259, 134, 67, 2, 1360, 0, 0, 'bag', 1360, 0, 0, 0, 680),
(260, 134, 78, 1, 780, 0, 0, 'bag', 780, 0, 0, 0, 780),
(261, 134, 8, 5, 2600, 0, 0, 'bag', 2600, 0, 0, 0, 520),
(262, 134, 72, 6, 1200, 0, 0, 'bag', 1200, 0, 0, 0, 200),
(265, 136, 67, 1, 680, 0, 0, 'bag', 680, 0, 0, 0, 680),
(266, 136, 65, 1, 450, 0, 0, 'bag', 450, 0, 0, 0, 450),
(267, 136, 38, 2, 3000, 0, 0, 'bag', 3000, 0, 0, 0, 1500),
(268, 136, 66, 2, 910, 0, 0, 'bag', 910, 0, 0, 0, 455),
(269, 137, 5, 2, 960, 0, 0, 'bag', 960, 0, 0, 0, 480),
(270, 137, 65, 2, 900, 0, 0, 'bag', 900, 0, 0, 0, 450),
(271, 137, 67, 1, 680, 0, 0, 'bag', 680, 0, 0, 0, 680),
(272, 138, 78, 15.66, 313.2, 9.396, 0, 'kg', 313.2, 3, 0, 0, 20),
(273, 139, 8, 1, 520, 0, 0, 'bag', 520, 0, 0, 0, 520),
(274, 140, 66, 1, 455, 0, 0, 'bag', 455, 0, 0, 0, 455),
(275, 140, 5, 1, 480, 0, 0, 'bag', 480, 0, 0, 0, 480),
(276, 140, 8, 1, 520, 0, 0, 'bag', 520, 0, 0, 0, 520),
(277, 141, 67, 1, 680, 20.4, 0, 'bag', 680, 3, 0, 0, 680),
(278, 142, 67, 1, 666.4, 0, 13.6, 'bag', 680, 0, 2, 0, 680),
(280, 144, 65, 1, 450, 0, 0, 'bag', 450, 0, 0, 0, 450),
(281, 145, 82, 5, 1450, 0, 0, 'bag', 1450, 0, 0, 0, 290),
(282, 145, 59, 2, 53, 0, 0, 'kg', 53, 0, 0, 0, 26.5),
(283, 145, 59, 1, 640, 0, 0, 'bag', 640, 0, 0, 0, 640),
(284, 145, 14, 3, 2640, 0, 0, 'bag', 2640, 0, 0, 0, 880),
(285, 145, 66, 2, 910, 0, 0, 'bag', 910, 0, 0, 0, 455),
(286, 145, 219, 1, 350, 0, 0, 'bag', 350, 0, 0, 0, 350),
(287, 146, 82, 5, 1450, 43.5, 0, 'bag', 1450, 3, 0, 0, 290),
(288, 146, 72, 5, 1000, 30, 0, 'bag', 1000, 3, 0, 0, 200),
(289, 146, 67, 4, 2720, 81.6, 0, 'bag', 2720, 3, 0, 0, 680),
(290, 146, 73, 1, 520, 15.6, 0, 'bag', 520, 3, 0, 0, 520),
(291, 146, 6, 3, 1440, 43.2, 0, 'bag', 1440, 3, 0, 0, 480),
(292, 146, 5, 3, 1440, 43.2, 0, 'bag', 1440, 3, 0, 0, 480),
(295, 148, 67, 1, 680, 20.4, 0, 'bag', 680, 3, 0, 0, 680),
(296, 148, 134, 2, 221, 6.63, 0, 'kg', 221, 3, 0, 0, 110.5),
(297, 148, 52, 12.6, 321.3, 9.639, 0, 'kg', 321.3, 3, 0, 0, 25.5),
(298, 150, 39, 1, 1200, 36, 0, 'bag', 1200, 3, 0, 0, 1200),
(299, 151, 32, 1, 1220, 36.6, 0, 'bag', 1220, 3, 0, 0, 1220),
(300, 152, 34, 10.8, 318.6, 9.558, 0, 'kg', 318.6, 3, 0, 0, 29.5),
(301, 153, 65, 2, 900, 0, 0, 'bag', 900, 0, 0, 0, 450),
(302, 154, 44, 10.4, 650, 0, 0, 'kg', 650, 0, 0, 0, 62.5),
(303, 155, 67, 2, 1360, 40.8, 0, 'bag', 1360, 3, 0, 0, 680),
(304, 156, 47, 1, 600, 0, 0, 'bag', 600, 0, 0, 0, 600),
(305, 157, 32, 1, 1220, 36.6, 0, 'bag', 1220, 3, 0, 0, 1220),
(306, 157, 8, 2, 1040, 31.2, 0, 'bag', 1040, 3, 0, 0, 520),
(307, 157, 173, 1, 250, 7.5, 0, 'bag', 250, 3, 0, 0, 250),
(308, 158, 11, 4.92, 150.06, 4.5018, 0, 'kg', 150.06, 3, 0, 0, 30.5),
(309, 159, 134, 6.26, 691.73, 0, 0, 'kg', 691.73, 0, 0, 0, 110.5),
(310, 159, 127, 2, 720, 0, 0, 'bag', 720, 0, 0, 0, 360),
(311, 160, 75, 32.3, 629.85, 0, 0, 'kg', 629.85, 0, 0, 0, 19.5),
(313, 162, 35, 5.3, 172.25, 5.1675, 0, 'kg', 172.25, 3, 0, 0, 32.5),
(314, 162, 34, 5.4, 159.3, 4.779, 0, 'kg', 159.3, 3, 0, 0, 29.5),
(315, 163, 8, 2, 1040, 0, 0, 'bag', 1040, 0, 0, 0, 520),
(316, 164, 72, 2, 400, 0, 0, 'bag', 400, 0, 0, 0, 200),
(317, 164, 67, 2, 1360, 0, 0, 'bag', 1360, 0, 0, 0, 680),
(318, 164, 39, 10.8, 329.4, 0, 0, 'kg', 329.4, 0, 0, 0, 30.5),
(319, 164, 213, 1, 5, 0, 0, 'bag', 5, 0, 0, 0, 5),
(320, 165, 65, 2, 900, 0, 0, 'bag', 900, 0, 0, 0, 450),
(321, 165, 72, 5, 1000, 0, 0, 'bag', 1000, 0, 0, 0, 200),
(322, 165, 5, 2, 960, 0, 0, 'bag', 960, 0, 0, 0, 480),
(323, 165, 81, 25.88, 439.96, 0, 0, 'kg', 439.96, 0, 0, 0, 17),
(324, 166, 31, 10, 330, 0, 0, 'kg', 330, 0, 0, 0, 33),
(325, 166, 213, 1, 5, 0, 0, 'bag', 5, 0, 0, 0, 5),
(326, 166, 32, 1, 1220, 0, 0, 'bag', 1220, 0, 0, 0, 1220),
(327, 167, 52, 1, 620, 0, 0, 'bag', 620, 0, 0, 0, 620),
(328, 167, 67, 1, 680, 0, 0, 'bag', 680, 0, 0, 0, 680),
(329, 167, 82, 1, 290, 0, 0, 'bag', 290, 0, 0, 0, 290),
(330, 167, 72, 1, 200, 0, 0, 'bag', 200, 0, 0, 0, 200),
(331, 167, 44, 10.4, 650, 0, 0, 'kg', 650, 0, 0, 0, 62.5),
(332, 167, 213, 1, 5, 0, 0, 'bag', 5, 0, 0, 0, 5),
(333, 168, 78, 10, 200, 0, 0, 'kg', 200, 0, 0, 0, 20),
(334, 169, 39, 1, 1200, 0, 0, 'bag', 1200, 0, 0, 0, 1200),
(335, 170, 72, 5, 1000, 0, 0, 'bag', 1000, 0, 0, 0, 200),
(336, 170, 82, 2, 580, 0, 0, 'bag', 580, 0, 0, 0, 290),
(337, 170, 81, 25.9, 440.3, 0, 0, 'kg', 440.3, 0, 0, 0, 17),
(338, 171, 35, 1.5, 48.75, 0, 0, 'kg', 48.75, 0, 0, 0, 32.5),
(339, 171, 31, 8.5, 280.5, 0, 0, 'kg', 280.5, 0, 0, 0, 33),
(340, 172, 164, 22, 407, 0, 0, 'kg', 407, 0, 0, 0, 18.5),
(341, 173, 37, 1, 1120, 0, 0, 'bag', 1120, 0, 0, 0, 1120),
(342, 174, 17, 1, 1070, 0, 0, 'bag', 1070, 0, 0, 0, 1070),
(343, 175, 78, 5, 100, 0, 0, 'kg', 100, 0, 0, 0, 20),
(344, 175, 35, 3, 97.5, 0, 0, 'kg', 97.5, 0, 0, 0, 32.5),
(345, 176, 8, 44.8, 592.704, 0, 12.096, 'kg', 604.8, 0, 2, 0, 13.5),
(346, 177, 40, 1, 1160, 34.8, 0, 'bag', 1160, 3, 0, 0, 1160),
(347, 177, 32, 2, 2440, 73.2, 0, 'bag', 2440, 3, 0, 0, 1220),
(348, 177, 82, 2, 580, 17.4, 0, 'bag', 580, 3, 0, 0, 290),
(349, 177, 8, 1, 520, 15.6, 0, 'bag', 520, 3, 0, 0, 520),
(350, 177, 65, 1, 450, 13.5, 0, 'bag', 450, 3, 0, 0, 450),
(351, 178, 27, 2, 2077.6, 0, 42.4, 'bag', 2120, 0, 2, 0, 1060),
(352, 179, 164, 2, 1440, 0, 0, 'bag', 1440, 0, 0, 0, 720),
(353, 179, 67, 1, 680, 0, 0, 'bag', 680, 0, 0, 0, 680),
(354, 179, 128, 1, 170, 0, 0, 'bag', 170, 0, 0, 0, 170),
(355, 179, 155, 1, 190, 0, 0, 'bag', 190, 0, 0, 0, 190),
(356, 180, 37, 1, 1120, 0, 0, 'bag', 1120, 0, 0, 0, 1120),
(357, 180, 31, 1, 1300, 0, 0, 'bag', 1300, 0, 0, 0, 1300),
(358, 180, 66, 1, 455, 0, 0, 'bag', 455, 0, 0, 0, 455),
(359, 181, 66, 1, 455, 13.65, 0, 'bag', 455, 3, 0, 0, 455),
(360, 181, 47, 1, 600, 18, 0, 'bag', 600, 3, 0, 0, 600),
(361, 181, 67, 18.3, 320.25, 9.6075, 0, 'kg', 320.25, 3, 0, 0, 17.5),
(362, 182, 5, 1, 480, 0, 0, 'bag', 480, 0, 0, 0, 480),
(363, 182, 42, 5, 8750, 0, 0, 'bag', 8750, 0, 0, 0, 1750),
(364, 183, 5, 1, 480, 0, 0, 'bag', 480, 0, 0, 0, 480),
(365, 183, 42, 5, 352.5, 0, 0, 'kg', 352.5, 0, 0, 0, 70.5),
(366, 184, 126, 1, 190, 0, 0, 'bag', 190, 0, 0, 0, 190),
(367, 185, 39, 1, 1200, 0, 0, 'bag', 1200, 0, 0, 0, 1200),
(368, 185, 46, 1, 625, 0, 0, 'bag', 625, 0, 0, 0, 625),
(370, 187, 5, 1, 12.5, 0, 0, 'kg', 12.5, 0, 0, 0, 12.5),
(371, 188, 34, 1, 1136.8, 0, 23.2, 'bag', 1160, 0, 2, 0, 1160),
(372, 189, 8, 1, 520, 0, 0, 'bag', 520, 0, 0, 0, 520),
(373, 189, 67, 42.3, 740.25, 0, 0, 'kg', 740.25, 0, 0, 0, 17.5),
(374, 189, 82, 1, 290, 0, 0, 'bag', 290, 0, 0, 0, 290),
(375, 189, 5, 12, 150, 0, 0, 'kg', 150, 0, 0, 0, 12.5),
(376, 190, 72, 2, 400, 0, 0, 'bag', 400, 0, 0, 0, 200),
(377, 191, 11, 1, 1176, 0, 24, 'bag', 1200, 0, 2, 0, 1200),
(378, 192, 39, 1, 1200, 36, 0, 'bag', 1200, 3, 0, 0, 1200),
(379, 192, 67, 42.3, 740.25, 22.2075, 0, 'kg', 740.25, 3, 0, 0, 17.5),
(380, 192, 65, 2, 900, 27, 0, 'bag', 900, 3, 0, 0, 450),
(381, 193, 185, 1, 190, 0, 0, 'bag', 190, 0, 0, 0, 190),
(382, 194, 24, 30, 780, 0, 0, 'kg', 780, 0, 0, 0, 26),
(383, 194, 24, 1, 1020, 0, 0, 'bag', 1020, 0, 0, 0, 1020),
(385, 196, 72, 4, 800, 24, 0, 'bag', 800, 3, 0, 0, 200),
(386, 197, 6, 16, 200, 6, 0, 'kg', 200, 3, 0, 0, 12.5),
(387, 197, 29, 10.7, 299.6, 8.988, 0, 'kg', 299.6, 3, 0, 0, 28),
(388, 198, 82, 1, 290, 8.7, 0, 'bag', 290, 3, 0, 0, 290),
(389, 199, 67, 1, 680, 20.4, 0, 'bag', 680, 3, 0, 0, 680),
(390, 199, 39, 1, 1200, 36, 0, 'bag', 1200, 3, 0, 0, 1200),
(391, 200, 32, 1, 1220, 36.6, 0, 'bag', 1220, 3, 0, 0, 1220),
(392, 200, 37, 1, 1120, 33.6, 0, 'bag', 1120, 3, 0, 0, 1120),
(393, 200, 36, 2, 2080, 62.4, 0, 'bag', 2080, 3, 0, 0, 1040),
(394, 201, 33, 2, 2560, 76.8, 0, 'bag', 2560, 3, 0, 0, 1280),
(395, 201, 34, 2, 2320, 69.6, 0, 'bag', 2320, 3, 0, 0, 1160),
(396, 201, 67, 2, 1360, 40.8, 0, 'bag', 1360, 3, 0, 0, 680),
(397, 201, 173, 2, 500, 15, 0, 'bag', 500, 3, 0, 0, 250),
(398, 202, 40, 1, 1160, 0, 0, 'bag', 1160, 0, 0, 0, 1160),
(399, 202, 35, 1, 1280, 0, 0, 'bag', 1280, 0, 0, 0, 1280),
(400, 202, 30, 30.44, 1080.62, 0, 0, 'kg', 1080.62, 0, 0, 0, 35.5),
(401, 202, 36, 1, 1040, 0, 0, 'bag', 1040, 0, 0, 0, 1040),
(402, 202, 5, 1, 480, 0, 0, 'bag', 480, 0, 0, 0, 480),
(403, 202, 65, 1, 450, 0, 0, 'bag', 450, 0, 0, 0, 450),
(404, 203, 13, 25.54, 588.186, 0, 12.0038, 'kg', 600.19, 0, 2, 0, 23.5),
(405, 204, 32, 2, 2440, 73.2, 0, 'bag', 2440, 3, 0, 0, 1220),
(406, 204, 78, 5.27, 105.4, 3.162, 0, 'kg', 105.4, 3, 0, 0, 20),
(407, 205, 33, 10.77, 350.025, 10.5007, 0, 'kg', 350.025, 3, 0, 0, 32.5),
(408, 206, 14, 5, 4312, 0, 88, 'bag', 4400, 0, 2, 0, 880),
(409, 206, 16, 3, 3998.4, 0, 81.6, 'bag', 4080, 0, 2, 0, 1360),
(410, 206, 8, 1, 509.6, 0, 10.4, 'bag', 520, 0, 2, 0, 520),
(411, 207, 14, 5, 4400, 0, 0, 'bag', 4400, 0, 0, 0, 880),
(412, 207, 16, 3, 4080, 0, 0, 'bag', 4080, 0, 0, 0, 1360),
(413, 207, 8, 1, 520, 0, 0, 'bag', 520, 0, 0, 0, 520),
(414, 208, 17, 19.5, 536.25, 16.0875, 0, 'kg', 536.25, 3, 0, 0, 27.5),
(415, 208, 65, 1, 450, 13.5, 0, 'bag', 450, 3, 0, 0, 450),
(416, 209, 33, 8.3, 269.75, 0, 0, 'kg', 269.75, 0, 0, 0, 32.5),
(417, 209, 213, 2, 10, 0, 0, 'bag', 10, 0, 0, 0, 5),
(418, 209, 32, 9.34, 289.54, 0, 0, 'kg', 289.54, 0, 0, 0, 31),
(421, 211, 39, 1, 1200, 36, 0, 'bag', 1200, 3, 0, 0, 1200),
(422, 211, 32, 1, 1220, 36.6, 0, 'bag', 1220, 3, 0, 0, 1220),
(423, 211, 34, 16.3, 480.85, 14.4255, 0, 'kg', 480.85, 3, 0, 0, 29.5),
(424, 212, 33, 16.93, 539.221, 0, 11.0045, 'kg', 550.225, 0, 2, 0, 32.5),
(425, 213, 29, 10.72, 300.16, 9.0048, 0, 'kg', 300.16, 3, 0, 0, 28),
(426, 214, 34, 1, 1160, 34.8, 0, 'bag', 1160, 3, 0, 0, 1160),
(427, 214, 143, 40, 720, 21.6, 0, 'kg', 720, 3, 0, 0, 18),
(428, 215, 34, 4, 4640, 139.2, 0, 'bag', 4640, 3, 0, 0, 1160),
(429, 216, 33, 11.1, 360.75, 10.8225, 0, 'kg', 360.75, 3, 0, 0, 32.5),
(430, 216, 13, 9.3, 218.55, 6.5565, 0, 'kg', 218.55, 3, 0, 0, 23.5),
(431, 217, 67, 2, 1360, 40.8, 0, 'bag', 1360, 3, 0, 0, 680),
(432, 218, 72, 1, 200, 0, 0, 'bag', 200, 0, 0, 0, 200),
(433, 218, 67, 17.18, 300.65, 0, 0, 'kg', 300.65, 0, 0, 0, 17.5),
(434, 219, 33, 52.93, 1685.82, 0, 34.4044, 'kg', 1720.22, 0, 2, 0, 32.5),
(435, 220, 6, 3, 1440, 0, 0, 'bag', 1440, 0, 0, 0, 480),
(436, 221, 65, 1, 450, 0, 0, 'bag', 450, 0, 0, 0, 450),
(437, 221, 66, 1, 455, 0, 0, 'bag', 455, 0, 0, 0, 455),
(438, 222, 6, 1, 480, 0, 0, 'bag', 480, 0, 0, 0, 480),
(439, 222, 34, 1, 1160, 0, 0, 'bag', 1160, 0, 0, 0, 1160),
(440, 223, 16, 15.1, 520.95, 0, 0, 'kg', 520.95, 0, 0, 0, 34.5),
(441, 223, 214, 1, 10, 0, 0, 'bag', 10, 0, 0, 0, 10),
(442, 223, 17, 1, 1070, 0, 0, 'bag', 1070, 0, 0, 0, 1070),
(443, 224, 32, 2, 2440, 73.2, 0, 'bag', 2440, 3, 0, 0, 1220),
(444, 224, 31, 1, 1300, 39, 0, 'bag', 1300, 3, 0, 0, 1300),
(445, 224, 67, 2, 1360, 40.8, 0, 'bag', 1360, 3, 0, 0, 680),
(446, 224, 79, 1, 900, 27, 0, 'bag', 900, 3, 0, 0, 900),
(447, 226, 7, 32.59, 439.965, 13.1989, 0, 'kg', 439.965, 3, 0, 0, 13.5),
(448, 227, 126, 1, 190, 5.7, 0, 'bag', 190, 3, 0, 0, 190),
(449, 228, 66, 1, 445.9, 0, 9.1, 'bag', 455, 0, 2, 0, 455),
(450, 228, 11, 1, 1176, 0, 24, 'bag', 1200, 0, 2, 0, 1200),
(451, 229, 38, 1, 1500, 45, 0, 'bag', 1500, 3, 0, 0, 1500),
(452, 230, 13, 2, 1803.2, 0, 36.8, 'bag', 1840, 0, 2, 0, 920),
(453, 231, 58, 6.16, 200.2, 6.006, 0, 'kg', 200.2, 3, 0, 0, 32.5),
(454, 232, 38, 1, 1470, 0, 30, 'bag', 1500, 0, 2, 0, 1500),
(455, 232, 39, 1, 1176, 0, 24, 'bag', 1200, 0, 2, 0, 1200),
(456, 233, 72, 1, 196, 0, 4, 'bag', 200, 0, 2, 0, 200),
(457, 234, 66, 1, 455, 13.65, 0, 'bag', 455, 3, 0, 0, 455),
(458, 235, 37, 1, 1120, 33.6, 0, 'bag', 1120, 3, 0, 0, 1120),
(459, 235, 35, 11.8, 383.5, 11.505, 0, 'kg', 383.5, 3, 0, 0, 32.5),
(460, 236, 8, 1, 520, 15.6, 0, 'bag', 520, 3, 0, 0, 520),
(461, 237, 99, 1, 245, 0, 5, 'bag', 250, 0, 2, 0, 250),
(462, 237, 40, 10.17, 294.015, 0, 6.0003, 'kg', 300.015, 0, 2, 0, 29.5),
(463, 237, 40, 1, 1136.8, 0, 23.2, 'bag', 1160, 0, 2, 0, 1160),
(464, 238, 39, 11.48, 350.14, 10.5042, 0, 'kg', 350.14, 3, 0, 0, 30.5),
(465, 239, 8, 1, 509.6, 0, 10.4, 'bag', 520, 0, 2, 0, 520),
(466, 240, 51, 14.05, 442.575, 13.2773, 0, 'kg', 442.575, 3, 0, 0, 31.5),
(467, 240, 67, 20, 350, 10.5, 0, 'kg', 350, 3, 0, 0, 17.5),
(468, 241, 39, 1, 30.5, 0, 0, 'kg', 30.5, 0, 0, 0, 30.5),
(469, 241, 212, 1, 3, 0, 0, 'bag', 3, 0, 0, 0, 3),
(470, 243, 12, 25.1, 740.45, 0, 0, 'kg', 740.45, 0, 0, 0, 29.5),
(471, 243, 214, 1, 10, 0, 0, 'bag', 10, 0, 0, 0, 10),
(472, 244, 10, 1, 1220, 36.6, 0, 'bag', 1220, 3, 0, 0, 1220),
(473, 245, 29, 10.72, 300.16, 9.0048, 0, 'kg', 300.16, 3, 0, 0, 28),
(477, 247, 65, 1, 450, 13.5, 0, 'bag', 450, 3, 0, 0, 450),
(478, 247, 66, 1, 455, 13.65, 0, 'bag', 455, 3, 0, 0, 455),
(479, 247, 10, 19.36, 600.16, 18.0048, 0, 'kg', 600.16, 3, 0, 0, 31),
(480, 247, 7, 9.63, 130.005, 3.90015, 0, 'kg', 130.005, 3, 0, 0, 13.5),
(481, 247, 162, 11.1, 199.8, 5.994, 0, 'kg', 199.8, 3, 0, 0, 18),
(484, 249, 72, 30, 6000, 0, 0, 'bag', 6000, 0, 0, 0, 200),
(485, 249, 74, 41.86, 899.99, 0, 0, 'bag', 899.99, 0, 0, 0, 21.5),
(492, 252, 39, 1, 1200, 36, 0, 'bag', 1200, 3, 0, 0, 1200),
(493, 254, 39, 2.95, 89.975, 2.69925, 0, 'kg', 89.975, 3, 0, 0, 30.5),
(494, 255, 39, 5, 6000, 0, 0, 'bag', 6000, 0, 0, 0, 1200),
(495, 255, 63, 1, 1400, 0, 0, 'bag', 1400, 0, 0, 0, 1400),
(496, 255, 7, 32.6, 440.1, 0, 0, 'kg', 440.1, 0, 0, 0, 13.5),
(497, 255, 65, 2, 900, 0, 0, 'bag', 900, 0, 0, 0, 450),
(498, 255, 44, 16.96, 1060, 0, 0, 'kg', 1060, 0, 0, 0, 62.5),
(499, 256, 173, 3, 735, 0, 15, 'bag', 750, 0, 2, 0, 250),
(500, 257, 19, 1, 840, 25.2, 0, 'bag', 840, 3, 0, 0, 840),
(501, 258, 34, 20.36, 588.608, 0, 12.0124, 'kg', 600.62, 0, 2, 0, 29.5),
(502, 259, 37, 1, 1120, 33.6, 0, 'bag', 1120, 3, 0, 0, 1120),
(503, 259, 213, 10, 50, 1.5, 0, 'bag', 50, 3, 0, 0, 5),
(504, 260, 33, 10.77, 350.025, 10.5007, 0, 'kg', 350.025, 3, 0, 0, 32.5),
(505, 261, 19, 1, 823.2, 0, 16.8, 'bag', 840, 0, 2, 0, 840),
(506, 261, 16, 1, 1332.8, 0, 27.2, 'bag', 1360, 0, 2, 0, 1360),
(507, 262, 66, 1, 445.9, 0, 9.1, 'bag', 455, 0, 2, 0, 455),
(508, 262, 82, 1, 284.2, 0, 5.8, 'bag', 290, 0, 2, 0, 290),
(509, 262, 34, 10.15, 293.436, 0, 5.9885, 'kg', 299.425, 0, 2, 0, 29.5),
(510, 262, 27, 8.1, 214.326, 0, 4.374, 'kg', 218.7, 0, 2, 0, 27),
(511, 262, 7, 14.5, 191.835, 0, 3.915, 'kg', 195.75, 0, 2, 0, 13.5),
(512, 263, 78, 1, 780, 23.4, 0, 'bag', 780, 3, 0, 0, 780),
(513, 264, 72, 1, 196, 0, 4, 'bag', 200, 0, 2, 0, 200),
(514, 265, 66, 1, 455, 13.65, 0, 'bag', 455, 3, 0, 0, 455),
(515, 265, 67, 8.3, 145.25, 4.3575, 0, 'kg', 145.25, 3, 0, 0, 17.5),
(516, 266, 72, 1, 196, 0, 4, 'bag', 200, 0, 2, 0, 200),
(517, 267, 32, 1, 1220, 36.6, 0, 'bag', 1220, 3, 0, 0, 1220),
(518, 268, 66, 1, 455, 13.65, 0, 'bag', 455, 3, 0, 0, 455),
(519, 268, 81, 25.89, 440.13, 13.2039, 0, 'kg', 440.13, 3, 0, 0, 17),
(520, 270, 65, 1, 450, 13.5, 0, 'bag', 450, 3, 0, 0, 450),
(521, 270, 67, 1, 680, 20.4, 0, 'bag', 680, 3, 0, 0, 680),
(522, 270, 8, 4, 2080, 62.4, 0, 'bag', 2080, 3, 0, 0, 520),
(523, 270, 32, 1, 1220, 36.6, 0, 'bag', 1220, 3, 0, 0, 1220),
(524, 271, 72, 3, 600, 18, 0, 'bag', 600, 3, 0, 0, 200),
(525, 272, 5, 1, 480, 14.4, 0, 'bag', 480, 3, 0, 0, 480),
(526, 273, 39, 2, 2400, 72, 0, 'bag', 2400, 3, 0, 0, 1200),
(527, 274, 7, 32.6, 440.1, 13.203, 0, 'kg', 440.1, 3, 0, 0, 13.5),
(528, 275, 6, 1, 480, 14.4, 0, 'bag', 480, 3, 0, 0, 480),
(529, 275, 82, 1, 290, 8.7, 0, 'bag', 290, 3, 0, 0, 290),
(530, 276, 67, 2, 1360, 40.8, 0, 'bag', 1360, 3, 0, 0, 680),
(531, 276, 33, 20.5, 666.25, 19.9875, 0, 'kg', 666.25, 3, 0, 0, 32.5),
(532, 276, 6, 2, 960, 28.8, 0, 'bag', 960, 3, 0, 0, 480),
(533, 276, 72, 3, 600, 18, 0, 'bag', 600, 3, 0, 0, 200),
(534, 276, 82, 3, 870, 26.1, 0, 'bag', 870, 3, 0, 0, 290),
(535, 276, 44, 10.4, 650, 19.5, 0, 'kg', 650, 3, 0, 0, 62.5),
(536, 277, 72, 1, 196, 0, 4, 'bag', 200, 0, 2, 0, 200),
(537, 278, 32, 1, 1220, 36.6, 0, 'bag', 1220, 3, 0, 0, 1220),
(538, 279, 72, 1, 196, 0, 4, 'bag', 200, 0, 2, 0, 200),
(539, 279, 33, 1.54, 49.049, 0, 1.001, 'kg', 50.05, 0, 2, 0, 32.5),
(540, 280, 39, 24.27, 740.235, 22.2071, 0, 'kg', 740.235, 3, 0, 0, 30.5),
(541, 281, 33, 4, 5120, 153.6, 0, 'bag', 5120, 3, 0, 0, 1280),
(542, 282, 34, 1, 1160, 34.8, 0, 'bag', 1160, 3, 0, 0, 1160),
(543, 282, 35, 1, 1280, 38.4, 0, 'bag', 1280, 3, 0, 0, 1280),
(544, 283, 38, 12.88, 489.44, 14.6832, 0, 'kg', 489.44, 3, 0, 0, 38),
(545, 283, 78, 6, 120, 3.6, 0, 'kg', 120, 3, 0, 0, 20),
(546, 283, 27, 9.88, 266.76, 8.0028, 0, 'kg', 266.76, 3, 0, 0, 27),
(547, 284, 78, 7.6, 152, 4.56, 0, 'kg', 152, 3, 0, 0, 20),
(548, 285, 33, 6.64, 215.8, 0, 0, 'kg', 215.8, 0, 0, 0, 32.5),
(549, 285, 34, 12, 354, 0, 0, 'kg', 354, 0, 0, 0, 29.5),
(550, 285, 67, 1, 680, 0, 0, 'bag', 680, 0, 0, 0, 680),
(551, 286, 67, 14.7, 257.25, 7.7175, 0, 'kg', 257.25, 3, 0, 0, 17.5),
(552, 286, 67, 1, 680, 20.4, 0, 'bag', 680, 3, 0, 0, 680),
(553, 286, 143, 2, 36, 1.08, 0, 'kg', 36, 3, 0, 0, 18),
(554, 286, 143, 1, 700, 21, 0, 'bag', 700, 3, 0, 0, 700),
(555, 287, 143, 1, 700, 21, 0, 'bag', 700, 3, 0, 0, 700),
(556, 288, 35, 21.22, 689.65, 0, 0, 'kg', 689.65, 0, 0, 0, 32.5),
(557, 288, 72, 1, 200, 0, 0, 'bag', 200, 0, 0, 0, 200),
(558, 289, 11, 30.86, 922.405, 0, 18.8246, 'kg', 941.23, 0, 2, 0, 30.5),
(559, 289, 11, 1, 1176, 0, 24, 'bag', 1200, 0, 2, 0, 1200),
(560, 289, 8, 1, 509.6, 0, 10.4, 'bag', 520, 0, 2, 0, 520),
(561, 289, 30, 1, 1372, 0, 28, 'bag', 1400, 0, 2, 0, 1400),
(562, 290, 8, 1, 520, 15.6, 0, 'bag', 520, 3, 0, 0, 520),
(563, 290, 67, 1, 680, 20.4, 0, 'bag', 680, 3, 0, 0, 680),
(564, 291, 172, 1, 588, 0, 12, 'bag', 600, 0, 2, 0, 600),
(565, 292, 72, 5, 980, 0, 20, 'bag', 1000, 0, 2, 0, 200),
(567, 294, 91, 1, 392, 0, 8, 'bag', 400, 0, 2, 0, 400),
(570, 296, 40, 1, 1160, 34.8, 0, 'bag', 1160, 3, 0, 0, 1160),
(571, 296, 6, 1, 480, 14.4, 0, 'bag', 480, 3, 0, 0, 480),
(572, 296, 99, 1, 250, 7.5, 0, 'bag', 250, 3, 0, 0, 250),
(573, 297, 17, 1, 1070, 32.1, 0, 'bag', 1070, 3, 0, 0, 1070),
(574, 297, 214, 1, 10, 0.3, 0, 'bag', 10, 3, 0, 0, 10),
(575, 297, 16, 15.1, 520.95, 15.6285, 0, 'kg', 520.95, 3, 0, 0, 34.5),
(576, 298, 36, 1, 1019.2, 0, 20.8, 'bag', 1040, 0, 2, 0, 1040),
(577, 299, 99, 1, 245, 0, 5, 'bag', 250, 0, 2, 0, 250),
(578, 300, 33, 12.46, 404.95, 12.1485, 0, 'kg', 404.95, 3, 0, 0, 32.5),
(579, 301, 8, 1, 520, 15.6, 0, 'bag', 520, 3, 0, 0, 520),
(580, 301, 82, 1, 290, 8.7, 0, 'bag', 290, 3, 0, 0, 290),
(581, 302, 65, 2, 900, 27, 0, 'bag', 900, 3, 0, 0, 450),
(585, 304, 28, 1.04, 37.96, 0, 0, 'kg', 37.96, 0, 0, 0, 36.5),
(586, 304, 212, 2, 6, 0, 0, 'bag', 6, 0, 0, 0, 3),
(587, 304, 33, 3, 97.5, 0, 0, 'kg', 97.5, 0, 0, 0, 32.5),
(588, 304, 82, 1, 290, 0, 0, 'bag', 290, 0, 0, 0, 290),
(589, 306, 72, 10, 2000, 0, 0, 'bag', 2000, 0, 0, 0, 200),
(590, 307, 78, 5, 100, 0, 0, 'kg', 100, 0, 0, 0, 20),
(591, 308, 72, 5, 1000, 30, 0, 'bag', 1000, 3, 0, 0, 200),
(592, 309, 54, 7.92, 285.12, 8.5536, 0, 'kg', 285.12, 3, 0, 0, 36),
(593, 310, 31, 15.15, 489.951, 0, 9.999, 'kg', 499.95, 0, 2, 0, 33),
(594, 311, 72, 3, 600, 0, 0, 'bag', 600, 0, 0, 0, 200),
(595, 312, 16, 2, 2665.6, 0, 54.4, 'bag', 2720, 0, 2, 0, 1360),
(596, 313, 66, 22.24, 294.235, 0, 6.0048, 'kg', 300.24, 0, 2, 0, 13.5),
(597, 314, 32, 7.98, 242.432, 0, 4.9476, 'kg', 247.38, 0, 2, 0, 31),
(598, 314, 78, 5.25, 102.9, 0, 2.1, 'kg', 105, 0, 2, 0, 20),
(599, 315, 72, 4, 784, 0, 16, 'bag', 800, 0, 2, 0, 200),
(600, 315, 78, 7, 137.2, 0, 2.8, 'kg', 140, 0, 2, 0, 20),
(601, 316, 56, 1, 514.5, 0, 10.5, 'bag', 525, 0, 2, 0, 525),
(602, 316, 7, 1, 509.6, 0, 10.4, 'bag', 520, 0, 2, 0, 520),
(603, 316, 27, 2, 2077.6, 0, 42.4, 'bag', 2120, 0, 2, 0, 1060),
(604, 316, 6, 1, 470.4, 0, 9.6, 'bag', 480, 0, 2, 0, 480),
(610, 318, 72, 10, 2000, 0, 0, 'bag', 2000, 0, 0, 0, 200),
(611, 318, 33, 2, 2560, 0, 0, 'bag', 2560, 0, 0, 0, 1280),
(612, 318, 67, 4, 2720, 0, 0, 'bag', 2720, 0, 0, 0, 680),
(613, 318, 7, 65.19, 880.065, 0, 0, 'kg', 880.065, 0, 0, 0, 13.5),
(614, 318, 6, 2, 960, 0, 0, 'bag', 960, 0, 0, 0, 480),
(617, 320, 6, 2, 960, 0, 0, 'bag', 960, 0, 0, 0, 480),
(618, 320, 7, 76.52, 1033.02, 0, 0, 'kg', 1033.02, 0, 0, 0, 13.5),
(619, 320, 33, 2, 2560, 0, 0, 'bag', 2560, 0, 0, 0, 1280),
(620, 320, 67, 4, 2720, 0, 0, 'bag', 2720, 0, 0, 0, 680),
(621, 320, 72, 10, 2000, 0, 0, 'bag', 2000, 0, 0, 0, 200),
(623, 322, 36, 2, 2080, 62.4, 0, 'bag', 2080, 3, 0, 0, 1040),
(624, 323, 7, 32.6, 440.1, 13.203, 0, 'kg', 440.1, 3, 0, 0, 13.5),
(625, 323, 100, 6.3, 475.65, 14.2695, 0, 'kg', 475.65, 3, 0, 0, 75.5),
(626, 323, 33, 5.46, 177.45, 5.3235, 0, 'kg', 177.45, 3, 0, 0, 32.5),
(627, 323, 72, 8, 1600, 48, 0, 'bag', 1600, 3, 0, 0, 200),
(628, 324, 32, 1, 1220, 0, 0, 'bag', 1220, 0, 0, 0, 1220),
(629, 325, 13, 1, 920, 27.6, 0, 'bag', 920, 3, 0, 0, 920),
(630, 325, 65, 1, 450, 13.5, 0, 'bag', 450, 3, 0, 0, 450),
(631, 325, 33, 16.46, 534.95, 16.0485, 0, 'kg', 534.95, 3, 0, 0, 32.5),
(632, 326, 36, 2, 2080, 62.4, 0, 'bag', 2080, 3, 0, 0, 1040),
(633, 326, 32, 1, 1220, 36.6, 0, 'bag', 1220, 3, 0, 0, 1220),
(634, 326, 13, 2, 1840, 55.2, 0, 'bag', 1840, 3, 0, 0, 920),
(635, 326, 17, 2, 2140, 64.2, 0, 'bag', 2140, 3, 0, 0, 1070),
(636, 327, 6, 11.8, 144.55, 0, 2.95, 'kg', 147.5, 0, 2, 0, 12.5),
(637, 327, 8, 5.16, 68.2668, 0, 1.3932, 'kg', 69.66, 0, 2, 0, 13.5),
(638, 327, 33, 4.88, 155.428, 0, 3.172, 'kg', 158.6, 0, 2, 0, 32.5),
(639, 327, 212, 1, 2.94, 0, 0.06, 'bag', 3, 0, 2, 0, 3),
(640, 328, 8, 1, 520, 15.6, 0, 'bag', 520, 3, 0, 0, 520),
(641, 329, 31, 12.2, 402.6, 12.078, 0, 'kg', 402.6, 3, 0, 0, 33),
(642, 330, 39, 1, 1200, 36, 0, 'bag', 1200, 3, 0, 0, 1200),
(643, 331, 13, 12.8, 294.784, 0, 6.016, 'kg', 300.8, 0, 2, 0, 23.5),
(644, 331, 12, 6.86, 198.323, 0, 4.0474, 'kg', 202.37, 0, 2, 0, 29.5),
(647, 333, 29, 3.57, 99.96, 2.9988, 0, 'kg', 99.96, 3, 0, 0, 28),
(648, 333, 29, 1, 1100, 33, 0, 'bag', 1100, 3, 0, 0, 1100),
(649, 333, 32, 1, 1220, 36.6, 0, 'bag', 1220, 3, 0, 0, 1220),
(650, 334, 31, 1, 1300, 0, 0, 'bag', 1300, 0, 0, 0, 1300),
(651, 334, 37, 1, 1120, 0, 0, 'bag', 1120, 0, 0, 0, 1120),
(652, 334, 5, 1, 480, 0, 0, 'bag', 480, 0, 0, 0, 480),
(653, 335, 66, 1, 445.9, 0, 9.1, 'bag', 455, 0, 2, 0, 455),
(654, 336, 39, 1, 1176, 0, 24, 'bag', 1200, 0, 2, 0, 1200),
(655, 337, 32, 11.32, 343.902, 0, 7.0184, 'kg', 350.92, 0, 2, 0, 31),
(656, 337, 67, 11.43, 196.025, 0, 4.0005, 'kg', 200.025, 0, 2, 0, 17.5),
(657, 338, 27, 29.1, 785.7, 23.571, 0, 'kg', 785.7, 3, 0, 0, 27),
(658, 339, 66, 1, 455, 13.65, 0, 'bag', 455, 3, 0, 0, 455),
(659, 340, 6, 2, 960, 28.8, 0, 'bag', 960, 3, 0, 0, 480),
(660, 341, 39, 1, 1176, 0, 24, 'bag', 1200, 0, 2, 0, 1200),
(661, 342, 34, 2, 2320, 69.6, 0, 'bag', 2320, 3, 0, 0, 1160),
(662, 343, 34, 82.2, 2424.9, 72.747, 0, 'kg', 2424.9, 3, 0, 0, 29.5),
(663, 344, 40, 1, 1136.8, 0, 23.2, 'bag', 1160, 0, 2, 0, 1160),
(664, 344, 39, 19.02, 568.508, 0, 11.6022, 'kg', 580.11, 0, 2, 0, 30.5),
(665, 345, 67, 1, 680, 20.4, 0, 'bag', 680, 3, 0, 0, 680),
(666, 346, 39, 2, 2400, 0, 0, 'bag', 2400, 0, 0, 0, 1200),
(667, 346, 32, 3, 3660, 0, 0, 'bag', 3660, 0, 0, 0, 1220),
(668, 346, 82, 2, 580, 0, 0, 'bag', 580, 0, 0, 0, 290),
(669, 346, 72, 2, 400, 0, 0, 'bag', 400, 0, 0, 0, 200),
(670, 346, 8, 2, 1040, 0, 0, 'bag', 1040, 0, 0, 0, 520),
(671, 346, 78, 1, 780, 0, 0, 'bag', 780, 0, 0, 0, 780),
(672, 347, 72, 2, 400, 12, 0, 'bag', 400, 3, 0, 0, 200),
(673, 348, 54, 19.45, 700.2, 21.006, 0, 'kg', 700.2, 3, 0, 0, 36),
(674, 349, 28, 9.59, 350.035, 10.501, 0, 'kg', 350.035, 3, 0, 0, 36.5),
(675, 349, 33, 10.65, 346.125, 10.3837, 0, 'kg', 346.125, 3, 0, 0, 32.5),
(676, 350, 32, 1, 1195.6, 0, 24.4, 'bag', 1220, 0, 2, 0, 1220),
(677, 350, 39, 1, 1176, 0, 24, 'bag', 1200, 0, 2, 0, 1200),
(678, 350, 37, 1, 1097.6, 0, 22.4, 'bag', 1120, 0, 2, 0, 1120),
(679, 350, 38, 21.06, 784.274, 0, 16.0056, 'kg', 800.28, 0, 2, 0, 38),
(680, 351, 67, 1, 680, 20.4, 0, 'bag', 680, 3, 0, 0, 680),
(681, 352, 72, 3, 588, 0, 12, 'bag', 600, 0, 2, 0, 200),
(682, 353, 6, 1, 480, 14.4, 0, 'bag', 480, 3, 0, 0, 480),
(687, 355, 72, 6, 1200, 0, 0, 'bag', 1200, 0, 0, 0, 200),
(688, 355, 82, 5, 1450, 0, 0, 'bag', 1450, 0, 0, 0, 290),
(689, 355, 6, 1, 480, 0, 0, 'bag', 480, 0, 0, 0, 480),
(690, 355, 7, 1, 440, 0, 0, 'bag', 440, 0, 0, 0, 440),
(691, 355, 65, 2, 900, 0, 0, 'bag', 900, 0, 0, 0, 450),
(692, 355, 99, 15, 120, 0, 0, 'kg', 120, 0, 0, 0, 8),
(693, 355, 98, 15, 120, 0, 0, 'kg', 120, 0, 0, 0, 8),
(694, 356, 72, 2, 400, 0, 0, 'bag', 400, 0, 0, 0, 200),
(695, 356, 5, 1, 480, 0, 0, 'bag', 480, 0, 0, 0, 480),
(696, 356, 17, 1, 1070, 0, 0, 'bag', 1070, 0, 0, 0, 1070),
(699, 358, 33, 1, 1280, 0, 0, 'bag', 1280, 0, 0, 0, 1280),
(700, 359, 32, 1, 1220, 36.6, 0, 'bag', 1220, 3, 0, 0, 1220),
(701, 359, 28, 20.1, 733.65, 22.0095, 0, 'kg', 733.65, 3, 0, 0, 36.5),
(702, 360, 6, 1, 480, 14.4, 0, 'bag', 480, 3, 0, 0, 480),
(703, 360, 67, 1, 680, 20.4, 0, 'bag', 680, 3, 0, 0, 680),
(704, 361, 13, 22.12, 519.82, 15.5946, 0, 'kg', 519.82, 3, 0, 0, 23.5),
(706, 363, 32, 20, 620, 18.6, 0, 'kg', 620, 3, 0, 0, 31),
(707, 363, 90, 1, 200, 6, 0, 'bag', 200, 3, 0, 0, 200),
(708, 364, 13, 10, 230.3, 0, 4.7, 'kg', 235, 0, 2, 0, 23.5),
(709, 364, 8, 27.06, 358.004, 0, 7.3062, 'kg', 365.31, 0, 2, 0, 13.5),
(710, 365, 7, 1, 440, 13.2, 0, 'bag', 440, 3, 0, 0, 440),
(711, 366, 7, 8.46, 95.3442, 0, 1.9458, 'kg', 97.29, 0, 2, 0, 11.5),
(712, 366, 212, 1, 2.94, 0, 0.06, 'bag', 3, 0, 2, 0, 3),
(713, 366, 10, 19.24, 584.511, 0, 11.9288, 'kg', 596.44, 0, 2, 0, 31),
(714, 366, 13, 19.26, 443.558, 0, 9.0522, 'kg', 452.61, 0, 2, 0, 23.5),
(715, 367, 72, 5, 980, 0, 20, 'bag', 1000, 0, 2, 0, 200),
(716, 368, 15, 1, 1140, 34.2, 0, 'bag', 1140, 3, 0, 0, 1140),
(717, 369, 32, 1, 1220, 36.6, 0, 'bag', 1220, 3, 0, 0, 1220),
(718, 370, 6, 28.26, 346.185, 0, 7.065, 'kg', 353.25, 0, 2, 0, 12.5),
(719, 371, 72, 24.5, 240.1, 0, 4.9, 'kg', 245, 0, 2, 0, 10),
(720, 371, 66, 1, 445.9, 0, 9.1, 'bag', 455, 0, 2, 0, 455),
(721, 372, 161, 2, 34, 1.02, 0, 'kg', 34, 3, 0, 0, 17),
(722, 372, 161, 2, 1300, 39, 0, 'bag', 1300, 3, 0, 0, 650),
(723, 373, 8, 4, 2080, 62.4, 0, 'bag', 2080, 3, 0, 0, 520),
(724, 374, 72, 94.5, 945, 28.35, 0, 'kg', 945, 3, 0, 0, 10),
(725, 375, 5, 2, 960, 0, 0, 'bag', 960, 0, 0, 0, 480),
(726, 375, 78, 1, 780, 0, 0, 'bag', 780, 0, 0, 0, 780),
(727, 376, 31, 1, 1300, 39, 0, 'bag', 1300, 3, 0, 0, 1300),
(728, 377, 72, 5, 980, 0, 20, 'bag', 1000, 0, 2, 0, 200),
(729, 378, 67, 1, 680, 20.4, 0, 'bag', 680, 3, 0, 0, 680),
(730, 379, 33, 19, 617.5, 18.525, 0, 'kg', 617.5, 3, 0, 0, 32.5),
(731, 379, 65, 1, 450, 13.5, 0, 'bag', 450, 3, 0, 0, 450),
(732, 380, 34, 10.82, 319.19, 9.5757, 0, 'kg', 319.19, 3, 0, 0, 29.5),
(733, 381, 7, 3, 1320, 0, 0, 'bag', 1320, 0, 0, 0, 440),
(734, 381, 5, 1, 480, 0, 0, 'bag', 480, 0, 0, 0, 480),
(735, 381, 6, 1, 480, 0, 0, 'bag', 480, 0, 0, 0, 480),
(736, 381, 66, 1, 455, 0, 0, 'bag', 455, 0, 0, 0, 455),
(737, 382, 32, 1, 1220, 0, 0, 'bag', 1220, 0, 0, 0, 1220),
(738, 382, 67, 1, 680, 0, 0, 'bag', 680, 0, 0, 0, 680),
(739, 383, 67, 1, 445.399, 13.362, 0, 'bag', 680, 3, 0, 234.601, 680),
(740, 384, 72, 2, 400, 0, 0, 'bag', 400, 0, 0, 0, 200),
(741, 384, 82, 1, 290, 0, 0, 'bag', 290, 0, 0, 0, 290),
(742, 384, 8, 1, 520, 0, 0, 'bag', 520, 0, 0, 0, 520),
(743, 385, 67, 1, 680, 20.4, 0, 'bag', 680, 3, 0, 0, 680),
(744, 385, 52, 7.98, 203.49, 6.1047, 0, 'kg', 203.49, 3, 0, 0, 25.5),
(745, 386, 182, 1, 284.2, 0, 5.8, 'bag', 290, 0, 2, 0, 290),
(746, 386, 66, 1, 445.9, 0, 9.1, 'bag', 455, 0, 2, 0, 455),
(747, 386, 11, 1, 1176, 0, 24, 'bag', 1200, 0, 2, 0, 1200),
(748, 387, 27, 25, 675, 0, 0, 'kg', 675, 0, 0, 0, 27),
(749, 387, 27, 1, 1060, 0, 0, 'bag', 1060, 0, 0, 0, 1060),
(750, 388, 82, 1, 290, 0, 0, 'bag', 290, 0, 0, 0, 290),
(751, 389, 8, 3, 1560, 0, 0, 'bag', 1560, 0, 0, 0, 520),
(752, 389, 134, 1, 110.5, 0, 0, 'kg', 110.5, 0, 0, 0, 110.5),
(753, 389, 28, 1.04, 37.96, 0, 0, 'kg', 37.96, 0, 0, 0, 36.5),
(754, 389, 206, 1, 18, 0, 0, 'kg', 18, 0, 0, 0, 18),
(755, 390, 40, 1, 1160, 0, 0, 'bag', 1160, 0, 0, 0, 1160),
(756, 390, 34, 9.5, 280.25, 0, 0, 'kg', 280.25, 0, 0, 0, 29.5),
(757, 390, 33, 9.5, 308.75, 0, 0, 'kg', 308.75, 0, 0, 0, 32.5),
(758, 391, 222, 1, 440, 13.2, 0, 'bag', 440, 3, 0, 0, 440),
(759, 391, 6, 19.5, 243.75, 7.3125, 0, 'kg', 243.75, 3, 0, 0, 12.5),
(760, 391, 5, 10, 125, 3.75, 0, 'kg', 125, 3, 0, 0, 12.5),
(761, 391, 32, 10.1, 313.1, 9.393, 0, 'kg', 313.1, 3, 0, 0, 31),
(762, 392, 8, 9, 121.5, 0, 0, 'kg', 121.5, 0, 0, 0, 13.5),
(763, 392, 81, 12, 204, 0, 0, 'kg', 204, 0, 0, 0, 17),
(764, 393, 82, 2, 580, 17.4, 0, 'bag', 580, 3, 0, 0, 290),
(765, 393, 66, 1, 455, 13.65, 0, 'bag', 455, 3, 0, 0, 455),
(766, 393, 67, 1, 680, 20.4, 0, 'bag', 680, 3, 0, 0, 680),
(767, 394, 82, 1, 284.2, 0, 5.8, 'bag', 290, 0, 2, 0, 290),
(768, 394, 7, 1, 431.2, 0, 8.8, 'bag', 440, 0, 2, 0, 440),
(769, 394, 66, 1, 445.9, 0, 9.1, 'bag', 455, 0, 2, 0, 455),
(770, 394, 27, 13, 343.98, 0, 7.02, 'kg', 351, 0, 2, 0, 27),
(771, 395, 8, 1, 520, 15.6, 0, 'bag', 520, 3, 0, 0, 520),
(772, 396, 17, 1, 1048.6, 0, 21.4, 'bag', 1070, 0, 2, 0, 1070),
(773, 397, 65, 10, 151.9, 0, 3.1, 'kg', 155, 0, 2, 0, 15.5),
(774, 397, 62, 5.3, 75.313, 0, 1.537, 'kg', 76.85, 0, 2, 0, 14.5),
(775, 397, 220, 4.3, 54.782, 0, 1.118, 'kg', 55.9, 0, 2, 0, 13),
(776, 398, 82, 2, 580, 17.4, 0, 'bag', 580, 3, 0, 0, 290),
(777, 398, 6, 1, 480, 14.4, 0, 'bag', 480, 3, 0, 0, 480),
(778, 399, 8, 1, 520, 0, 0, 'bag', 520, 0, 0, 0, 520),
(779, 399, 6, 7, 3360, 0, 0, 'bag', 3360, 0, 0, 0, 480),
(780, 400, 51, 10, 315, 0, 0, 'kg', 315, 0, 0, 0, 31.5),
(781, 400, 7, 5, 57.5, 0, 0, 'kg', 57.5, 0, 0, 0, 11.5),
(782, 400, 27, 10, 270, 0, 0, 'kg', 270, 0, 0, 0, 27),
(783, 401, 12, 1.5, 44.25, 0, 0, 'kg', 44.25, 0, 0, 0, 29.5),
(784, 402, 34, 1, 1160, 34.8, 0, 'bag', 1160, 3, 0, 0, 1160),
(785, 402, 31, 1, 1300, 39, 0, 'bag', 1300, 3, 0, 0, 1300),
(786, 402, 5, 1, 480, 14.4, 0, 'bag', 480, 3, 0, 0, 480),
(787, 402, 29, 10.71, 299.88, 8.9964, 0, 'kg', 299.88, 3, 0, 0, 28),
(788, 402, 65, 1, 450, 13.5, 0, 'bag', 450, 3, 0, 0, 450),
(789, 403, 66, 1, 455, 13.65, 0, 'bag', 455, 3, 0, 0, 455),
(791, 405, 8, 1, 520, 15.6, 0, 'bag', 520, 3, 0, 0, 520),
(792, 406, 72, 1, 200, 0, 0, 'bag', 200, 0, 0, 0, 200),
(793, 406, 67, 2, 1360, 0, 0, 'bag', 1360, 0, 0, 0, 680),
(794, 406, 6, 1, 480, 0, 0, 'bag', 480, 0, 0, 0, 480),
(795, 407, 62, 24.3, 352.35, 10.5705, 0, 'kg', 352.35, 3, 0, 0, 14.5),
(796, 408, 32, 1, 1220, 36.6, 0, 'bag', 1220, 3, 0, 0, 1220),
(797, 408, 29, 10.71, 299.88, 8.9964, 0, 'kg', 299.88, 3, 0, 0, 28),
(798, 409, 13, 1, 920, 27.6, 0, 'bag', 920, 3, 0, 0, 920),
(799, 409, 8, 1, 520, 15.6, 0, 'bag', 520, 3, 0, 0, 520),
(800, 410, 99, 1, 250, 7.5, 0, 'bag', 250, 3, 0, 0, 250),
(803, 412, 13, 17.16, 395.195, 0, 8.0652, 'kg', 403.26, 0, 2, 0, 23.5),
(804, 413, 72, 4, 800, 24, 0, 'bag', 800, 3, 0, 0, 200),
(805, 414, 17, 30.9, 832.755, 0, 16.995, 'kg', 849.75, 0, 2, 0, 27.5),
(806, 414, 52, 1, 607.6, 0, 12.4, 'bag', 620, 0, 2, 0, 620),
(807, 415, 32, 37.9, 1174.9, 35.247, 0, 'kg', 1174.9, 3, 0, 0, 31),
(808, 416, 7, 1, 440, 13.2, 0, 'bag', 440, 3, 0, 0, 440),
(809, 417, 66, 1, 455, 13.65, 0, 'bag', 455, 3, 0, 0, 455),
(810, 417, 206, 12, 216, 6.48, 0, 'kg', 216, 3, 0, 0, 18),
(811, 418, 19, 1, 840, 0, 0, 'bag', 840, 0, 0, 0, 840),
(812, 419, 6, 4, 1920, 57.6, 0, 'bag', 1920, 3, 0, 0, 480),
(813, 420, 40, 1, 1160, 34.8, 0, 'bag', 1160, 3, 0, 0, 1160),
(814, 421, 40, 1, 1160, 34.8, 0, 'bag', 1160, 3, 0, 0, 1160),
(815, 421, 173, 1, 250, 7.5, 0, 'bag', 250, 3, 0, 0, 250),
(816, 422, 72, 1, 200, 6, 0, 'bag', 200, 3, 0, 0, 200),
(817, 423, 6, 1, 480, 14.4, 0, 'bag', 480, 3, 0, 0, 480),
(818, 424, 40, 1, 1160, 34.8, 0, 'bag', 1160, 3, 0, 0, 1160),
(819, 425, 65, 1, 450, 0, 0, 'bag', 450, 0, 0, 0, 450),
(820, 426, 11, 1, 1176, 0, 24, 'bag', 1200, 0, 2, 0, 1200),
(821, 427, 27, 57.4, 1518.8, 0, 30.996, 'kg', 1549.8, 0, 2, 0, 27),
(822, 428, 163, 31.67, 570.06, 17.1018, 0, 'kg', 570.06, 3, 0, 0, 18),
(823, 429, 163, 31.7, 570.6, 17.118, 0, 'kg', 570.6, 3, 0, 0, 18),
(824, 429, 175, 52.44, 2150.04, 64.5012, 0, 'kg', 2150.04, 3, 0, 0, 41),
(825, 430, 36, 1, 1019.2, 0, 20.8, 'bag', 1040, 0, 2, 0, 1040),
(826, 430, 13, 2.77, 63.7931, 0, 1.3019, 'kg', 65.095, 0, 2, 0, 23.5),
(829, 432, 5, 1, 470.4, 0, 9.6, 'bag', 480, 0, 2, 0, 480),
(830, 433, 21, 1, 1097.6, 0, 22.4, 'bag', 1120, 0, 2, 0, 1120),
(831, 433, 12, 17.7, 511.707, 0, 10.443, 'kg', 522.15, 0, 2, 0, 29.5),
(832, 434, 67, 2, 1360, 40.8, 0, 'bag', 1360, 3, 0, 0, 680),
(833, 435, 72, 2, 400, 0, 0, 'bag', 400, 0, 0, 0, 200),
(834, 436, 18, 11.16, 245.52, 7.3656, 0, 'kg', 245.52, 3, 0, 0, 22),
(835, 436, 213, 1, 5, 0.15, 0, 'bag', 5, 3, 0, 0, 5),
(836, 437, 27, 2, 2077.6, 0, 42.4, 'bag', 2120, 0, 2, 0, 1060),
(839, 439, 6, 1, 480, 0, 0, 'bag', 480, 0, 0, 0, 480),
(840, 439, 8, 20.06, 270.81, 0, 0, 'kg', 270.81, 0, 0, 0, 13.5),
(841, 439, 203, 1, 100, 0, 0, 'bag', 100, 0, 0, 0, 100),
(845, 441, 66, 1, 445.9, 0, 9.1, 'bag', 455, 0, 2, 0, 455),
(846, 442, 39, 1, 1200, 36, 0, 'bag', 1200, 3, 0, 0, 1200),
(847, 443, 82, 1, 290, 8.7, 0, 'bag', 290, 3, 0, 0, 290),
(848, 443, 72, 1, 200, 6, 0, 'bag', 200, 3, 0, 0, 200),
(849, 443, 89, 1, 480, 14.4, 0, 'bag', 480, 3, 0, 0, 480),
(850, 444, 47, 1, 600, 18, 0, 'bag', 600, 3, 0, 0, 600),
(851, 445, 69, 1, 426.3, 0, 8.7, 'bag', 435, 0, 2, 0, 435),
(852, 445, 65, 1, 441, 0, 9, 'bag', 450, 0, 2, 0, 450),
(853, 446, 6, 40, 500, 0, 0, 'kg', 500, 0, 0, 0, 12.5),
(854, 446, 5, 40, 500, 0, 0, 'kg', 500, 0, 0, 0, 12.5),
(855, 447, 40, 1, 1160, 34.8, 0, 'bag', 1160, 3, 0, 0, 1160),
(856, 448, 32, 1, 1220, 36.6, 0, 'bag', 1220, 3, 0, 0, 1220),
(857, 448, 33, 1, 1280, 38.4, 0, 'bag', 1280, 3, 0, 0, 1280),
(858, 449, 29, 1, 1100, 33, 0, 'bag', 1100, 3, 0, 0, 1100),
(862, 451, 69, 1, 435, 13.05, 0, 'bag', 435, 3, 0, 0, 435),
(863, 452, 6, 1, 480, 14.4, 0, 'bag', 480, 3, 0, 0, 480),
(864, 452, 67, 1, 680, 20.4, 0, 'bag', 680, 3, 0, 0, 680),
(865, 453, 33, 6.2, 201.5, 0, 0, 'kg', 201.5, 0, 0, 0, 32.5),
(866, 454, 82, 1, 284.2, 0, 5.8, 'bag', 290, 0, 2, 0, 290),
(867, 455, 65, 1, 441, 0, 9, 'bag', 450, 0, 2, 0, 450),
(868, 455, 6, 13.55, 165.988, 0, 3.3875, 'kg', 169.375, 0, 2, 0, 12.5),
(869, 456, 17, 1, 1070, 32.1, 0, 'bag', 1070, 3, 0, 0, 1070),
(870, 456, 69, 5, 75, 2.25, 0, 'kg', 75, 3, 0, 0, 15),
(871, 457, 17, 1, 1070, 0, 0, 'bag', 1070, 0, 0, 0, 1070),
(872, 457, 18, 1, 860, 0, 0, 'bag', 860, 0, 0, 0, 860),
(873, 457, 9, 1, 1300, 0, 0, 'bag', 1300, 0, 0, 0, 1300),
(874, 457, 10, 1, 1220, 0, 0, 'bag', 1220, 0, 0, 0, 1220),
(875, 457, 11, 1, 1200, 0, 0, 'bag', 1200, 0, 0, 0, 1200),
(876, 457, 16, 1, 1360, 0, 0, 'bag', 1360, 0, 0, 0, 1360),
(877, 458, 222, 1, 440, 13.2, 0, 'bag', 440, 3, 0, 0, 440),
(878, 458, 67, 1, 680, 20.4, 0, 'bag', 680, 3, 0, 0, 680),
(879, 459, 39, 2, 2352, 0, 48, 'bag', 2400, 0, 2, 0, 1200),
(880, 459, 61, 1, 490, 0, 10, 'bag', 500, 0, 2, 0, 500),
(881, 459, 7, 1, 431.2, 0, 8.8, 'bag', 440, 0, 2, 0, 440),
(882, 459, 62, 1, 548.8, 0, 11.2, 'bag', 560, 0, 2, 0, 560),
(884, 461, 72, 24.5, 240.1, 0, 4.9, 'kg', 245, 0, 2, 0, 10),
(885, 461, 8, 1, 509.6, 0, 10.4, 'bag', 520, 0, 2, 0, 520),
(886, 462, 34, 4, 4640, 139.2, 0, 'bag', 4640, 3, 0, 0, 1160),
(887, 463, 82, 1, 284.2, 0, 5.8, 'bag', 290, 0, 2, 0, 290),
(888, 463, 11, 11.8, 352.702, 0, 7.198, 'kg', 359.9, 0, 2, 0, 30.5),
(889, 463, 213, 1, 4.9, 0, 0.1, 'bag', 5, 0, 2, 0, 5),
(890, 464, 66, 1, 455, 13.65, 0, 'bag', 455, 3, 0, 0, 455),
(891, 464, 67, 8, 140, 4.2, 0, 'kg', 140, 3, 0, 0, 17.5),
(892, 464, 213, 1, 5, 0.15, 0, 'bag', 5, 3, 0, 0, 5),
(893, 465, 7, 2, 862.4, 0, 17.6, 'bag', 880, 0, 2, 0, 440),
(894, 465, 27, 1, 1038.8, 0, 21.2, 'bag', 1060, 0, 2, 0, 1060),
(895, 466, 66, 57.85, 780.975, 23.4293, 0, 'kg', 780.975, 3, 0, 0, 13.5),
(896, 467, 13, 1, 920, 27.6, 0, 'bag', 920, 3, 0, 0, 920),
(897, 467, 143, 1, 700, 21, 0, 'bag', 700, 3, 0, 0, 700),
(898, 468, 81, 10, 170, 5.1, 0, 'kg', 170, 3, 0, 0, 17),
(899, 469, 72, 8, 1600, 48, 0, 'bag', 1600, 3, 0, 0, 200),
(900, 469, 6, 1, 480, 14.4, 0, 'bag', 480, 3, 0, 0, 480),
(901, 469, 74, 41.87, 35170.8, 1055.12, 0, 'kg', 35170.8, 3, 0, 0, 840),
(902, 470, 72, 8, 1600, 48, 0, 'bag', 1600, 3, 0, 0, 200),
(903, 470, 6, 1, 480, 14.4, 0, 'bag', 480, 3, 0, 0, 480),
(904, 470, 74, 41.86, 899.99, 26.9997, 0, 'bag', 899.99, 3, 0, 0, 21.5),
(905, 471, 175, 2, 4100, 123, 0, 'bag', 4100, 3, 0, 0, 2050),
(906, 472, 39, 1, 1200, 36, 0, 'bag', 1200, 3, 0, 0, 1200),
(907, 473, 17, 2, 2140, 64.2, 0, 'bag', 2140, 3, 0, 0, 1070),
(908, 473, 39, 3, 3600, 108, 0, 'bag', 3600, 3, 0, 0, 1200),
(909, 473, 33, 5, 162.5, 4.875, 0, 'kg', 162.5, 3, 0, 0, 32.5),
(910, 473, 33, 2, 2560, 76.8, 0, 'bag', 2560, 3, 0, 0, 1280),
(911, 473, 13, 9, 211.5, 6.345, 0, 'kg', 211.5, 3, 0, 0, 23.5),
(912, 474, 163, 10, 180, 5.4, 0, 'kg', 180, 3, 0, 0, 18),
(913, 474, 67, 10, 175, 5.25, 0, 'kg', 175, 3, 0, 0, 17.5),
(914, 475, 17, 1, 1070, 32.1, 0, 'bag', 1070, 3, 0, 0, 1070),
(915, 476, 7, 1, 440, 13.2, 0, 'bag', 440, 3, 0, 0, 440),
(916, 476, 42, 2, 141, 4.23, 0, 'kg', 141, 3, 0, 0, 70.5),
(917, 477, 82, 1, 284.2, 0, 5.8, 'bag', 290, 0, 2, 0, 290),
(918, 478, 40, 1, 1160, 0, 0, 'bag', 1160, 0, 0, 0, 1160),
(919, 478, 8, 1, 520, 0, 0, 'bag', 520, 0, 0, 0, 520),
(920, 479, 143, 36.7, 660.6, 19.818, 0, 'kg', 660.6, 3, 0, 0, 18),
(921, 480, 65, 1, 258.457, 7.75373, 0, 'bag', 450, 3, 0, 191.542, 450),
(922, 480, 13, 1, 728.458, 21.8537, 0, 'bag', 920, 3, 0, 191.542, 920),
(923, 481, 166, 1, 725.2, 0, 14.8, 'bag', 740, 0, 2, 0, 740),
(924, 481, 29, 1, 1078, 0, 22, 'bag', 1100, 0, 2, 0, 1100),
(925, 481, 40, 2, 2273.6, 0, 46.4, 'bag', 2320, 0, 2, 0, 1160),
(926, 482, 72, 3, 600, 18, 0, 'bag', 600, 3, 0, 0, 200),
(927, 482, 42, 3, 211.5, 6.345, 0, 'kg', 211.5, 3, 0, 0, 70.5),
(928, 482, 212, 1, 3, 0.09, 0, 'bag', 3, 3, 0, 0, 3),
(929, 483, 32, 1, 1220, 36.6, 0, 'bag', 1220, 3, 0, 0, 1220),
(930, 483, 204, 1, 110, 3.3, 0, 'bag', 110, 3, 0, 0, 110),
(931, 483, 175, 52.44, 2150.04, 64.5012, 0, 'kg', 2150.04, 3, 0, 0, 41),
(932, 484, 34, 15.26, 450.17, 13.5051, 0, 'kg', 450.17, 3, 0, 0, 29.5),
(933, 485, 203, 2, 200, 0, 0, 'bag', 200, 0, 0, 0, 100),
(934, 485, 67, 1, 680, 0, 0, 'bag', 680, 0, 0, 0, 680),
(935, 485, 8, 1, 520, 0, 0, 'bag', 520, 0, 0, 0, 520),
(938, 487, 40, 18.56, 547.52, 0, 0, 'kg', 547.52, 0, 0, 0, 29.5),
(939, 487, 37, 14.6, 416.1, 0, 0, 'kg', 416.1, 0, 0, 0, 28.5),
(940, 488, 65, 1, 450, 13.5, 0, 'bag', 450, 3, 0, 0, 450),
(941, 488, 37, 1, 1120, 33.6, 0, 'bag', 1120, 3, 0, 0, 1120),
(942, 488, 31, 1, 1300, 39, 0, 'bag', 1300, 3, 0, 0, 1300),
(943, 488, 139, 4, 56, 1.68, 0, 'bag', 56, 3, 0, 0, 14),
(944, 489, 19, 1, 840, 25.2, 0, 'bag', 840, 3, 0, 0, 840),
(945, 490, 222, 2, 880, 0, 0, 'bag', 880, 0, 0, 0, 440),
(946, 491, 31, 1, 1300, 39, 0, 'bag', 1300, 3, 0, 0, 1300),
(982, 495, 32, 1, 1220, 36.6, 0, 'bag', 1220, 3, 0, 0, 1220),
(983, 495, 44, 10, 625, 18.75, 0, 'kg', 625, 3, 0, 0, 62.5),
(984, 495, 72, 2, 400, 12, 0, 'bag', 400, 3, 0, 0, 200),
(985, 495, 8, 3, 1560, 46.8, 0, 'bag', 1560, 3, 0, 0, 520),
(986, 495, 7, 2, 880, 26.4, 0, 'bag', 880, 3, 0, 0, 440),
(987, 495, 78, 1, 780, 23.4, 0, 'bag', 780, 3, 0, 0, 780),
(988, 495, 82, 2, 580, 17.4, 0, 'bag', 580, 3, 0, 0, 290),
(989, 495, 41, 10, 705, 21.15, 0, 'kg', 705, 3, 0, 0, 70.5),
(990, 495, 42, 10, 705, 21.15, 0, 'kg', 705, 3, 0, 0, 70.5),
(991, 495, 66, 1, 455, 13.65, 0, 'bag', 455, 3, 0, 0, 455),
(992, 495, 99, 1, 250, 7.5, 0, 'bag', 250, 3, 0, 0, 250),
(993, 495, 29, 1, 1100, 33, 0, 'bag', 1100, 3, 0, 0, 1100),
(994, 495, 28, 1, 900, 27, 0, 'bag', 900, 3, 0, 0, 900),
(997, 498, 72, 1, 200, 6, 0, 'bag', 200, 3, 0, 0, 200),
(998, 499, 37, 1, 1097.6, 0, 22.4, 'bag', 1120, 0, 2, 0, 1120),
(999, 500, 28, 10.96, 400.04, 12.0012, 0, 'kg', 400.04, 3, 0, 0, 36.5),
(1000, 500, 38, 10.5, 399, 11.97, 0, 'kg', 399, 3, 0, 0, 38);
INSERT INTO `shop_client_purchases_history` (`id`, `seller_history_id`, `product_id`, `count`, `sum`, `bonus`, `discount`, `type_product`, `full_sum`, `bonus_percent_value`, `discount_percent_value`, `payment_bonus`, `price_one_count`) VALUES
(1001, 500, 27, 5.55, 149.85, 4.4955, 0, 'kg', 149.85, 3, 0, 0, 27),
(1002, 501, 65, 2, 882, 0, 18, 'bag', 900, 0, 2, 0, 450),
(1003, 501, 66, 1, 445.9, 0, 9.1, 'bag', 455, 0, 2, 0, 455),
(1004, 502, 78, 23.75, 475, 0, 0, 'kg', 475, 0, 0, 0, 20),
(1005, 503, 39, 1, 844.98, 25.3494, 0, 'bag', 1200, 3, 0, 355.02, 1200),
(1006, 504, 33, 10, 325, 9.75, 0, 'kg', 325, 3, 0, 0, 32.5),
(1007, 505, 6, 1, 480, 14.4, 0, 'bag', 480, 3, 0, 0, 480),
(1009, 507, 39, 1, 1066.2, 31.986, 0, 'bag', 1200, 3, 0, 133.8, 1200),
(1010, 507, 67, 1, 546.2, 16.386, 0, 'bag', 680, 3, 0, 133.8, 680),
(1011, 508, 39, 1, 1200, 36, 0, 'bag', 1200, 3, 0, 0, 1200),
(1012, 509, 66, 1, 445.9, 0, 9.1, 'bag', 455, 0, 2, 0, 455),
(1013, 509, 11, 1, 1176, 0, 24, 'bag', 1200, 0, 2, 0, 1200),
(1014, 509, 15, 10.7, 304.094, 0, 6.206, 'kg', 310.3, 0, 2, 0, 29),
(1015, 509, 13, 12.34, 284.19, 0, 5.7998, 'kg', 289.99, 0, 2, 0, 23.5),
(1016, 510, 222, 1, 440, 13.2, 0, 'bag', 440, 3, 0, 0, 440),
(1017, 511, 222, 1, 440, 13.2, 0, 'bag', 440, 3, 0, 0, 440),
(1020, 514, 33, 1, 1280, 38.4, 0, 'bag', 1280, 3, 0, 0, 1280),
(1021, 515, 65, 1, 450, 13.5, 0, 'bag', 450, 3, 0, 0, 450),
(1022, 516, 8, 1, 520, 15.6, 0, 'bag', 520, 3, 0, 0, 520),
(1023, 517, 8, 1, 520, 15.6, 0, 'bag', 520, 3, 0, 0, 520),
(1024, 517, 37, 1, 1120, 33.6, 0, 'bag', 1120, 3, 0, 0, 1120),
(1025, 518, 17, 1, 1070, 32.1, 0, 'bag', 1070, 3, 0, 0, 1070),
(1026, 519, 67, 17.15, 300.125, 9.00375, 0, 'kg', 300.125, 3, 0, 0, 17.5),
(1027, 520, 65, 2, 900, 0, 0, 'bag', 900, 0, 0, 0, 450),
(1028, 521, 15, 3, 87, 2.61, 0, 'kg', 87, 3, 0, 0, 29),
(1030, 523, 72, 30, 300, 9, 0, 'kg', 300, 3, 0, 0, 10),
(1031, 524, 13, 16.39, 385.165, 11.5549, 0, 'kg', 385.165, 3, 0, 0, 23.5),
(1032, 525, 72, 72, 705.6, 0, 14.4, 'kg', 720, 0, 2, 0, 10),
(1033, 526, 40, 1, 1160, 34.8, 0, 'bag', 1160, 3, 0, 0, 1160),
(1038, 529, 40, 1, 1160, 34.8, 0, 'bag', 1160, 3, 0, 0, 1160),
(1039, 529, 65, 1, 450, 13.5, 0, 'bag', 450, 3, 0, 0, 450),
(1040, 529, 182, 1, 290, 8.7, 0, 'bag', 290, 3, 0, 0, 290),
(1041, 530, 72, 1, 200, 0, 0, 'bag', 200, 0, 0, 0, 200),
(1042, 530, 66, 1, 455, 0, 0, 'bag', 455, 0, 0, 0, 455),
(1043, 530, 32, 1, 1220, 0, 0, 'bag', 1220, 0, 0, 0, 1220),
(1044, 531, 72, 3, 600, 18, 0, 'bag', 600, 3, 0, 0, 200),
(1045, 532, 57, 44.45, 1200.15, 36.0045, 0, 'kg', 1200.15, 3, 0, 0, 27),
(1046, 532, 13, 1, 920, 27.6, 0, 'bag', 920, 3, 0, 0, 920),
(1047, 532, 7, 17.4, 200.1, 6.003, 0, 'kg', 200.1, 3, 0, 0, 11.5),
(1048, 533, 7, 1, 431.2, 0, 8.8, 'bag', 440, 0, 2, 0, 440),
(1049, 533, 8, 1, 509.6, 0, 10.4, 'bag', 520, 0, 2, 0, 520),
(1050, 534, 66, 2, 910, 27.3, 0, 'bag', 910, 3, 0, 0, 455),
(1051, 534, 205, 1, 120, 3.6, 0, 'bag', 120, 3, 0, 0, 120),
(1052, 534, 69, 8.33, 124.95, 3.7485, 0, 'kg', 124.95, 3, 0, 0, 15),
(1054, 536, 36, 1, 1019.2, 0, 20.8, 'bag', 1040, 0, 2, 0, 1040),
(1055, 537, 72, 3, 588, 0, 12, 'bag', 600, 0, 2, 0, 200),
(1056, 538, 52, 1, 620, 18.6, 0, 'bag', 620, 3, 0, 0, 620),
(1057, 539, 34, 1, 1160, 34.8, 0, 'bag', 1160, 3, 0, 0, 1160),
(1058, 539, 5, 1, 480, 14.4, 0, 'bag', 480, 3, 0, 0, 480),
(1059, 539, 14, 1, 880, 26.4, 0, 'bag', 880, 3, 0, 0, 880),
(1060, 540, 6, 2, 960, 28.8, 0, 'bag', 960, 3, 0, 0, 480),
(1061, 541, 34, 3, 3480, 104.4, 0, 'bag', 3480, 3, 0, 0, 1160),
(1062, 542, 175, 52.44, 2150.04, 64.5012, 0, 'kg', 2150.04, 3, 0, 0, 41),
(1063, 543, 39, 1, 1200, 36, 0, 'bag', 1200, 3, 0, 0, 1200),
(1064, 543, 34, 1, 1160, 34.8, 0, 'bag', 1160, 3, 0, 0, 1160),
(1065, 544, 72, 46.6, 466, 13.98, 0, 'kg', 466, 3, 0, 0, 10),
(1066, 545, 32, 3, 3586.8, 0, 73.2, 'bag', 3660, 0, 2, 0, 1220),
(1067, 546, 72, 1, 200, 6, 0, 'bag', 200, 3, 0, 0, 200),
(1068, 547, 39, 1, 1200, 36, 0, 'bag', 1200, 3, 0, 0, 1200),
(1069, 548, 14, 1, 880, 26.4, 0, 'bag', 880, 3, 0, 0, 880),
(1070, 549, 67, 2, 1360, 40.8, 0, 'bag', 1360, 3, 0, 0, 680),
(1071, 549, 13, 2, 1840, 55.2, 0, 'bag', 1840, 3, 0, 0, 920),
(1072, 549, 11, 2, 2400, 72, 0, 'bag', 2400, 3, 0, 0, 1200),
(1073, 550, 34, 1, 1160, 34.8, 0, 'bag', 1160, 3, 0, 0, 1160),
(1074, 551, 78, 1, 780, 0, 0, 'bag', 780, 0, 0, 0, 780),
(1075, 552, 67, 1, 680, 20.4, 0, 'bag', 680, 3, 0, 0, 680),
(1076, 553, 72, 25, 250, 7.5, 0, 'kg', 250, 3, 0, 0, 10),
(1077, 554, 19, 1, 840, 25.2, 0, 'bag', 840, 3, 0, 0, 840),
(1078, 555, 72, 1, 200, 0, 0, 'bag', 200, 0, 0, 0, 200),
(1079, 556, 35, 2, 2508.8, 0, 51.2, 'bag', 2560, 0, 2, 0, 1280),
(1080, 557, 72, 2, 400, 12, 0, 'bag', 400, 3, 0, 0, 200),
(1081, 557, 65, 1, 450, 13.5, 0, 'bag', 450, 3, 0, 0, 450),
(1082, 557, 6, 8.7, 108.75, 3.2625, 0, 'kg', 108.75, 3, 0, 0, 12.5),
(1083, 557, 33, 4.6, 149.5, 4.485, 0, 'kg', 149.5, 3, 0, 0, 32.5),
(1084, 558, 67, 1, 666.4, 0, 13.6, 'bag', 680, 0, 2, 0, 680),
(1085, 558, 29, 1, 1078, 0, 22, 'bag', 1100, 0, 2, 0, 1100),
(1086, 559, 72, 3, 600, 18, 0, 'bag', 600, 3, 0, 0, 200),
(1087, 560, 32, 1, 1220, 36.6, 0, 'bag', 1220, 3, 0, 0, 1220),
(1088, 561, 32, 9.52, 270.746, 8.12239, 0, 'kg', 295.12, 3, 0, 24.3735, 31),
(1089, 561, 31, 7.58, 225.766, 6.77299, 0, 'kg', 250.14, 3, 0, 24.3735, 33),
(1090, 562, 72, 7, 1400, 42, 0, 'bag', 1400, 3, 0, 0, 200),
(1091, 562, 5, 3, 1440, 43.2, 0, 'bag', 1440, 3, 0, 0, 480),
(1092, 562, 6, 3, 1440, 43.2, 0, 'bag', 1440, 3, 0, 0, 480),
(1093, 562, 67, 1, 680, 20.4, 0, 'bag', 680, 3, 0, 0, 680),
(1094, 563, 39, 1, 1200, 36, 0, 'bag', 1200, 3, 0, 0, 1200),
(1095, 563, 13, 4.2, 98.7, 2.961, 0, 'kg', 98.7, 3, 0, 0, 23.5),
(1096, 564, 67, 1, 680, 20.4, 0, 'bag', 680, 3, 0, 0, 680),
(1097, 564, 6, 1, 480, 14.4, 0, 'bag', 480, 3, 0, 0, 480),
(1098, 565, 27, 1, 1038.8, 0, 21.2, 'bag', 1060, 0, 2, 0, 1060),
(1099, 565, 222, 2, 862.4, 0, 17.6, 'bag', 880, 0, 2, 0, 440),
(1100, 565, 61, 2.32, 29.5568, 0, 0.6032, 'kg', 30.16, 0, 2, 0, 13),
(1101, 566, 8, 1, 520, 15.6, 0, 'bag', 520, 3, 0, 0, 520),
(1102, 567, 6, 2, 960, 28.8, 0, 'bag', 960, 3, 0, 0, 480),
(1103, 567, 82, 2, 580, 17.4, 0, 'bag', 580, 3, 0, 0, 290),
(1104, 567, 52, 1, 620, 18.6, 0, 'bag', 620, 3, 0, 0, 620),
(1105, 568, 66, 4.82, 65.07, 1.9521, 0, 'kg', 65.07, 3, 0, 0, 13.5),
(1106, 569, 66, 1, 455, 13.65, 0, 'bag', 455, 3, 0, 0, 455),
(1107, 570, 17, 1, 1070, 32.1, 0, 'bag', 1070, 3, 0, 0, 1070),
(1108, 571, 214, 50, 500, 0, 0, 'bag', 500, 0, 0, 0, 10),
(1109, 572, 81, 18, 306, 9.18, 0, 'kg', 306, 3, 0, 0, 17),
(1110, 572, 72, 2, 400, 12, 0, 'bag', 400, 3, 0, 0, 200),
(1111, 573, 180, 1, 105, 3.15, 0, 'bag', 105, 3, 0, 0, 105),
(1112, 574, 66, 1, 455, 13.65, 0, 'bag', 455, 3, 0, 0, 455),
(1113, 575, 142, 16.5, 297, 8.91, 0, 'kg', 297, 3, 0, 0, 18),
(1114, 575, 42, 1.4, 98.7, 2.961, 0, 'kg', 98.7, 3, 0, 0, 70.5),
(1115, 576, 39, 2, 2400, 72, 0, 'bag', 2400, 3, 0, 0, 1200),
(1116, 576, 67, 2, 1360, 40.8, 0, 'bag', 1360, 3, 0, 0, 680),
(1117, 577, 38, 1, 1500, 45, 0, 'bag', 1500, 3, 0, 0, 1500),
(1118, 578, 82, 1, 290, 8.7, 0, 'bag', 290, 3, 0, 0, 290),
(1119, 579, 5, 2, 960, 28.8, 0, 'bag', 960, 3, 0, 0, 480),
(1120, 580, 32, 1, 1220, 36.6, 0, 'bag', 1220, 3, 0, 0, 1220),
(1121, 580, 8, 1, 520, 15.6, 0, 'bag', 520, 3, 0, 0, 520),
(1122, 580, 14, 1, 880, 26.4, 0, 'bag', 880, 3, 0, 0, 880),
(1123, 580, 66, 1, 455, 13.65, 0, 'bag', 455, 3, 0, 0, 455),
(1124, 581, 14, 1, 862.4, 0, 17.6, 'bag', 880, 0, 2, 0, 880),
(1125, 581, 174, 1, 127.4, 0, 2.6, 'bag', 130, 0, 2, 0, 130),
(1126, 582, 40, 1, 1160, 34.8, 0, 'bag', 1160, 3, 0, 0, 1160),
(1127, 582, 34, 33.15, 977.925, 29.3377, 0, 'kg', 977.925, 3, 0, 0, 29.5),
(1128, 583, 32, 1, 1220, 36.6, 0, 'bag', 1220, 3, 0, 0, 1220),
(1129, 584, 6, 3, 1411.2, 0, 28.8, 'bag', 1440, 0, 2, 0, 480),
(1130, 589, 25, 1, 960, 28.8, 0, 'bag', 960, 3, 0, 0, 960),
(1131, 590, 91, 1, 400, 12, 0, 'bag', 400, 3, 0, 0, 400),
(1132, 590, 40, 1, 1160, 34.8, 0, 'bag', 1160, 3, 0, 0, 1160),
(1134, 592, 66, 1, 445.9, 0, 9.1, 'bag', 455, 0, 2, 0, 455),
(1135, 592, 6, 2, 940.8, 0, 19.2, 'bag', 960, 0, 2, 0, 480),
(1136, 592, 72, 22.5, 220.5, 0, 4.5, 'kg', 225, 0, 2, 0, 10),
(1137, 593, 72, 1, 200, 0, 0, 'bag', 200, 0, 0, 0, 200),
(1138, 593, 8, 1, 520, 0, 0, 'bag', 520, 0, 0, 0, 520),
(1139, 593, 6, 1, 480, 0, 0, 'bag', 480, 0, 0, 0, 480),
(1140, 594, 7, 16.64, 191.36, 0, 0, 'kg', 191.36, 0, 0, 0, 11.5),
(1141, 595, 72, 3, 600, 18, 0, 'bag', 600, 3, 0, 0, 200),
(1142, 596, 66, 1, 455, 13.65, 0, 'bag', 455, 3, 0, 0, 455),
(1143, 597, 167, 1, 583.1, 0, 11.9, 'bag', 595, 0, 2, 0, 595),
(1144, 598, 67, 14.58, 255.15, 7.6545, 0, 'kg', 255.15, 3, 0, 0, 17.5),
(1145, 598, 30, 8.3, 294.65, 8.8395, 0, 'kg', 294.65, 3, 0, 0, 35.5),
(1146, 598, 8, 7, 94.5, 2.835, 0, 'kg', 94.5, 3, 0, 0, 13.5),
(1147, 599, 81, 11.5, 195.5, 0, 0, 'kg', 195.5, 0, 0, 0, 17),
(1148, 599, 8, 11.96, 161.46, 0, 0, 'kg', 161.46, 0, 0, 0, 13.5),
(1149, 600, 8, 1, 520, 15.6, 0, 'bag', 520, 3, 0, 0, 520),
(1151, 602, 5, 1, 480, 14.4, 0, 'bag', 480, 3, 0, 0, 480),
(1152, 603, 82, 10, 2900, 0, 0, 'bag', 2900, 0, 0, 0, 290),
(1153, 604, 36, 1, 1019.2, 0, 20.8, 'bag', 1040, 0, 2, 0, 1040),
(1156, 607, 39, 2, 2352, 0, 48, 'bag', 2400, 0, 2, 0, 1200),
(1157, 608, 72, 5, 1000, 30, 0, 'bag', 1000, 3, 0, 0, 200),
(1158, 609, 39, 2, 2400, 72, 0, 'bag', 2400, 3, 0, 0, 1200),
(1159, 609, 67, 2, 1360, 40.8, 0, 'bag', 1360, 3, 0, 0, 680),
(1160, 610, 66, 1, 455, 13.65, 0, 'bag', 455, 3, 0, 0, 455),
(1161, 611, 31, 1, 1300, 39, 0, 'bag', 1300, 3, 0, 0, 1300),
(1162, 611, 34, 1, 1160, 34.8, 0, 'bag', 1160, 3, 0, 0, 1160),
(1163, 612, 5, 1, 480, 14.4, 0, 'bag', 480, 3, 0, 0, 480),
(1164, 613, 72, 30, 300, 9, 0, 'kg', 300, 3, 0, 0, 10),
(1166, 615, 82, 1, 284.2, 0, 5.8, 'bag', 290, 0, 2, 0, 290),
(1167, 616, 98, 13.75, 107.8, 0, 2.2, 'kg', 110, 0, 2, 0, 8),
(1168, 616, 82, 1, 284.2, 0, 5.8, 'bag', 290, 0, 2, 0, 290),
(1169, 616, 19, 1, 823.2, 0, 16.8, 'bag', 840, 0, 2, 0, 840),
(1170, 617, 61, 1, 500, 0, 0, 'bag', 500, 0, 0, 0, 500),
(1171, 618, 40, 1, 1136.8, 0, 23.2, 'bag', 1160, 0, 2, 0, 1160),
(1172, 618, 34, 30.06, 869.035, 0, 17.7354, 'kg', 886.77, 0, 2, 0, 29.5),
(1173, 619, 37, 5.26, 146.912, 0, 2.9982, 'kg', 149.91, 0, 2, 0, 28.5),
(1174, 620, 5, 1, 480, 14.4, 0, 'bag', 480, 3, 0, 0, 480),
(1175, 621, 34, 3, 3480, 104.4, 0, 'bag', 3480, 3, 0, 0, 1160),
(1176, 622, 12, 8.48, 250.16, 7.5048, 0, 'kg', 250.16, 3, 0, 0, 29.5),
(1177, 623, 38, 1, 1500, 45, 0, 'bag', 1500, 3, 0, 0, 1500),
(1178, 625, 28, 2, 73, 0, 0, 'kg', 73, 0, 0, 0, 36.5),
(1179, 625, 43, 1, 50.5, 0, 0, 'kg', 50.5, 0, 0, 0, 50.5),
(1180, 626, 27, 12.78, 338.159, 0, 6.9012, 'kg', 345.06, 0, 2, 0, 27),
(1181, 626, 61, 1, 490, 0, 10, 'bag', 500, 0, 2, 0, 500),
(1182, 626, 66, 1, 445.9, 0, 9.1, 'bag', 455, 0, 2, 0, 455),
(1188, 631, 39, 2, 2400, 72, 0, 'bag', 2400, 3, 0, 0, 1200),
(1189, 631, 30, 1, 1400, 42, 0, 'bag', 1400, 3, 0, 0, 1400),
(1190, 631, 34, 1, 1160, 34.8, 0, 'bag', 1160, 3, 0, 0, 1160),
(1191, 632, 82, 1, 290, 8.7, 0, 'bag', 290, 3, 0, 0, 290),
(1192, 633, 5, 8, 100, 0, 0, 'kg', 100, 0, 0, 0, 12.5),
(1198, 636, 36, 0, 0, 0, 0, 'kg', 0, 3, 0, 0, 26.5),
(1199, 636, 36, 1, 1040, 31.2, 0, 'bag', 1040, 3, 0, 0, 1040),
(1200, 636, 8, 10, 135, 4.05, 0, 'kg', 135, 3, 0, 0, 13.5),
(1201, 636, 8, 0, 0, 0, 0, 'bag', 0, 3, 0, 0, 520),
(1204, 639, 39, 0, 0, 0, 0, 'kg', 0, 0, 0, 0, 30.5),
(1205, 639, 39, 1, 1200, 0, 0, 'bag', 1200, 0, 0, 0, 1200),
(1206, 639, 78, 10, 200, 0, 0, 'kg', 200, 0, 0, 0, 20),
(1207, 639, 78, 0, 0, 0, 0, 'bag', 0, 0, 0, 0, 780),
(1208, 639, 213, 1, 5, 0, 0, 'bag', 5, 0, 0, 0, 5),
(1215, 642, 230, 1, 245, 7.35, 0, 'bag', 245, 3, 0, 0, 245),
(1216, 642, 8, 0, 0, 0, 0, 'kg', 0, 3, 0, 0, 13.5),
(1217, 642, 8, 1, 520, 15.6, 0, 'bag', 520, 3, 0, 0, 520),
(1218, 643, 230, 1, 245, 0, 0, 'bag', 245, 0, 0, 0, 245),
(1219, 643, 156, 10, 30, 0, 0, 'bag', 30, 0, 0, 0, 3),
(1220, 644, 137, 1, 85, 0, 0, 'bag', 85, 0, 0, 0, 85),
(1221, 644, 174, 1, 130, 0, 0, 'bag', 130, 0, 0, 0, 130),
(1222, 644, 244, 1, 25, 0, 0, 'bag', 25, 0, 0, 0, 25),
(1223, 644, 240, 1, 23, 0, 0, 'bag', 23, 0, 0, 0, 23),
(1224, 645, 18, 0, 0, 0, 0, 'kg', 0, 0, 0, 0, 22),
(1225, 645, 18, 1, 860, 0, 0, 'bag', 860, 0, 0, 0, 860),
(1226, 645, 27, 5.37, 144.99, 0, 0, 'kg', 144.99, 0, 0, 0, 27),
(1227, 645, 27, 0, 0, 0, 0, 'bag', 0, 0, 0, 0, 1060),
(1228, 645, 213, 1, 5, 0, 0, 'bag', 5, 0, 0, 0, 5),
(1229, 645, 74, 0, 0, 0, 0, 'kg', 0, 0, 0, 0, 21.5),
(1230, 645, 74, 1, 840, 0, 0, 'bag', 840, 0, 0, 0, 840),
(1231, 645, 212, 1, 3, 0, 0, 'bag', 3, 0, 0, 0, 3),
(1232, 646, 55, 0, 0, 0, 0, 'kg', 0, 3, 0, 0, 22),
(1233, 646, 55, 1, 535, 16.05, 0, 'bag', 535, 3, 0, 0, 535),
(1234, 646, 60, 0, 0, 0, 0, 'kg', 0, 3, 0, 0, 30.5),
(1235, 646, 60, 1, 750, 22.5, 0, 'bag', 750, 3, 0, 0, 750),
(1236, 646, 243, 1, 12, 0.36, 0, 'bag', 12, 3, 0, 0, 12),
(1237, 648, 134, 0, -38, 0, 0, 'kg', 0, 3, 0, 38.695, 117.5),
(1238, 648, 134, 1, 1132, 35.1, 0, 'bag', 1170, 3, 0, 38.695, 1170),
(1239, 648, 133, 0, -38, 0, 0, 'kg', 0, 3, 0, 38.695, 80.5),
(1240, 648, 133, 1, 762, 24, 0, 'bag', 800, 3, 0, 38.695, 800),
(1241, 648, 27, 3.592, 59, 2.90952, 0, 'kg', 96.984, 3, 0, 38.695, 27),
(1242, 648, 27, 0, -38, 0, 0, 'bag', 0, 3, 0, 38.695, 1060),
(1243, 649, 27, 0, 0, 0, 0, 'kg', 0, 0, 0, 0, 27),
(1244, 649, 27, 1, 954, 0, 106, 'bag', 1060, 0, 10, 0, 1060),
(1245, 649, 124, 2, 90, 0, 0, 'bag', 90, 0, 0, 0, 45),
(1246, 649, 65, 0, 0, 0, 0, 'kg', 0, 0, 0, 0, 15.5),
(1247, 649, 65, 2, 810, 0, 90, 'bag', 900, 0, 10, 0, 450),
(1248, 649, 6, 0, 0, 0, 0, 'kg', 0, 0, 0, 0, 12.5),
(1249, 649, 6, 1, 466, 0, 14, 'bag', 480, 0, 3, 0, 480),
(1255, 651, 169, 1, 480, 14.4, 0, 'bag', 480, 3, 0, 0, 480),
(1256, 651, 8, 88.888, 1200, 35.9997, 0, 'kg', 1199.99, 3, 0, 0, 13.5),
(1257, 651, 8, 1, 520, 15.6, 0, 'bag', 520, 3, 0, 0, 520),
(1258, 651, 6, 0, 0, 0, 0, 'kg', 0, 3, 0, 0, 12.5),
(1259, 651, 6, 2, 960, 28.8, 0, 'bag', 960, 3, 0, 0, 480),
(1260, 652, 5, 0, 0, 0, 0, 'kg', 0, 3, 0, 0, 12.5),
(1261, 652, 5, 2, 960, 28.8, 0, 'bag', 960, 3, 0, 0, 480),
(1262, 652, 6, 0, 0, 0, 0, 'kg', 0, 3, 0, 0, 12.5),
(1263, 652, 6, 0, 0, 0, 0, 'bag', 0, 3, 0, 0, 480),
(1264, 652, 12, 0, 0, 0, 0, 'kg', 0, 3, 0, 0, 29.5),
(1265, 652, 12, 0, 0, 0, 0, 'bag', 0, 3, 0, 0, 1160),
(1266, 652, 20, 2, 45, 1.35, 0, 'kg', 45, 3, 0, 0, 22.5),
(1267, 652, 20, 0, 0, 0, 0, 'bag', 0, 3, 0, 0, 870),
(1268, 652, 11, 0, 0, 0, 0, 'kg', 0, 3, 0, 0, 30.5),
(1269, 652, 11, 0, 0, 0, 0, 'bag', 0, 3, 0, 0, 1200),
(1270, 652, 27, 0, 0, 0, 0, 'kg', 0, 3, 0, 0, 27),
(1271, 652, 27, 2, 2120, 63.6, 0, 'bag', 2120, 3, 0, 0, 1060),
(1272, 652, 13, 0, 0, 0, 0, 'kg', 0, 3, 0, 0, 23.5),
(1273, 652, 13, 0, 0, 0, 0, 'bag', 0, 3, 0, 0, 920),
(1274, 652, 18, 1, 22, 0.66, 0, 'kg', 22, 3, 0, 0, 22),
(1275, 652, 18, 0, 0, 0, 0, 'bag', 0, 3, 0, 0, 860),
(1278, 654, 17, 0, 0, 0, 0, 'kg', 0, 3, 0, 0, 27.5),
(1279, 654, 17, 1, 1070, 32.1, 0, 'bag', 1070, 3, 0, 0, 1070),
(1280, 655, 40, 0, -405, 0, 0, 'kg', 0, 3, 0, 405.71, 29.5),
(1281, 655, 40, 1, 755, 34.8, 0, 'bag', 1160, 3, 0, 405.71, 1160),
(1398, 710, 219, 1, 350, 0, 0, 'bag', 350, 0, 0, 0, 350),
(1399, 711, 90, 1, 200, 0, 0, 'bag', 200, 0, 0, 0, 200),
(1400, 712, 90, 1, 200, 0, 0, 'bag', 200, 0, 0, 0, 200),
(1401, 713, 6, 0, 0, 0, 0, 'kg', 0, 0, 0, 0, 12.5),
(1402, 713, 6, 5, 2400, 0, 0, 'bag', 2400, 0, 0, 0, 480),
(1403, 713, 8, 0, 0, 0, 0, 'kg', 0, 0, 0, 0, 13.5),
(1404, 713, 8, 5, 2600, 0, 0, 'bag', 2600, 0, 0, 0, 520),
(1405, 713, 37, 0, 0, 0, 0, 'kg', 0, 0, 0, 0, 28.5),
(1406, 713, 37, 1, 1120, 0, 0, 'bag', 1120, 0, 0, 0, 1120),
(1407, 714, 72, 1, 200, 0, 0, 'bag', 200, 0, 0, 0, 200),
(1408, 715, 82, 0, 0, 0, 0, 'bag', 0, 0, 0, 0, 290),
(1409, 716, 82, 1, 290, 0, 0, 'bag', 290, 0, 0, 0, 290),
(1410, 717, 40, 0, 0, 0, 0, 'kg', 0, 3, 0, 0, 29.5),
(1411, 717, 40, 1, 1160, 34.8, 0, 'bag', 1160, 3, 0, 0, 1160),
(1412, 717, 6, 0, 0, 0, 0, 'kg', 0, 3, 0, 0, 12.5),
(1413, 717, 6, 1, 480, 14.4, 0, 'bag', 480, 3, 0, 0, 480),
(1415, 719, 72, 1, 200, 6, 0, 'bag', 200, 3, 0, 0, 200),
(1416, 720, 82, 1, 290, 0, 0, 'bag', 290, 0, 0, 0, 290),
(1419, 722, 8, 0, 0, 0, 0, 'kg', 0, 0, 0, 0, 13.5),
(1420, 722, 8, 1, 520, 0, 0, 'bag', 520, 0, 0, 0, 520),
(1423, 725, 5, 2, 25, 0.75, 0, 'kg', 25, 3, 0, 0, 12.5),
(1424, 725, 5, 0, 0, 0, 0, 'bag', 0, 3, 0, 0, 480),
(1427, 727, 5, 1, 13, 0.375, 0, 'kg', 12.5, 3, 0, 0, 12.5),
(1428, 727, 5, 0, 0, 0, 0, 'bag', 0, 3, 0, 0, 480),
(1439, 736, 78, 12.25, 245, 7.35, 0, 'kg', 245, 3, 0, 0, 20),
(1440, 736, 78, 0, 0, 0, 0, 'bag', 0, 3, 0, 0, 780),
(1441, 737, 18, 0, 0, 0, 0, 'kg', 0, 3, 0, 0, 22),
(1442, 737, 18, 1, 860, 25.8, 0, 'bag', 860, 3, 0, 0, 860),
(1443, 737, 38, 13.157, 500, 14.999, 0, 'kg', 499.966, 3, 0, 0, 38),
(1444, 737, 38, 0, 0, 0, 0, 'bag', 0, 3, 0, 0, 1500),
(1445, 738, 65, 0, 0, 0, 0, 'kg', 0, 3, 0, 0, 15.5),
(1446, 738, 65, 1, 450, 13.5, 0, 'bag', 450, 3, 0, 0, 450),
(1447, 738, 39, 0, 0, 0, 0, 'kg', 0, 3, 0, 0, 30.5),
(1448, 738, 39, 1, 1200, 36, 0, 'bag', 1200, 3, 0, 0, 1200),
(1449, 738, 241, 1, 23, 0.69, 0, 'bag', 23, 3, 0, 0, 23),
(1450, 738, 239, 1, 125, 3.75, 0, 'bag', 125, 3, 0, 0, 125),
(1452, 740, 72, 2, 400, 12, 0, 'bag', 400, 3, 0, 0, 200),
(1453, 741, 72, 5, 1000, 30, 0, 'bag', 1000, 3, 0, 0, 200),
(1454, 742, 149, 10, 110, 3.3, 0, 'bag', 110, 3, 0, 0, 11),
(1455, 742, 157, 10, 70, 2.1, 0, 'bag', 70, 3, 0, 0, 7),
(1456, 743, 18, 0, 0, 0, 0, 'kg', 0, 3, 0, 0, 22),
(1457, 743, 18, 1, 860, 25.8, 0, 'bag', 860, 3, 0, 0, 860),
(1458, 743, 30, 9.859, 350, 10.4999, 0, 'kg', 349.995, 3, 0, 0, 35.5),
(1459, 743, 30, 0, 0, 0, 0, 'bag', 0, 3, 0, 0, 1400),
(1460, 743, 31, 10.606, 350, 10.4999, 0, 'kg', 349.998, 3, 0, 0, 33),
(1461, 743, 31, 0, 0, 0, 0, 'bag', 0, 3, 0, 0, 1300),
(1462, 744, 239, 1, 125, 0, 0, 'bag', 125, 0, 0, 0, 125),
(1463, 744, 248, 1, 10, 0, 0, 'bag', 10, 0, 0, 0, 10),
(1464, 745, 6, 0, 0, 0, 0, 'kg', 0, 3, 0, 0, 12.5),
(1465, 745, 6, 1, 480, 14.4, 0, 'bag', 480, 3, 0, 0, 480),
(1466, 745, 34, 10.169, 300, 8.99958, 0, 'kg', 299.986, 3, 0, 0, 29.5),
(1467, 745, 34, 0, 0, 0, 0, 'bag', 0, 3, 0, 0, 1160),
(1468, 746, 28, 0, 0, 0, 0, 'kg', 0, 3, 0, 0, 36.5),
(1469, 746, 28, 1, 900, 27, 0, 'bag', 900, 3, 0, 0, 900),
(1470, 747, 40, 0, 0, 0, 0, 'kg', 0, 3, 0, 0, 29.5),
(1471, 747, 40, 1, 1160, 34.8, 0, 'bag', 1160, 3, 0, 0, 1160),
(1472, 748, 72, 1, 200, 6, 0, 'bag', 200, 3, 0, 0, 200),
(1473, 748, 6, 0, 0, 0, 0, 'kg', 0, 3, 0, 0, 12.5),
(1474, 748, 6, 1, 480, 14.4, 0, 'bag', 480, 3, 0, 0, 480),
(1475, 748, 27, 11.888, 321, 9.62928, 0, 'kg', 320.976, 3, 0, 0, 27),
(1476, 748, 27, 0, 0, 0, 0, 'bag', 0, 3, 0, 0, 1060),
(1477, 749, 232, 2.222, 49.995, 0, 0, 'kg', 49.995, 0, 0, 0, 22.5),
(1478, 749, 232, 0, 0, 0, 0, 'bag', 0, 0, 0, 0, 900),
(1479, 749, 72, 2, 400, 0, 0, 'bag', 400, 0, 0, 0, 200),
(1480, 749, 82, 1, 290, 0, 0, 'bag', 290, 0, 0, 0, 290),
(1481, 749, 37, 0, 0, 0, 0, 'kg', 0, 0, 0, 0, 28.5),
(1482, 749, 37, 1, 1120, 0, 0, 'bag', 1120, 0, 0, 0, 1120),
(1483, 749, 35, 0, 0, 0, 0, 'kg', 0, 0, 0, 0, 32.5),
(1484, 749, 35, 1, 1280, 0, 0, 'bag', 1280, 0, 0, 0, 1280),
(1485, 750, 8, 0, 0, 0, 0, 'kg', 0, 0, 0, 0, 13.5),
(1486, 750, 8, 1, 520, 0, 0, 'bag', 520, 0, 0, 0, 520),
(1487, 750, 72, 1, 200, 0, 0, 'bag', 200, 0, 0, 0, 200),
(1488, 750, 82, 1, 290, 0, 0, 'bag', 290, 0, 0, 0, 290),
(1489, 750, 6, 0, 0, 0, 0, 'kg', 0, 0, 0, 0, 12.5),
(1490, 750, 6, 3, 1440, 0, 0, 'bag', 1440, 0, 0, 0, 480),
(1491, 750, 249, 1, 20, 0, 0, 'bag', 20, 0, 0, 0, 20),
(1492, 751, 55, 22.727, 499.994, 0, 0, 'kg', 499.994, 0, 0, 0, 22),
(1493, 751, 55, 0, 0, 0, 0, 'bag', 0, 0, 0, 0, 535),
(1494, 751, 34, 5.423, 159.979, 0, 0, 'kg', 159.979, 0, 0, 0, 29.5),
(1495, 751, 34, 0, 0, 0, 0, 'bag', 0, 0, 0, 0, 1160),
(1496, 751, 42, 2.836, 199.938, 0, 0, 'kg', 199.938, 0, 0, 0, 70.5),
(1497, 751, 42, 0, 0, 0, 0, 'bag', 0, 0, 0, 0, 1750),
(1498, 751, 164, 17.351, 320.993, 0, 0, 'kg', 320.993, 0, 0, 0, 18.5),
(1499, 751, 164, 0, 0, 0, 0, 'bag', 0, 0, 0, 0, 720),
(1500, 752, 17, 0, 0, 0, 0, 'kg', 0, 3, 0, 0, 27.5),
(1501, 752, 17, 1, 1070, 32.1, 0, 'bag', 1070, 3, 0, 0, 1070),
(1502, 753, 17, 0, 0, 0, 0, 'kg', 0, 0, 0, 0, 27.5),
(1503, 753, 17, 1, 1070, 0, 0, 'bag', 1070, 0, 0, 0, 1070),
(1504, 753, 6, 0, 0, 0, 0, 'kg', 0, 0, 0, 0, 12.5),
(1505, 753, 6, 2, 960, 0, 0, 'bag', 960, 0, 0, 0, 480),
(1506, 753, 42, 2.836, 199.938, 0, 0, 'kg', 199.938, 0, 0, 0, 70.5),
(1507, 753, 42, 0, 0, 0, 0, 'bag', 0, 0, 0, 0, 1750),
(1508, 753, 249, 1, 20, 0, 0, 'bag', 20, 0, 0, 0, 20),
(1509, 754, 17, 0, 0, 0, 0, 'kg', 0, 0, 0, 0, 27.5),
(1510, 754, 17, 1, 1070, 0, 0, 'bag', 1070, 0, 0, 0, 1070),
(1511, 754, 6, 0, 0, 0, 0, 'kg', 0, 0, 0, 0, 12.5),
(1512, 754, 6, 2, 960, 0, 0, 'bag', 960, 0, 0, 0, 480),
(1513, 754, 42, 2.836, 199.938, 0, 0, 'kg', 199.938, 0, 0, 0, 70.5),
(1514, 754, 42, 0, 0, 0, 0, 'bag', 0, 0, 0, 0, 1750),
(1515, 754, 249, 1, 20, 0, 0, 'bag', 20, 0, 0, 0, 20),
(1516, 755, 67, 17.142, 300, 8.99955, 0, 'kg', 299.985, 3, 0, 0, 17.5),
(1517, 755, 67, 0, 0, 0, 0, 'bag', 0, 3, 0, 0, 680),
(1518, 755, 15, 10.344, 300, 8.99928, 0, 'kg', 299.976, 3, 0, 0, 29),
(1519, 755, 15, 0, 0, 0, 0, 'bag', 0, 3, 0, 0, 1140),
(1521, 757, 39, 0, 0, 0, 0, 'kg', 0, 0, 0, 0, 30.5),
(1522, 757, 39, 3, 3528, 0, 72, 'bag', 3600, 0, 2, 0, 1200),
(1523, 757, 40, 0, 0, 0, 0, 'kg', 0, 0, 0, 0, 29.5),
(1524, 757, 40, 1, 1137, 0, 23, 'bag', 1160, 0, 2, 0, 1160),
(1525, 758, 35, 1.538, 50, 1.49955, 0, 'kg', 49.985, 3, 0, 0, 32.5),
(1526, 758, 35, 0, 0, 0, 0, 'bag', 0, 3, 0, 0, 1280),
(1527, 758, 52, 11.764, 300, 8.99946, 0, 'kg', 299.982, 3, 0, 0, 25.5),
(1528, 758, 52, 0, 0, 0, 0, 'bag', 0, 3, 0, 0, 620),
(1529, 758, 27, 12.962, 350, 10.4992, 0, 'kg', 349.974, 3, 0, 0, 27),
(1530, 758, 27, 0, 0, 0, 0, 'bag', 0, 3, 0, 0, 1060),
(1531, 758, 167, 17.142, 300, 8.99955, 0, 'kg', 299.985, 3, 0, 0, 17.5),
(1532, 758, 167, 0, 0, 0, 0, 'bag', 0, 3, 0, 0, 595),
(1533, 759, 27, 19.814, 534.978, 0, 0, 'kg', 534.978, 0, 0, 0, 27),
(1534, 759, 27, 0, 0, 0, 0, 'bag', 0, 0, 0, 0, 1060),
(1535, 759, 67, 0, 0, 0, 0, 'kg', 0, 0, 0, 0, 17.5),
(1536, 759, 67, 1, 680, 0, 0, 'bag', 680, 0, 0, 0, 680),
(1537, 759, 234, 1, 180, 0, 0, 'bag', 180, 0, 0, 0, 180),
(1538, 759, 237, 1, 130, 0, 0, 'bag', 130, 0, 0, 0, 130),
(1539, 760, 65, 0, 0, 0, 0, 'kg', 0, 0, 0, 0, 15.5),
(1540, 760, 65, 1, 441, 0, 9, 'bag', 450, 0, 2, 0, 450),
(1541, 761, 14, 0, 0, 0, 0, 'kg', 0, 3, 0, 0, 22.5),
(1542, 761, 14, 1, 880, 26.4, 0, 'bag', 880, 3, 0, 0, 880),
(1543, 762, 66, 0, 0, 0, 0, 'kg', 0, 3, 0, 0, 13.5),
(1544, 762, 66, 1, 455, 13.65, 0, 'bag', 455, 3, 0, 0, 455),
(1545, 763, 39, 0, 0, 0, 0, 'kg', 0, 3, 0, 0, 30.5),
(1546, 763, 39, 1, 1200, 36, 0, 'bag', 1200, 3, 0, 0, 1200),
(1547, 763, 34, 0, 0, 0, 0, 'kg', 0, 3, 0, 0, 29.5),
(1548, 763, 34, 1, 1160, 34.8, 0, 'bag', 1160, 3, 0, 0, 1160),
(1549, 763, 67, 0, 0, 0, 0, 'kg', 0, 3, 0, 0, 17.5),
(1550, 763, 67, 1, 680, 20.4, 0, 'bag', 680, 3, 0, 0, 680),
(1551, 764, 29, 0, 0, 0, 0, 'kg', 0, 3, 0, 0, 28),
(1552, 764, 29, 1, 1100, 33, 0, 'bag', 1100, 3, 0, 0, 1100),
(1553, 765, 72, 1, 196, 0, 4, 'bag', 200, 0, 2, 0, 200),
(1554, 766, 8, 20.37, 275, 8.24985, 0, 'kg', 274.995, 3, 0, 0, 13.5),
(1555, 766, 8, 0, 0, 0, 0, 'bag', 0, 3, 0, 0, 520),
(1556, 766, 32, 21.29, 660, 19.7997, 0, 'kg', 659.99, 3, 0, 0, 31),
(1557, 766, 32, 0, 0, 0, 0, 'bag', 0, 3, 0, 0, 1220),
(1558, 767, 67, 0, 0, 0, 0, 'kg', 0, 3, 0, 0, 17.5),
(1559, 767, 67, 3, 2040, 61.2, 0, 'bag', 2040, 3, 0, 0, 680),
(1560, 767, 13, 0, 0, 0, 0, 'kg', 0, 3, 0, 0, 23.5),
(1561, 767, 13, 1, 920, 27.6, 0, 'bag', 920, 3, 0, 0, 920),
(1562, 768, 37, 0, 0, 0, 0, 'kg', 0, 0, 0, 0, 28.5),
(1563, 768, 37, 1, 1098, 0, 22, 'bag', 1120, 0, 2, 0, 1120),
(1564, 768, 6, 0, 0, 0, 0, 'kg', 0, 0, 0, 0, 12.5),
(1565, 768, 6, 1, 471, 0, 9, 'bag', 480, 0, 2, 0, 480),
(1566, 768, 35, 2.153, 70, 0, -0.0275, 'kg', 69.9725, 0, 0, 0, 32.5),
(1567, 768, 35, 0, 0, 0, 0, 'bag', 0, 0, 0, 0, 1280),
(1568, 768, 67, 0, 0, 0, 0, 'kg', 0, 0, 0, 0, 17.5),
(1569, 768, 67, 1, 667, 0, 13, 'bag', 680, 0, 2, 0, 680),
(1570, 769, 67, 0, 0, 0, 0, 'kg', 0, 0, 0, 0, 17.5),
(1571, 769, 67, 2, 1333, 0, 27, 'bag', 1360, 0, 2, 0, 680),
(1572, 770, 32, 0, 0, 0, 0, 'kg', 0, 3, 0, 0, 31),
(1573, 770, 32, 2, 2440, 73.2, 0, 'bag', 2440, 3, 0, 0, 1220),
(1574, 771, 27, 11.111, 300, 8.99991, 0, 'kg', 299.997, 3, 0, 0, 27),
(1575, 771, 27, 0, 0, 0, 0, 'bag', 0, 3, 0, 0, 1060),
(1576, 771, 29, 10.714, 300, 8.99976, 0, 'kg', 299.992, 3, 0, 0, 28),
(1577, 771, 29, 0, 0, 0, 0, 'bag', 0, 3, 0, 0, 1100),
(1578, 771, 33, 11.076, 360, 10.7991, 0, 'kg', 359.97, 3, 0, 0, 32.5),
(1579, 771, 33, 0, 0, 0, 0, 'bag', 0, 3, 0, 0, 1280),
(1580, 771, 39, 14.262, 435, 13.0497, 0, 'kg', 434.991, 3, 0, 0, 30.5),
(1581, 771, 39, 0, 0, 0, 0, 'bag', 0, 3, 0, 0, 1200),
(1582, 771, 40, 5.762, 170, 5.09937, 0, 'kg', 169.979, 3, 0, 0, 29.5),
(1583, 771, 40, 0, 0, 0, 0, 'bag', 0, 3, 0, 0, 1160),
(1584, 772, 82, 1, 290, 0, 0, 'bag', 290, 0, 0, 0, 290),
(1585, 772, 24, 0, 0, 0, 0, 'kg', 0, 0, 0, 0, 26),
(1586, 772, 24, 1, 1020, 0, 0, 'bag', 1020, 0, 0, 0, 1020),
(1587, 773, 82, 1, 290, 0, 0, 'bag', 290, 0, 0, 0, 290),
(1588, 773, 24, 0, 0, 0, 0, 'kg', 0, 0, 0, 0, 26),
(1589, 773, 24, 1, 1020, 0, 0, 'bag', 1020, 0, 0, 0, 1020),
(1590, 774, 72, 1, 200, 6, 0, 'bag', 200, 3, 0, 0, 200),
(1591, 775, 82, 1, 290, 0, 0, 'bag', 290, 0, 0, 0, 290),
(1592, 776, 24, 0, 0, 0, 0, 'kg', 0, 0, 0, 0, 26),
(1593, 776, 24, 1, 1020, 0, 0, 'bag', 1020, 0, 0, 0, 1020),
(1594, 777, 82, 1, 290, 0, 0, 'bag', 290, 0, 0, 0, 290),
(1595, 778, 24, 0, 0, 0, 0, 'kg', 0, 0, 0, 0, 26),
(1596, 778, 24, 1, 1020, 0, 0, 'bag', 1020, 0, 0, 0, 1020),
(1597, 779, 28, 0, 0, 0, 0, 'kg', 0, 3, 0, 0, 36.5),
(1598, 779, 28, 1, 900, 27, 0, 'bag', 900, 3, 0, 0, 900),
(1599, 779, 98, 4.375, 35, 1.05, 0, 'kg', 35, 3, 0, 0, 8),
(1600, 779, 98, 0, 0, 0, 0, 'bag', 0, 3, 0, 0, 225),
(1601, 779, 81, 41.764, 710, 21.2996, 0, 'kg', 709.988, 3, 0, 0, 17),
(1602, 779, 81, 0, 0, 0, 0, 'bag', 0, 3, 0, 0, 660),
(1603, 779, 183, 1, 470, 14.1, 0, 'bag', 470, 3, 0, 0, 470),
(1604, 780, 40, 51.118, 1508, 45.2394, 0, 'kg', 1507.98, 3, 0, 0, 29.5),
(1605, 780, 40, 0, 0, 0, 0, 'bag', 0, 3, 0, 0, 1160),
(1606, 781, 181, 1, 200, 6, 0, 'bag', 200, 3, 0, 0, 200),
(1607, 782, 32, 0, 0, 0, 0, 'kg', 0, 3, 0, 0, 31),
(1608, 782, 32, 2, 2440, 73.2, 0, 'bag', 2440, 3, 0, 0, 1220),
(1609, 783, 175, 1, 2150, 64.5, 0, 'bag', 2150, 3, 0, 0, 2150),
(1610, 784, 67, 90.057, 1545, 0, 31, 'kg', 1576, 0, 2, 0, 17.5),
(1611, 784, 67, 0, 0, 0, 0, 'bag', 0, 0, 0, 0, 680),
(1612, 785, 18, 0, 0, 0, 0, 'kg', 0, 3, 0, 0, 22),
(1613, 785, 18, 1, 860, 25.8, 0, 'bag', 860, 3, 0, 0, 860),
(1614, 786, 143, 120, 2160, 64.8, 0, 'kg', 2160, 3, 0, 0, 18),
(1615, 786, 143, 0, 0, 0, 0, 'bag', 0, 3, 0, 0, 700),
(1616, 787, 67, 0, 0, 0, 0, 'kg', 0, 3, 0, 0, 17.5),
(1617, 787, 67, 2, 1360, 40.8, 0, 'bag', 1360, 3, 0, 0, 680),
(1618, 788, 6, 194.4, 2430, 72.9, 0, 'kg', 2430, 3, 0, 0, 12.5),
(1619, 788, 6, 0, 0, 0, 0, 'bag', 0, 3, 0, 0, 480),
(1620, 789, 67, 0, 0, 0, 0, 'kg', 0, 0, 0, 0, 17.5),
(1621, 789, 67, 1, 680, 0, 0, 'bag', 680, 0, 0, 0, 680),
(1622, 790, 67, 0, 0, 0, 0, 'kg', 0, 0, 0, 0, 17.5),
(1623, 790, 67, 1, 680, 0, 0, 'bag', 680, 0, 0, 0, 680),
(1624, 791, 67, 0, 0, 0, 0, 'kg', 0, 0, 0, 0, 17.5),
(1625, 791, 67, 1, 680, 0, 0, 'bag', 680, 0, 0, 0, 680),
(1632, 793, 27, 1, 27, 0, 0, 'kg', 27, 0, 0, 0, 27),
(1633, 793, 27, 0, 0, 0, 0, 'bag', 0, 0, 0, 0, 1060),
(1634, 793, 16, 0, 0, 0, 0, 'kg', 0, 0, 0, 0, 34.5),
(1635, 793, 16, 5, 6800, 0, 0, 'bag', 6800, 0, 0, 0, 1360),
(1636, 793, 5, 56, 700, 0, 0, 'kg', 700, 0, 0, 0, 12.5),
(1637, 793, 5, 0, 0, 0, 0, 'bag', 0, 0, 0, 0, 480),
(1638, 794, 28, 0, 0, 0, 0, 'kg', 0, 0, 0, 0, 36.5),
(1639, 794, 28, 1, 900, 0, 0, 'bag', 900, 0, 0, 0, 900),
(1640, 794, 46, 2, 51, 0, 0, 'kg', 51, 0, 0, 0, 25.5),
(1641, 794, 46, 0, 0, 0, 0, 'bag', 0, 0, 0, 0, 625),
(1642, 795, 121, 10, 750, 0, 0, 'bag', 750, 0, 0, 0, 75),
(1643, 795, 166, 0, 0, 0, 0, 'kg', 0, 0, 0, 0, 19),
(1644, 795, 166, 1, 740, 0, 0, 'bag', 740, 0, 0, 0, 740),
(1645, 795, 67, 15.714, 274.995, 0, 0, 'kg', 274.995, 0, 0, 0, 17.5),
(1646, 795, 67, 0, 0, 0, 0, 'bag', 0, 0, 0, 0, 680),
(1647, 796, 52, 2.47, 62.985, 0, 0, 'kg', 62.985, 0, 0, 0, 25.5),
(1648, 796, 52, 0, 0, 0, 0, 'bag', 0, 0, 0, 0, 620),
(1649, 797, 40, 0, 0, 0, 0, 'kg', 0, 3, 0, 0, 29.5),
(1650, 797, 40, 1, 1160, 34.8, 0, 'bag', 1160, 3, 0, 0, 1160),
(1651, 797, 6, 10, 125, 3.75, 0, 'kg', 125, 3, 0, 0, 12.5),
(1652, 797, 6, 0, 0, 0, 0, 'bag', 0, 3, 0, 0, 480),
(1653, 798, 5, 0, 0, 0, 0, 'kg', 0, 3, 0, 0, 12.5),
(1654, 798, 5, 1, 480, 14.4, 0, 'bag', 480, 3, 0, 0, 480),
(1655, 798, 76, 24.827, 360, 10.7997, 0, 'kg', 359.991, 3, 0, 0, 14.5),
(1656, 798, 76, 0, 0, 0, 0, 'bag', 0, 3, 0, 0, 560),
(1657, 798, 7, 19.565, 225, 6.74991, 0, 'kg', 224.997, 3, 0, 0, 11.5),
(1658, 798, 7, 0, 0, 0, 0, 'bag', 0, 3, 0, 0, 440),
(1659, 798, 142, 0, 0, 0, 0, 'kg', 0, 3, 0, 0, 18),
(1660, 798, 142, 1, 700, 21, 0, 'bag', 700, 3, 0, 0, 700),
(1661, 798, 72, 1, 200, 6, 0, 'bag', 200, 3, 0, 0, 200),
(1662, 799, 67, 0, 0, 0, 0, 'kg', 0, 3, 0, 0, 17.5),
(1663, 799, 67, 1, 680, 20.4, 0, 'bag', 680, 3, 0, 0, 680),
(1664, 799, 17, 0, 0, 0, 0, 'kg', 0, 3, 0, 0, 27.5),
(1665, 799, 17, 2, 2140, 64.2, 0, 'bag', 2140, 3, 0, 0, 1070),
(1668, 801, 234, 4, 720, 21.6, 0, 'bag', 720, 3, 0, 0, 180),
(1669, 801, 101, 5.245, 160, 4.79919, 0, 'kg', 159.973, 3, 0, 0, 30.5),
(1670, 801, 101, 0, 0, 0, 0, 'bag', 0, 3, 0, 0, 1200),
(1671, 802, 18, 0, 0, 0, 0, 'kg', 0, 3, 0, 0, 22),
(1672, 802, 18, 2, 1720, 51.6, 0, 'bag', 1720, 3, 0, 0, 860),
(1673, 803, 34, 0, 0, 0, 0, 'kg', 0, 3, 0, 0, 29.5),
(1674, 803, 34, 1, 1160, 34.8, 0, 'bag', 1160, 3, 0, 0, 1160),
(1675, 804, 72, 1, 200, 6, 0, 'bag', 200, 3, 0, 0, 200),
(1676, 805, 72, 2, 400, 0, 0, 'bag', 400, 0, 0, 0, 200),
(1677, 805, 80, 10.81, 199.985, 0, 0, 'kg', 199.985, 0, 0, 0, 18.5),
(1678, 805, 80, 0, 0, 0, 0, 'bag', 0, 0, 0, 0, 720),
(1679, 805, 18, 0, 0, 0, 0, 'kg', 0, 0, 0, 0, 22),
(1680, 805, 18, 2, 1720, 0, 0, 'bag', 1720, 0, 0, 0, 860),
(1681, 805, 40, 0, 0, 0, 0, 'kg', 0, 0, 0, 0, 29.5),
(1682, 805, 40, 2, 2320, 0, 0, 'bag', 2320, 0, 0, 0, 1160),
(1683, 805, 27, 3.703, 99.981, 0, 0, 'kg', 99.981, 0, 0, 0, 27),
(1684, 805, 27, 0, 0, 0, 0, 'bag', 0, 0, 0, 0, 1060),
(1685, 806, 9, 10.212, 337, 10.1099, 0, 'kg', 336.996, 3, 0, 0, 33),
(1686, 806, 9, 0, 0, 0, 0, 'bag', 0, 3, 0, 0, 1300),
(1687, 807, 65, 0, 0, 0, 0, 'kg', 0, 3, 0, 0, 15.5),
(1688, 807, 65, 1, 450, 13.5, 0, 'bag', 450, 3, 0, 0, 450),
(1689, 807, 13, 0, 0, 0, 0, 'kg', 0, 3, 0, 0, 23.5),
(1690, 807, 13, 1, 920, 27.6, 0, 'bag', 920, 3, 0, 0, 920),
(1691, 807, 67, 0, 0, 0, 0, 'kg', 0, 3, 0, 0, 17.5),
(1692, 807, 67, 1, 680, 20.4, 0, 'bag', 680, 3, 0, 0, 680),
(1693, 807, 28, 20.136, 735, 22.0489, 0, 'kg', 734.964, 3, 0, 0, 36.5),
(1694, 807, 28, 0, 0, 0, 0, 'bag', 0, 3, 0, 0, 900),
(1695, 808, 40, 0, 0, 0, 0, 'kg', 0, 3, 0, 0, 29.5),
(1696, 808, 40, 2, 2320, 69.6, 0, 'bag', 2320, 3, 0, 0, 1160),
(1697, 808, 67, 0, 0, 0, 0, 'kg', 0, 3, 0, 0, 17.5),
(1698, 808, 67, 2, 1360, 40.8, 0, 'bag', 1360, 3, 0, 0, 680),
(1699, 808, 31, 0, 0, 0, 0, 'kg', 0, 3, 0, 0, 33),
(1700, 808, 31, 2, 2600, 78, 0, 'bag', 2600, 3, 0, 0, 1300),
(1701, 809, 12, 23.084, 668, 0, 12.978, 'kg', 680.978, 0, 2, 0, 29.5),
(1702, 809, 12, 0, 0, 0, 0, 'bag', 0, 0, 0, 0, 1160),
(1703, 810, 7, 61.478, 707, 21.2099, 0, 'kg', 706.997, 3, 0, 0, 11.5),
(1704, 810, 7, 0, 0, 0, 0, 'bag', 0, 3, 0, 0, 440),
(1705, 810, 5, 0, 0, 0, 0, 'kg', 0, 3, 0, 0, 12.5),
(1706, 810, 5, 2, 960, 28.8, 0, 'bag', 960, 3, 0, 0, 480),
(1707, 810, 6, 0, 0, 0, 0, 'kg', 0, 3, 0, 0, 12.5),
(1708, 810, 6, 1, 480, 14.4, 0, 'bag', 480, 3, 0, 0, 480),
(1709, 810, 101, 16.065, 490, 14.6995, 0, 'kg', 489.983, 3, 0, 0, 30.5),
(1710, 810, 101, 0, 0, 0, 0, 'bag', 0, 3, 0, 0, 1200),
(1711, 810, 72, 2, 400, 12, 0, 'bag', 400, 3, 0, 0, 200),
(1712, 811, 27, 0, 0, 0, 0, 'kg', 0, 0, 0, 0, 27),
(1713, 811, 27, 2, 2120, 0, 0, 'bag', 2120, 0, 0, 0, 1060),
(1714, 811, 7, 0, 0, 0, 0, 'kg', 0, 0, 0, 0, 11.5),
(1715, 811, 7, 1, 440, 0, 0, 'bag', 440, 0, 0, 0, 440),
(1716, 812, 14, 0, 0, 0, 0, 'kg', 0, 3, 0, 0, 22.5),
(1717, 812, 14, 4, 3520, 105.6, 0, 'bag', 3520, 3, 0, 0, 880),
(1718, 813, 18, 0, 0, 0, 0, 'kg', 0, 0, 0, 0, 22),
(1719, 813, 18, 1, 843, 0, 17, 'bag', 860, 0, 2, 0, 860),
(1724, 816, 164, 0, 0, 0, 0, 'kg', 0, 0, 0, 0, 18.5),
(1725, 816, 164, 1, 720, 0, 0, 'bag', 720, 0, 0, 0, 720),
(1726, 817, 142, 0, 0, 0, 0, 'kg', 0, 0, 0, 0, 18),
(1727, 817, 142, 1, 700, 0, 0, 'bag', 700, 0, 0, 0, 700),
(1728, 818, 6, 4.8, 60, 0, 0, 'kg', 60, 0, 0, 0, 12.5),
(1729, 818, 6, 0, 0, 0, 0, 'bag', 0, 0, 0, 0, 480),
(1730, 818, 36, 3.018, 79.977, 0, 0, 'kg', 79.977, 0, 0, 0, 26.5),
(1731, 818, 36, 0, 0, 0, 0, 'bag', 0, 0, 0, 0, 1040),
(1732, 818, 134, 0.851, 99.9925, 0, 0, 'kg', 99.9925, 0, 0, 0, 117.5),
(1733, 818, 134, 0, 0, 0, 0, 'bag', 0, 0, 0, 0, 1170),
(1734, 819, 6, 0, 0, 0, 0, 'kg', 0, 0, 0, 0, 12.5),
(1735, 819, 6, 1, 471, 0, 9, 'bag', 480, 0, 2, 0, 480),
(1736, 820, 166, 0, 0, 0, 0, 'kg', 0, 0, 0, 0, 19),
(1737, 820, 166, 1, 740, 0, 0, 'bag', 740, 0, 0, 0, 740),
(1738, 820, 240, 1, 23, 0, 0, 'bag', 23, 0, 0, 0, 23),
(1743, 822, 166, 21.842, 414.998, 0, 0, 'kg', 414.998, 0, 0, 0, 19),
(1744, 822, 166, 0, 0, 0, 0, 'bag', 0, 0, 0, 0, 740),
(1745, 822, 242, 1, 26, 0, 0, 'bag', 26, 0, 0, 0, 26),
(1746, 822, 249, 2, 40, 0, 0, 'bag', 40, 0, 0, 0, 20),
(1752, 825, 230, 1, 245, 0, 0, 'bag', 245, 0, 0, 0, 245),
(1753, 825, 67, 0, 0, 0, 0, 'kg', 0, 0, 0, 0, 17.5),
(1754, 825, 67, 1, 680, 0, 0, 'bag', 680, 0, 0, 0, 680),
(1755, 826, 72, 1, 200, 0, 0, 'bag', 200, 0, 0, 0, 200),
(1756, 827, 72, 1, 200, 6, 0, 'bag', 200, 3, 0, 0, 200),
(1757, 827, 67, 0, 0, 0, 0, 'kg', 0, 3, 0, 0, 17.5),
(1758, 827, 67, 1, 680, 20.4, 0, 'bag', 680, 3, 0, 0, 680),
(1761, 829, 52, 7.843, 199.997, 0, 0, 'kg', 199.997, 0, 0, 0, 25.5),
(1762, 829, 52, 0, 0, 0, 0, 'bag', 0, 0, 0, 0, 620),
(1765, 831, 248, 2, 20, 0, 0, 'bag', 20, 0, 0, 0, 10),
(1770, 833, 31, 12.878, 424.974, 0, 0, 'kg', 424.974, 0, 0, 0, 33),
(1771, 833, 31, 0, 0, 0, 0, 'bag', 0, 0, 0, 0, 1300),
(1772, 833, 78, 7.5, 150, 0, 0, 'kg', 150, 0, 0, 0, 20),
(1773, 833, 78, 0, 0, 0, 0, 'bag', 0, 0, 0, 0, 780),
(1774, 834, 72, 1, 200, 0, 0, 'bag', 200, 0, 0, 0, 200),
(1775, 834, 65, 0, 0, 0, 0, 'kg', 0, 0, 0, 0, 15.5),
(1776, 834, 65, 1, 450, 0, 0, 'bag', 450, 0, 0, 0, 450),
(1777, 835, 61, 20.769, 269.997, 0, 0, 'kg', 269.997, 0, 0, 0, 13),
(1778, 835, 61, 0, 0, 0, 0, 'bag', 0, 0, 0, 0, 500),
(1779, 836, 72, 1, 200, 6, 0, 'bag', 200, 3, 0, 0, 200),
(1780, 837, 82, 1, 290, 0, 0, 'bag', 290, 0, 0, 0, 290),
(1781, 838, 127, 0, 0, 0, 0, 'kg', 0, 0, 0, 0, 36.5),
(1782, 838, 127, 1, 360, 0, 0, 'bag', 360, 0, 0, 0, 360),
(1787, 840, 66, 0, 0, 0, 0, 'kg', 0, 0, 0, 0, 13.5),
(1788, 840, 66, 2, 892, 0, 18, 'bag', 910, 0, 2, 0, 455),
(1789, 840, 10, 0, 0, 0, 0, 'kg', 0, 0, 0, 0, 31),
(1790, 840, 10, 1, 1196, 0, 24, 'bag', 1220, 0, 2, 0, 1220),
(1791, 841, 29, 95.642, 2333, 69.9623, 0, 'kg', 2677.98, 3, 0, 345.907, 28),
(1792, 841, 29, 0, 0, 0, 0, 'bag', 0, 3, 0, 0, 1100),
(1793, 842, 72, 1, 200, 0, 0, 'bag', 200, 0, 0, 0, 200),
(1794, 843, 65, 9.677, 149.993, 0, 0, 'kg', 149.993, 0, 0, 0, 15.5),
(1795, 843, 65, 0, 0, 0, 0, 'bag', 0, 0, 0, 0, 450),
(1796, 844, 6, 0, 0, 0, 0, 'kg', 0, 0, 0, 0, 12.5),
(1797, 844, 6, 2, 960, 0, 0, 'bag', 960, 0, 0, 0, 480),
(1798, 844, 160, 5, 227.5, 0, 0, 'kg', 227.5, 0, 0, 0, 45.5),
(1799, 844, 160, 0, 0, 0, 0, 'bag', 0, 0, 0, 0, 45.5),
(1800, 845, 61, 192.307, 2500, 74.9997, 0, 'kg', 2499.99, 3, 0, 0, 13),
(1801, 845, 61, 0, 0, 0, 0, 'bag', 0, 3, 0, 0, 500),
(1802, 846, 66, 0, 0, 0, 0, 'kg', 0, 3, 0, 0, 13.5),
(1803, 846, 66, 1, 455, 13.65, 0, 'bag', 455, 3, 0, 0, 455),
(1804, 846, 82, 1, 290, 8.7, 0, 'bag', 290, 3, 0, 0, 290),
(1805, 847, 9, 4.848, 105, 3.14242, 0, 'kg', 159.984, 3, 0, 55.2405, 33),
(1806, 847, 9, 0, 0, 0, 0, 'bag', 0, 3, 0, 0, 1300),
(1807, 847, 10, 10.322, 265, 7.94236, 0, 'kg', 319.982, 3, 0, 55.2405, 31),
(1808, 847, 10, 0, 0, 0, 0, 'bag', 0, 3, 0, 0, 1220),
(1809, 848, 164, 0, 0, 0, 0, 'kg', 0, 3, 0, 0, 18.5),
(1810, 848, 164, 1, 720, 21.6, 0, 'bag', 720, 3, 0, 0, 720),
(1811, 848, 67, 10.285, 180, 5.39964, 0, 'kg', 179.988, 3, 0, 0, 17.5),
(1812, 848, 67, 0, 0, 0, 0, 'bag', 0, 3, 0, 0, 680),
(1813, 849, 65, 238.709, 3700, 111, 0, 'kg', 3699.99, 3, 0, 0, 15.5),
(1814, 849, 65, 0, 0, 0, 0, 'bag', 0, 3, 0, 0, 450),
(1815, 850, 19, 23.255, 500, 14.9995, 0, 'kg', 499.983, 3, 0, 0, 21.5),
(1816, 850, 19, 0, 0, 0, 0, 'bag', 0, 3, 0, 0, 840),
(1817, 851, 33, 0, 0, 0, 0, 'kg', 0, 3, 0, 0, 32.5),
(1818, 851, 33, 1, 1280, 38.4, 0, 'bag', 1280, 3, 0, 0, 1280),
(1819, 852, 6, 0, 0, 0, 0, 'kg', 0, 0, 0, 0, 12.5),
(1820, 852, 6, 2, 941, 0, 19, 'bag', 960, 0, 2, 0, 480),
(1821, 853, 82, 1, 290, 8.7, 0, 'bag', 290, 3, 0, 0, 290),
(1822, 853, 65, 0, 0, 0, 0, 'kg', 0, 3, 0, 0, 15.5),
(1823, 853, 65, 1, 450, 13.5, 0, 'bag', 450, 3, 0, 0, 450),
(1824, 854, 18, 0, 0, 0, 0, 'kg', 0, 3, 0, 0, 22),
(1825, 854, 18, 2, 1720, 51.6, 0, 'bag', 1720, 3, 0, 0, 860),
(1826, 855, 6, 0, 0, 0, 0, 'kg', 0, 3, 0, 0, 12.5),
(1827, 855, 6, 1, 480, 14.4, 0, 'bag', 480, 3, 0, 0, 480),
(1828, 856, 143, 0, 0, 0, 0, 'kg', 0, 3, 0, 0, 18),
(1829, 856, 143, 2, 1400, 42, 0, 'bag', 1400, 3, 0, 0, 700),
(1830, 856, 5, 0, 0, 0, 0, 'kg', 0, 3, 0, 0, 12.5),
(1831, 856, 5, 1, 480, 14.4, 0, 'bag', 480, 3, 0, 0, 480),
(1832, 856, 163, 0, 0, 0, 0, 'kg', 0, 3, 0, 0, 18),
(1833, 856, 163, 1, 700, 21, 0, 'bag', 700, 3, 0, 0, 700),
(1834, 857, 40, 0, 0, 0, 0, 'kg', 0, 3, 0, 0, 29.5),
(1835, 857, 40, 1, 1160, 34.8, 0, 'bag', 1160, 3, 0, 0, 1160),
(1836, 858, 72, 5, 1000, 30, 0, 'bag', 1000, 3, 0, 0, 200),
(1837, 859, 72, 5, 1000, 30, 0, 'bag', 1000, 3, 0, 0, 200),
(1838, 860, 141, 17, 187, 5.61, 0, 'bag', 187, 3, 0, 0, 11),
(1839, 861, 82, 1, 290, 0, 0, 'bag', 290, 0, 0, 0, 290),
(1840, 861, 72, 1, 200, 0, 0, 'bag', 200, 0, 0, 0, 200),
(1841, 861, 17, 0, 0, 0, 0, 'kg', 0, 0, 0, 0, 27.5),
(1842, 861, 17, 1, 1070, 0, 0, 'bag', 1070, 0, 0, 0, 1070),
(1843, 861, 160, 1.098, 49.959, 0, 0, 'kg', 49.959, 0, 0, 0, 45.5),
(1844, 861, 160, 0, 0, 0, 0, 'bag', 0, 0, 0, 0, 45.5),
(1845, 862, 12, 0, 0, 0, 0, 'kg', 0, 3, 0, 0, 29.5),
(1846, 862, 12, 1, 1129, 33.8682, 0, 'bag', 1160, 3, 0, 31.0609, 1160),
(1847, 862, 131, 1, 34, 1.01817, 0, 'bag', 65, 3, 0, 31.0609, 65),
(1848, 862, 132, 0, 0, 0, 0, 'kg', 0, 3, 0, 0, 74),
(1849, 862, 132, 2, 2169, 65.0682, 0, 'bag', 2200, 3, 0, 31.0609, 1100),
(1850, 862, 5, 10, 94, 2.81817, 0, 'kg', 125, 3, 0, 31.0609, 12.5),
(1851, 862, 5, 5, 2369, 71.0682, 0, 'bag', 2400, 3, 0, 31.0609, 480),
(1852, 862, 128, 0, 0, 0, 0, 'kg', 0, 3, 0, 0, 34.5),
(1853, 862, 128, 1, 139, 4.16817, 0, 'bag', 170, 3, 0, 31.0609, 170),
(1854, 862, 6, 20, 219, 6.56817, 0, 'kg', 250, 3, 0, 31.0609, 12.5),
(1855, 862, 6, 0, 0, 0, 0, 'bag', 0, 3, 0, 0, 480),
(1856, 862, 27, 0, 0, 0, 0, 'kg', 0, 3, 0, 0, 27),
(1857, 862, 27, 3, 3149, 94.4682, 0, 'bag', 3180, 3, 0, 31.0609, 1060),
(1858, 862, 135, 10, 2719, 81.5682, 0, 'bag', 2750, 3, 0, 31.0609, 275),
(1859, 862, 129, 0, 0, 0, 0, 'kg', 0, 3, 0, 0, 33.5),
(1860, 862, 129, 10, 3269, 98.0682, 0, 'bag', 3300, 3, 0, 31.0609, 330),
(1861, 863, 5, 0, 0, 0, 0, 'kg', 0, 0, 0, 0, 12.5),
(1862, 863, 5, 100, 47040, 0, 960, 'bag', 48000, 0, 2, 0, 480),
(1863, 863, 134, 0, 0, 0, 0, 'kg', 0, 0, 0, 0, 117.5),
(1864, 863, 134, 10, 11466, 0, 234, 'bag', 11700, 0, 2, 0, 1170),
(1865, 864, 8, 1, 13.5, 0, 0, 'kg', 13.5, 0, 0, 0, 13.5),
(1866, 864, 8, 0, 0, 0, 0, 'bag', 0, 0, 0, 0, 520),
(1867, 864, 6, 100, 1250, 0, 0, 'kg', 1250, 0, 0, 0, 12.5),
(1868, 864, 6, 0, 0, 0, 0, 'bag', 0, 0, 0, 0, 480),
(1869, 865, 40, 0, 0, 0, 0, 'kg', 0, 3, 0, 0, 29.5),
(1870, 865, 40, 1, 1160, 34.8, 0, 'bag', 1160, 3, 0, 0, 1160),
(1871, 865, 31, 0, 0, 0, 0, 'kg', 0, 3, 0, 0, 33),
(1872, 865, 31, 1, 1300, 39, 0, 'bag', 1300, 3, 0, 0, 1300),
(1873, 865, 72, 1, 200, 6, 0, 'bag', 200, 3, 0, 0, 200),
(1874, 866, 5, 0, 0, 0, 0, 'kg', 0, 0, 0, 0, 12.5),
(1875, 866, 5, 1, 480, 0, 0, 'bag', 480, 0, 0, 0, 480),
(1876, 866, 92, 1, 200, 0, 0, 'bag', 200, 0, 0, 0, 200),
(1877, 866, 6, 0, 0, 0, 0, 'kg', 0, 0, 0, 0, 12.5),
(1878, 866, 6, 10, 4800, 0, 0, 'bag', 4800, 0, 0, 0, 480),
(1879, 867, 204, 1, 110, 3.3, 0, 'bag', 110, 3, 0, 0, 110),
(1882, 869, 40, 0, 0, 0, 0, 'kg', 0, 3, 0, 0, 29.5),
(1883, 869, 40, 2, 2320, 69.6, 0, 'bag', 2320, 3, 0, 0, 1160),
(1884, 869, 8, 0, 0, 0, 0, 'kg', 0, 3, 0, 0, 13.5),
(1885, 869, 8, 2, 1040, 31.2, 0, 'bag', 1040, 3, 0, 0, 520),
(1886, 870, 32, 0, 0, 0, 0, 'kg', 0, 3, 0, 0, 31),
(1887, 870, 32, 1, 1220, 36.6, 0, 'bag', 1220, 3, 0, 0, 1220),
(1888, 870, 65, 0, 0, 0, 0, 'kg', 0, 3, 0, 0, 15.5),
(1889, 870, 65, 1, 450, 13.5, 0, 'bag', 450, 3, 0, 0, 450),
(1890, 870, 91, 1, 400, 12, 0, 'bag', 400, 3, 0, 0, 400),
(1891, 870, 90, 1, 200, 6, 0, 'bag', 200, 3, 0, 0, 200),
(1892, 871, 72, 5, 980, 0, 20, 'bag', 1000, 0, 2, 0, 200),
(1893, 872, 31, 60.606, 2000, 60, 0, 'kg', 2000, 3, 0, 0, 33),
(1894, 872, 31, 0, 0, 0, 0, 'bag', 0, 3, 0, 0, 1300),
(1895, 872, 96, 1, 150, 4.5, 0, 'bag', 150, 3, 0, 0, 150),
(1896, 873, 82, 1, 285, 0, 5, 'bag', 290, 0, 2, 0, 290),
(1897, 873, 66, 0, 0, 0, 0, 'kg', 0, 0, 0, 0, 13.5),
(1898, 873, 66, 1, 446, 0, 9, 'bag', 455, 0, 2, 0, 455),
(1899, 873, 27, 11.111, 294, 0, 5.997, 'kg', 299.997, 0, 2, 0, 27),
(1900, 873, 27, 0, 0, 0, 0, 'bag', 0, 0, 0, 0, 1060),
(1901, 873, 78, 10, 196, 0, 4, 'kg', 200, 0, 2, 0, 20),
(1902, 873, 78, 0, 0, 0, 0, 'bag', 0, 0, 0, 0, 780),
(1903, 874, 72, 2, 400, 12, 0, 'bag', 400, 3, 0, 0, 200),
(1904, 875, 69, 0, 0, 0, 0, 'kg', 0, 0, 0, 0, 15),
(1905, 875, 69, 1, 427, 0, 8, 'bag', 435, 0, 2, 0, 435),
(1906, 875, 71, 6.393, 192, 0, 2.986, 'kg', 194.986, 0, 2, 0, 30.5),
(1907, 875, 71, 0, 0, 0, 0, 'bag', 0, 0, 0, 0, 1050),
(1908, 875, 78, 6.5, 128, 0, 2, 'kg', 130, 0, 2, 0, 20),
(1909, 875, 78, 0, 0, 0, 0, 'bag', 0, 0, 0, 0, 780),
(1910, 876, 214, 10, 100, 0, 0, 'bag', 100, 0, 0, 0, 10),
(1911, 877, 39, 0, 0, 0, 0, 'kg', 0, 3, 0, 0, 30.5),
(1912, 877, 39, 1, 1200, 36, 0, 'bag', 1200, 3, 0, 0, 1200),
(1913, 877, 8, 0, 0, 0, 0, 'kg', 0, 3, 0, 0, 13.5),
(1914, 877, 8, 1, 520, 15.6, 0, 'bag', 520, 3, 0, 0, 520),
(1915, 878, 6, 78.8, 985, 29.55, 0, 'kg', 985, 3, 0, 0, 12.5),
(1916, 878, 6, 0, 0, 0, 0, 'bag', 0, 3, 0, 0, 480),
(1917, 879, 5, 0, 0, 0, 0, 'kg', 0, 3, 0, 0, 12.5),
(1918, 879, 5, 1, 480, 14.4, 0, 'bag', 480, 3, 0, 0, 480),
(1919, 880, 36, 0, 0, 0, 0, 'kg', 0, 0, 0, 0, 26.5),
(1920, 880, 36, 2, 2039, 0, 41, 'bag', 2080, 0, 2, 0, 1040),
(1921, 880, 65, 0, 0, 0, 0, 'kg', 0, 0, 0, 0, 15.5),
(1922, 880, 65, 1, 441, 0, 9, 'bag', 450, 0, 2, 0, 450),
(1923, 881, 6, 0, 0, 0, 0, 'kg', 0, 3, 0, 0, 12.5),
(1924, 881, 6, 1, 480, 14.4, 0, 'bag', 480, 3, 0, 0, 480),
(1925, 881, 31, 13.636, 450, 13.4996, 0, 'kg', 449.988, 3, 0, 0, 33),
(1926, 881, 31, 0, 0, 0, 0, 'bag', 0, 3, 0, 0, 1300),
(1927, 881, 32, 0, 0, 0, 0, 'kg', 0, 3, 0, 0, 31),
(1928, 881, 32, 1, 1220, 36.6, 0, 'bag', 1220, 3, 0, 0, 1220);

-- --------------------------------------------------------

--
-- Структура таблицы `shop_links_percentage_sum_sale`
--

CREATE TABLE IF NOT EXISTS `shop_links_percentage_sum_sale` (
  `id` int(11) NOT NULL AUTO_INCREMENT,
  `percent` float NOT NULL,
  `sum_sale` float DEFAULT '0',
  `type` varchar(255) NOT NULL,
  PRIMARY KEY (`id`)
) ENGINE=InnoDB AUTO_INCREMENT=17 DEFAULT CHARSET=utf8;

--
-- Дамп данных таблицы `shop_links_percentage_sum_sale`
--

INSERT INTO `shop_links_percentage_sum_sale` (`id`, `percent`, `sum_sale`, `type`) VALUES
(7, 3, 0, 'bonus'),
(9, 5, 50000, 'bonus'),
(10, 7, 150000, 'bonus'),
(11, 10, 400000, 'bonus'),
(12, 2, 0, 'discount'),
(13, 4, 50000, 'discount'),
(14, 6, 100000, 'discount'),
(15, 8, 200000, 'discount'),
(16, 10, 400000, 'discount');

-- --------------------------------------------------------

--
-- Структура таблицы `shop_links_seller_shop`
--

CREATE TABLE IF NOT EXISTS `shop_links_seller_shop` (
  `id` int(11) NOT NULL AUTO_INCREMENT,
  `shop_id` int(11) NOT NULL,
  `user_id` int(11) NOT NULL,
  PRIMARY KEY (`id`),
  KEY `ix_shop_seller_shop_id` (`shop_id`),
  KEY `ix_shop_seller_user_id` (`user_id`)
) ENGINE=InnoDB AUTO_INCREMENT=8 DEFAULT CHARSET=utf8;

--
-- Дамп данных таблицы `shop_links_seller_shop`
--

INSERT INTO `shop_links_seller_shop` (`id`, `shop_id`, `user_id`) VALUES
(1, 1, 2),
(3, 3, 14),
(4, 4, 112),
(6, 4, 149),
(7, 5, 149);

-- --------------------------------------------------------

--
-- Структура таблицы `shop_seller_history`
--

CREATE TABLE IF NOT EXISTS `shop_seller_history` (
  `id` int(11) NOT NULL AUTO_INCREMENT,
  `seller_user_id` int(11) DEFAULT NULL,
  `status` varchar(20) NOT NULL,
  `client_user_id` int(11) DEFAULT NULL,
  `card_id` int(11) DEFAULT NULL,
  `card_type` varchar(10) DEFAULT NULL,
  `date` timestamp NULL DEFAULT NULL,
  `code` int(11) DEFAULT NULL,
  `total_sum` float DEFAULT '0',
  `payment_bonus` float DEFAULT '0',
  `pay_method` varchar(10) DEFAULT NULL,
  `total_bonuses_sum` float DEFAULT NULL,
  `total_discount_sum` float DEFAULT NULL,
  `full_sum` float DEFAULT '0',
  `shop_id` int(11) NOT NULL,
  `total_sale_kg` float DEFAULT '0',
  PRIMARY KEY (`id`),
  KEY `ix_shop_seller_history_user_id` (`seller_user_id`)
) ENGINE=InnoDB AUTO_INCREMENT=882 DEFAULT CHARSET=utf8;

--
-- Дамп данных таблицы `shop_seller_history`
--

INSERT INTO `shop_seller_history` (`id`, `seller_user_id`, `status`, `client_user_id`, `card_id`, `card_type`, `date`, `code`, `total_sum`, `payment_bonus`, `pay_method`, `total_bonuses_sum`, `total_discount_sum`, `full_sum`, `shop_id`, `total_sale_kg`) VALUES
(2, 9, 'good', 4, 1, 'bonus', '2017-06-15 12:15:08', 10002, 2572.5, 0, 'cash', 77.175, 0, 2572.5, 2, 0),
(3, 9, 'good', 5, 2, 'discount', '2017-06-15 12:20:21', 10003, 2659.2, 0, 'cash', 0, 220.8, 2880, 2, 0),
(4, 9, 'good', NULL, NULL, NULL, '2017-06-15 12:27:53', 10004, 1275, 0, 'cash', NULL, NULL, 1275, 2, 0),
(5, 9, 'good', 5, 2, 'discount', '2017-06-15 12:32:21', 10005, 2421, 0, 'cash', 0, 269, 2690, 2, 0),
(6, 9, 'good', 11, 6, 'discount', '2017-06-20 06:27:57', 10006, 1464.7, 0, 'cash', 0, 45.3, 1510, 2, NULL),
(7, 2, 'good', NULL, NULL, NULL, '2017-06-20 07:23:54', 10007, 130, 0, 'cash', NULL, NULL, 130, 1, 10),
(9, 9, 'good', 11, 6, 'discount', '2017-06-20 13:06:15', 10009, 2808, 0, 'cash', 0, 312, 3120, 2, 25),
(10, 9, 'good', NULL, NULL, NULL, '2017-06-20 13:14:15', 10010, 737.5, 0, 'cash', NULL, NULL, 737.5, 2, 25),
(11, 9, 'good', 11, 6, 'discount', '2017-06-21 05:27:19', 10011, 497.125, 0, 'cash', 0, 15.375, 512.5, 2, 1),
(12, 14, 'good', NULL, NULL, NULL, '2017-06-22 14:00:14', 10012, 1200, 0, 'cash', NULL, NULL, 1200, 3, 0),
(13, 14, 'good', NULL, NULL, NULL, '2017-06-22 14:03:31', 10013, 270, 0, 'cash', NULL, NULL, 270, 3, 20),
(15, 14, 'good', NULL, NULL, NULL, '2017-06-22 14:09:17', 10015, 164.7, 0, 'cash', NULL, NULL, 164.7, 3, 6.1),
(19, 14, 'good', NULL, NULL, NULL, '2017-06-23 05:14:57', 10019, 501.15, 0, 'cash', NULL, NULL, 501.15, 3, 31.9),
(20, 14, 'good', NULL, NULL, NULL, '2017-06-23 05:17:01', 10020, 290.4, 0, 'cash', NULL, NULL, 290.4, 3, 19.36),
(21, 14, 'cancel', NULL, NULL, NULL, NULL, NULL, 480, 0, NULL, NULL, NULL, 480, 3, 0),
(23, 14, 'good', NULL, NULL, NULL, '2017-06-23 05:41:01', 10023, 1048.62, 0, 'cash', NULL, NULL, 1048.62, 3, 11.06),
(25, 14, 'good', NULL, NULL, NULL, '2017-06-23 05:43:57', 10025, 864.33, 0, 'cash', NULL, NULL, 864.33, 3, 26.92),
(26, 14, 'good', NULL, NULL, NULL, '2017-06-23 05:50:30', 10026, 599.93, 0, 'cash', NULL, NULL, 599.93, 3, 19.66),
(27, 14, 'good', NULL, NULL, NULL, '2017-06-23 05:51:19', 10027, 667.82, 0, 'cash', NULL, NULL, 667.82, 3, 21.22),
(30, 14, 'good', NULL, NULL, NULL, '2017-06-23 05:57:17', 10030, 1440, 0, 'cash', NULL, NULL, 1440, 3, 0),
(31, 14, 'good', NULL, NULL, NULL, '2017-06-23 05:59:51', 10031, 482.8, 0, 'cash', NULL, NULL, 482.8, 3, 13.6),
(32, 14, 'good', NULL, NULL, NULL, '2017-06-23 06:04:23', 10032, 386.3, 0, 'cash', NULL, NULL, 386.3, 3, 12.6),
(35, 14, 'good', NULL, NULL, NULL, '2017-06-23 06:15:08', 10035, 928.56, 0, 'cash', NULL, NULL, 928.56, 3, 36.94),
(36, 14, 'good', NULL, NULL, NULL, '2017-06-23 06:19:35', 10036, 580, 0, 'cash', NULL, NULL, 580, 3, 0),
(39, 14, 'good', NULL, NULL, NULL, '2017-06-23 06:34:53', 10039, 516.18, 0, 'cash', NULL, NULL, 516.18, 3, 31.46),
(40, 14, 'good', NULL, NULL, NULL, '2017-06-23 06:40:06', 10040, 236.25, 0, 'cash', NULL, NULL, 236.25, 3, 17.5),
(41, 14, 'good', NULL, NULL, NULL, '2017-06-23 06:44:00', 10041, 2770.2, 0, 'cash', NULL, NULL, 2770.2, 3, 10.16),
(43, 14, 'good', NULL, NULL, NULL, '2017-06-23 07:04:48', 10043, 5390, 0, 'cash', NULL, NULL, 5390, 3, 0),
(44, 14, 'good', NULL, NULL, NULL, '2017-06-23 09:34:21', 10044, 450, 0, 'cash', NULL, NULL, 450, 3, 0),
(45, 14, 'good', NULL, NULL, NULL, '2017-06-23 09:35:45', 10045, 523.675, 0, 'cash', NULL, NULL, 523.675, 3, 29.25),
(46, 14, 'good', NULL, NULL, NULL, '2017-06-23 09:42:45', 10046, 200.94, 0, 'cash', NULL, NULL, 200.94, 3, 7.88),
(48, 14, 'good', NULL, NULL, NULL, '2017-06-23 10:44:30', 10048, 599.85, 0, 'cash', NULL, NULL, 599.85, 3, 5.55),
(49, 14, 'good', NULL, NULL, NULL, '2017-06-23 11:55:49', 10049, 620, 0, 'cash', NULL, NULL, 620, 3, 0),
(50, 14, 'good', NULL, NULL, NULL, '2017-06-23 13:32:06', 10050, 123.48, 0, 'cash', NULL, NULL, 123.48, 3, 3.92),
(52, 14, 'good', NULL, NULL, NULL, '2017-06-23 13:55:17', 10052, 7540, 0, 'cash', NULL, NULL, 7540, 3, 20),
(53, 14, 'good', NULL, NULL, NULL, '2017-06-23 13:58:10', 10053, 720, 0, 'cash', NULL, NULL, 720, 3, 0),
(54, 14, 'good', NULL, NULL, NULL, '2017-06-23 14:43:36', 10054, 1120, 0, 'cash', NULL, NULL, 1120, 3, 0),
(55, 14, 'good', 17, 15, 'bonus', '2017-06-24 05:38:27', 10055, 769.99, 0, 'cash', 23.0997, 0, 769.99, 3, 1.98),
(56, 14, 'good', 30, 17, 'discount', '2017-06-24 07:50:33', 10056, 1176, 0, 'cash', 0, 24, 1200, 3, 0),
(58, 14, 'good', NULL, NULL, NULL, '2017-06-24 10:01:31', 10058, 1195.28, 0, 'cash', NULL, NULL, 1195.28, 3, 21.06),
(59, 14, 'good', NULL, NULL, NULL, '2017-06-24 10:06:52', 10059, 1250, 0, 'cash', NULL, NULL, 1250, 3, 0),
(60, 14, 'good', NULL, NULL, NULL, '2017-06-24 10:12:40', 10060, 222.3, 0, 'cash', NULL, NULL, 222.3, 3, 7.8),
(61, 14, 'good', 20, 38, 'bonus', '2017-06-24 11:07:44', 10061, 1350, 0, 'cash', 40.5, 0, 1350, 3, 0),
(62, 14, 'good', 18, 37, 'bonus', '2017-06-24 11:56:36', 10062, 2800, 0, 'cash', 84, 0, 2800, 3, 0),
(63, 14, 'good', 18, 37, 'bonus', '2017-06-24 12:06:12', 10063, 850.54, 0, 'cash', 25.5162, 0, 850.54, 3, 35.12),
(64, 14, 'good', NULL, NULL, NULL, '2017-06-25 06:01:17', 10064, 960, 0, 'cash', NULL, NULL, 960, 3, 0),
(65, 14, 'good', NULL, NULL, NULL, '2017-06-25 06:01:47', 10065, 16, 0, 'cash', NULL, NULL, 16, 3, 2),
(66, 14, 'good', NULL, NULL, NULL, '2017-06-25 06:06:54', 10066, 2020, 0, 'cash', NULL, NULL, 2020, 3, 0),
(67, 14, 'good', NULL, NULL, NULL, '2017-06-25 06:09:26', 10067, 130, 0, 'cash', NULL, NULL, 130, 3, 0),
(68, 14, 'good', NULL, NULL, NULL, '2017-06-25 06:53:48', 10068, 400, 0, 'cash', NULL, NULL, 400, 3, 20),
(69, 14, 'good', NULL, NULL, NULL, '2017-06-25 06:54:14', 10069, 1360, 0, 'cash', NULL, NULL, 1360, 3, 0),
(70, 14, 'good', NULL, NULL, NULL, '2017-06-25 06:55:28', 10070, 960, 0, 'cash', NULL, NULL, 960, 3, 0),
(71, 14, 'good', NULL, NULL, NULL, '2017-06-25 07:01:01', 10071, 1821, 0, 'cash', NULL, NULL, 1821, 3, 21),
(72, 14, 'good', NULL, NULL, NULL, '2017-06-25 07:02:23', 10072, 201.6, 0, 'cash', NULL, NULL, 201.6, 3, 10.98),
(73, 14, 'good', NULL, NULL, NULL, '2017-06-25 07:03:01', 10073, 442.5, 0, 'cash', NULL, NULL, 442.5, 3, 15),
(76, 14, 'good', NULL, NULL, NULL, '2017-06-25 07:12:55', 10076, 1220, 0, 'cash', NULL, NULL, 1220, 3, 0),
(77, 14, 'good', NULL, NULL, NULL, '2017-06-25 07:21:39', 10077, 960, 0, 'cash', NULL, NULL, 960, 3, 0),
(78, 14, 'good', NULL, NULL, NULL, '2017-06-25 07:22:08', 10078, 480, 0, 'cash', NULL, NULL, 480, 3, 0),
(79, 14, 'good', NULL, NULL, NULL, '2017-06-25 08:08:41', 10079, 1680, 0, 'cash', NULL, NULL, 1680, 3, 0),
(80, 14, 'good', NULL, NULL, NULL, '2017-06-25 08:38:28', 10080, 929.5, 0, 'cash', NULL, NULL, 929.5, 3, 46),
(81, 14, 'good', NULL, NULL, NULL, '2017-06-25 08:39:00', 10081, 1040, 0, 'cash', NULL, NULL, 1040, 3, 0),
(82, 14, 'good', NULL, NULL, NULL, '2017-06-25 08:40:33', 10082, 570.25, 0, 'cash', NULL, NULL, 570.25, 3, 17.3),
(83, 14, 'good', NULL, NULL, NULL, '2017-06-25 08:41:09', 10083, 378, 0, 'cash', NULL, NULL, 378, 3, 21),
(84, 14, 'good', NULL, NULL, NULL, '2017-06-25 08:43:12', 10084, 480, 0, 'cash', NULL, NULL, 480, 3, 0),
(85, 14, 'good', NULL, NULL, NULL, '2017-06-25 08:58:01', 10085, 460, 0, 'cash', NULL, NULL, 460, 3, 20),
(86, 14, 'good', NULL, NULL, NULL, '2017-06-25 08:59:06', 10086, 1655, 0, 'cash', NULL, NULL, 1655, 3, 15),
(87, 14, 'good', NULL, NULL, NULL, '2017-06-25 09:00:11', 10087, 705, 0, 'cash', NULL, NULL, 705, 3, 10),
(89, 14, 'good', NULL, NULL, NULL, '2017-06-25 09:14:28', 10089, 2120, 0, 'cash', NULL, NULL, 2120, 3, 0),
(90, 14, 'good', NULL, NULL, NULL, '2017-06-25 09:16:25', 10090, 1011.5, 0, 'cash', NULL, NULL, 1011.5, 3, 43),
(91, 14, 'good', NULL, NULL, NULL, '2017-06-25 09:35:14', 10091, 960, 0, 'cash', NULL, NULL, 960, 3, 0),
(92, 14, 'good', NULL, NULL, NULL, '2017-06-25 10:34:21', 10092, 1040, 0, 'cash', NULL, NULL, 1040, 3, 0),
(93, 14, 'good', NULL, NULL, NULL, '2017-06-25 10:35:09', 10093, 2760, 0, 'cash', NULL, NULL, 2760, 3, 0),
(95, 14, 'good', NULL, NULL, NULL, '2017-06-26 05:30:43', 10095, 1660, 0, 'cash', NULL, NULL, 1660, 3, 0),
(96, 14, 'good', NULL, NULL, NULL, '2017-06-26 05:33:45', 10096, 192, 0, 'cash', NULL, NULL, 192, 3, 6),
(97, 14, 'good', NULL, NULL, NULL, '2017-06-26 05:53:47', 10097, 125, 0, 'cash', NULL, NULL, 125, 3, 10),
(98, 14, 'good', NULL, NULL, NULL, '2017-06-26 05:57:32', 10098, 1500, 0, 'cash', NULL, NULL, 1500, 3, 0),
(99, 14, 'good', NULL, NULL, NULL, '2017-06-26 05:58:02', 10099, 1070, 0, 'cash', NULL, NULL, 1070, 3, 0),
(100, 14, 'good', NULL, NULL, NULL, '2017-06-26 06:07:53', 10100, 910, 0, 'cash', NULL, NULL, 910, 3, 30),
(101, 14, 'good', NULL, NULL, NULL, '2017-06-26 06:16:34', 10101, 589.15, 0, 'cash', NULL, NULL, 589.15, 3, 20.3),
(102, 14, 'good', 40, 52, 'discount', '2017-06-26 08:42:52', 10102, 306.838, 0, 'cash', 0, 6.262, 313.1, 3, 10.1),
(103, 14, 'good', NULL, NULL, NULL, '2017-06-26 08:56:31', 10103, 405, 0, 'cash', NULL, NULL, 405, 3, 15),
(104, 14, 'good', NULL, NULL, NULL, '2017-06-26 08:58:14', 10104, 942.15, 0, 'cash', NULL, NULL, 942.15, 3, 29),
(105, 14, 'good', NULL, NULL, NULL, '2017-06-26 09:04:32', 10105, 1932.09, 0, 'cash', NULL, NULL, 1932.09, 3, 8.67),
(106, 14, 'good', NULL, NULL, NULL, '2017-06-26 09:05:01', 10106, 400, 0, 'cash', NULL, NULL, 400, 3, 0),
(108, 14, 'good', NULL, NULL, NULL, '2017-06-26 09:06:03', 10108, 105, 0, 'cash', NULL, NULL, 105, 3, 8),
(109, 14, 'good', NULL, NULL, NULL, '2017-06-26 09:24:28', 10109, 400, 0, 'cash', NULL, NULL, 400, 3, 0),
(110, 14, 'good', NULL, NULL, NULL, '2017-06-26 09:39:52', 10110, 689.4, 0, 'cash', NULL, NULL, 689.4, 3, 10.8),
(111, 14, 'good', NULL, NULL, NULL, '2017-06-26 09:46:00', 10111, 730.25, 0, 'cash', NULL, NULL, 730.25, 3, 7.7),
(112, 14, 'good', NULL, NULL, NULL, '2017-06-26 09:50:48', 10112, 190, 0, 'cash', NULL, NULL, 190, 3, 0),
(113, 14, 'good', NULL, NULL, NULL, '2017-06-26 10:03:28', 10113, 2440, 0, 'cash', NULL, NULL, 2440, 3, 0),
(114, 14, 'good', 29, 13, 'discount', '2017-06-26 10:58:26', 10114, 196.862, 0, 'cash', 0, 4.0176, 200.88, 3, 7.68),
(115, 14, 'good', NULL, NULL, NULL, '2017-06-26 11:32:29', 10115, 1440, 0, 'cash', NULL, NULL, 1440, 3, 0),
(116, 14, 'good', NULL, NULL, NULL, '2017-06-26 11:33:50', 10116, 980, 0, 'cash', NULL, NULL, 980, 3, 0),
(117, 14, 'good', NULL, NULL, NULL, '2017-06-26 11:35:16', 10117, 865, 0, 'cash', NULL, NULL, 865, 3, 10),
(118, 14, 'good', NULL, NULL, NULL, '2017-06-26 11:40:02', 10118, 1440, 0, 'cash', NULL, NULL, 1440, 3, 0),
(119, 14, 'good', NULL, NULL, NULL, '2017-06-26 12:00:38', 10119, 1431.05, 0, 'cash', NULL, NULL, 1431.05, 3, 9.3),
(120, 14, 'good', NULL, NULL, NULL, '2017-06-26 12:10:37', 10120, 1640, 0, 'cash', NULL, NULL, 1640, 3, 0),
(121, 14, 'good', NULL, NULL, NULL, '2017-06-26 12:11:14', 10121, 282, 0, 'cash', NULL, NULL, 282, 3, 4),
(122, 14, 'good', NULL, NULL, NULL, '2017-06-26 12:25:29', 10122, 450, 0, 'cash', NULL, NULL, 450, 3, 0),
(124, 14, 'good', 50, 43, 'discount', '2017-06-26 14:23:01', 10124, 374.36, 0, 'cash', 0, 7.64, 382, 3, 11.6),
(125, 14, 'cancel', NULL, NULL, NULL, NULL, NULL, 3080, 0, NULL, NULL, NULL, 3080, 3, 0),
(126, 14, 'good', NULL, NULL, NULL, '2017-06-26 14:33:58', 10126, 100, 0, 'cash', NULL, NULL, 100, 3, 0),
(127, 14, 'good', NULL, NULL, NULL, '2017-06-26 14:53:51', 10127, 190.25, 0, 'cash', NULL, NULL, 190.25, 3, 6.5),
(128, 14, 'good', NULL, NULL, NULL, '2017-06-26 14:56:04', 10128, 625, 0, 'cash', NULL, NULL, 625, 3, 0),
(129, 14, 'good', NULL, NULL, NULL, '2017-06-27 05:14:44', 10129, 282, 0, 'cash', NULL, NULL, 282, 3, 12),
(133, 14, 'good', NULL, NULL, NULL, '2017-06-27 11:01:47', 10133, 300, 0, 'cash', NULL, NULL, 300, 3, 15),
(134, 14, 'good', NULL, NULL, NULL, '2017-06-27 12:27:16', 10134, 6850, 0, 'cash', NULL, NULL, 6850, 3, 0),
(136, 14, 'good', NULL, NULL, NULL, '2017-06-27 12:49:34', 10136, 5040, 0, 'cash', NULL, NULL, 5040, 3, 0),
(137, 14, 'good', NULL, NULL, NULL, '2017-06-27 13:35:03', 10137, 2540, 0, 'cash', NULL, NULL, 2540, 3, 0),
(138, 14, 'good', 28, 19, 'bonus', '2017-06-27 14:05:00', 10138, 313.2, 0, 'non-cash', 9.396, 0, 313.2, 3, 15.66),
(139, 14, 'good', NULL, NULL, NULL, '2017-06-27 14:07:30', 10139, 520, 0, 'cash', NULL, NULL, 520, 3, 0),
(140, 14, 'good', NULL, NULL, NULL, '2017-06-27 14:32:15', 10140, 1455, 0, 'cash', NULL, NULL, 1455, 3, 0),
(141, 14, 'good', 72, 65, 'bonus', '2017-06-28 09:02:22', 10141, 680, 0, 'cash', 20.4, 0, 680, 3, 0),
(142, 14, 'good', 26, 33, 'discount', '2017-06-28 09:24:55', 10142, 666.4, 0, 'cash', 0, 13.6, 680, 3, 0),
(144, 14, 'good', NULL, NULL, NULL, '2017-06-28 10:12:09', 10144, 450, 0, 'cash', NULL, NULL, 450, 3, 0),
(145, 14, 'good', NULL, NULL, NULL, '2017-06-28 11:27:53', 10145, 6043, 0, 'cash', NULL, NULL, 6043, 3, 2),
(146, 14, 'good', 42, 53, 'bonus', '2017-06-28 11:37:17', 10146, 8570, 0, 'cash', 257.1, 0, 8570, 3, 0),
(148, 14, 'good', 15, 57, 'bonus', '2017-06-28 14:21:24', 10148, 1222.3, 0, 'cash', 36.669, 0, 1222.3, 3, 14.6),
(150, 14, 'good', 48, 41, 'bonus', '2017-06-29 05:13:42', 10150, 1200, 0, 'non-cash', 36, 0, 1200, 3, 0),
(151, 14, 'good', 48, 41, 'bonus', '2017-06-29 05:14:39', 10151, 1220, 0, 'cash', 36.6, 0, 1220, 3, 0),
(152, 14, 'good', 48, 41, 'bonus', '2017-06-29 05:16:36', 10152, 318.6, 0, 'cash', 9.558, 0, 318.6, 3, 10.8),
(153, 14, 'good', NULL, NULL, NULL, '2017-06-29 05:21:57', 10153, 900, 0, 'cash', NULL, NULL, 900, 3, 0),
(154, 14, 'cancel', NULL, NULL, NULL, NULL, NULL, 650, 0, NULL, NULL, NULL, 650, 3, 10.4),
(155, 14, 'good', 43, 23, 'bonus', '2017-06-29 05:30:39', 10155, 1360, 0, 'cash', 40.8, 0, 1360, 3, 0),
(156, 14, 'good', NULL, NULL, NULL, '2017-06-29 07:11:50', 10156, 600, 0, 'cash', NULL, NULL, 600, 3, 0),
(157, 14, 'good', 31, 18, 'bonus', '2017-06-29 08:15:13', 10157, 2510, 0, 'cash', 75.3, 0, 2510, 3, 0),
(158, 14, 'good', 21, 24, 'bonus', '2017-06-29 11:17:27', 10158, 150.06, 0, 'cash', 4.5018, 0, 150.06, 3, 4.92),
(159, 14, 'good', NULL, NULL, NULL, '2017-06-29 12:27:08', 10159, 1411.73, 0, 'cash', NULL, NULL, 1411.73, 3, 6.26),
(160, 14, 'good', NULL, NULL, NULL, '2017-06-29 13:02:43', 10160, 629.85, 0, 'cash', NULL, NULL, 629.85, 3, 32.3),
(162, 14, 'good', 46, 47, 'bonus', '2017-06-29 13:10:17', 10162, 331.55, 0, 'cash', 9.9465, 0, 331.55, 3, 10.7),
(163, 14, 'good', NULL, NULL, NULL, '2017-06-29 13:47:46', 10163, 1040, 0, 'cash', NULL, NULL, 1040, 3, 0),
(164, 14, 'good', NULL, NULL, NULL, '2017-06-29 13:51:05', 10164, 2094.4, 0, 'cash', NULL, NULL, 2094.4, 3, 10.8),
(165, 14, 'good', NULL, NULL, NULL, '2017-06-29 13:52:30', 10165, 3299.96, 0, 'cash', NULL, NULL, 3299.96, 3, 25.88),
(166, 14, 'good', NULL, NULL, NULL, '2017-06-29 13:54:37', 10166, 1555, 0, 'cash', NULL, NULL, 1555, 3, 10),
(167, 14, 'good', NULL, NULL, NULL, '2017-06-29 13:57:51', 10167, 2445, 0, 'cash', NULL, NULL, 2445, 3, 10.4),
(168, 14, 'good', NULL, NULL, NULL, '2017-06-29 14:05:33', 10168, 200, 0, 'cash', NULL, NULL, 200, 3, 10),
(169, 14, 'good', NULL, NULL, NULL, '2017-06-29 14:06:00', 10169, 1200, 0, 'cash', NULL, NULL, 1200, 3, 0),
(170, 14, 'good', NULL, NULL, NULL, '2017-06-30 05:12:47', 10170, 2020.3, 0, 'cash', NULL, NULL, 2020.3, 3, 25.9),
(171, 14, 'good', NULL, NULL, NULL, '2017-06-30 05:27:18', 10171, 329.25, 0, 'cash', NULL, NULL, 329.25, 3, 10),
(172, 14, 'good', NULL, NULL, NULL, '2017-06-30 05:27:45', 10172, 407, 0, 'cash', NULL, NULL, 407, 3, 22),
(173, 14, 'good', NULL, NULL, NULL, '2017-06-30 05:33:39', 10173, 1120, 0, 'cash', NULL, NULL, 1120, 3, 0),
(174, 14, 'good', NULL, NULL, NULL, '2017-06-30 05:45:59', 10174, 1070, 0, 'cash', NULL, NULL, 1070, 3, 0),
(175, 14, 'good', NULL, NULL, NULL, '2017-06-30 05:46:56', 10175, 197.5, 0, 'cash', NULL, NULL, 197.5, 3, 8),
(176, 14, 'good', 37, 56, 'discount', '2017-06-30 06:00:30', 10176, 592.704, 0, 'non-cash', 0, 12.096, 604.8, 3, 44.8),
(177, 14, 'good', 82, 97, 'bonus', '2017-06-30 06:28:14', 10177, 5150, 0, 'cash', 154.5, 0, 5150, 3, 0),
(178, 14, 'good', 79, 98, 'discount', '2017-06-30 06:45:48', 10178, 2077.6, 0, 'cash', 0, 42.4, 2120, 3, 0),
(179, 14, 'good', NULL, NULL, NULL, '2017-06-30 07:19:48', 10179, 2480, 0, 'cash', NULL, NULL, 2480, 3, 0),
(180, 14, 'good', NULL, NULL, NULL, '2017-06-30 07:36:24', 10180, 2875, 0, 'cash', NULL, NULL, 2875, 3, 0),
(181, 14, 'good', 22, 25, 'bonus', '2017-06-30 09:03:55', 10181, 1375.25, 0, 'cash', 41.2575, 0, 1375.25, 3, 18.3),
(182, 14, 'cancel', NULL, NULL, NULL, NULL, NULL, 9230, 0, NULL, NULL, NULL, 9230, 3, 0),
(183, 14, 'good', NULL, NULL, NULL, '2017-06-30 09:08:01', 10183, 832.5, 0, 'cash', NULL, NULL, 832.5, 3, 5),
(184, 14, 'good', NULL, NULL, NULL, '2017-06-30 09:09:36', 10184, 190, 0, 'cash', NULL, NULL, 190, 3, 0),
(185, 14, 'good', NULL, NULL, NULL, '2017-06-30 11:31:20', 10185, 1825, 0, 'cash', NULL, NULL, 1825, 3, 0),
(188, 14, 'good', 38, 49, 'discount', '2017-06-30 13:19:12', 10188, 1136.8, 0, 'cash', 0, 23.2, 1160, 3, 0),
(189, 14, 'good', NULL, NULL, NULL, '2017-06-30 13:44:37', 10189, 1700.25, 0, 'cash', NULL, NULL, 1700.25, 3, 54.3),
(190, 14, 'good', NULL, NULL, NULL, '2017-06-30 14:24:49', 10190, 400, 0, 'cash', NULL, NULL, 400, 3, 0),
(191, 14, 'good', 50, 43, 'discount', '2017-07-01 06:41:34', 10191, 1176, 0, 'cash', 0, 24, 1200, 3, 0),
(192, 14, 'good', 60, 84, 'bonus', '2017-07-01 07:20:30', 10192, 2840.25, 0, 'cash', 85.2075, 0, 2840.25, 3, 42.3),
(193, 14, 'cancel', NULL, NULL, NULL, NULL, NULL, 190, 0, NULL, NULL, NULL, 190, 3, 0),
(194, 14, 'good', NULL, NULL, NULL, '2017-07-01 08:23:27', 10194, 1800, 0, 'cash', NULL, NULL, 1800, 3, 30),
(196, 14, 'good', 81, 70, 'bonus', '2017-07-01 09:25:17', 10196, 800, 0, 'cash', 24, 0, 800, 3, 0),
(197, 14, 'good', 63, 81, 'bonus', '2017-07-01 11:02:48', 10197, 499.6, 0, 'cash', 14.988, 0, 499.6, 3, 26.7),
(198, 14, 'good', 91, 92, 'bonus', '2017-07-02 06:24:26', 10198, 290, 0, 'cash', 8.7, 0, 290, 3, 0),
(199, 14, 'good', 68, 68, 'bonus', '2017-07-02 06:41:45', 10199, 1880, 0, 'cash', 56.4, 0, 1880, 3, 0),
(200, 14, 'good', 17, 15, 'bonus', '2017-07-02 08:00:17', 10200, 4420, 0, 'cash', 132.6, 0, 4420, 3, 0),
(201, 14, 'good', 95, 110, 'bonus', '2017-07-02 09:21:18', 10201, 6740, 0, 'cash', 202.2, 0, 6740, 3, 0),
(202, 14, 'good', NULL, NULL, NULL, '2017-07-02 09:53:29', 10202, 5490.62, 0, 'cash', NULL, NULL, 5490.62, 3, 30.44),
(203, 14, 'good', 29, 13, 'discount', '2017-07-03 06:00:11', 10203, 588.186, 0, 'cash', 0, 12.0038, 600.19, 3, 25.54),
(204, 14, 'good', 31, 18, 'bonus', '2017-07-03 06:25:40', 10204, 2545.4, 0, 'cash', 76.362, 0, 2545.4, 3, 5.27),
(205, 14, 'good', 82, 97, 'bonus', '2017-07-03 09:17:25', 10205, 350.025, 0, 'non-cash', 10.5007, 0, 350.025, 3, 10.77),
(206, 14, 'cancel', 67, 63, 'discount', NULL, NULL, 8820, 0, NULL, 0, 180, 9000, 3, 0),
(207, 14, 'good', NULL, NULL, NULL, '2017-07-03 13:13:18', 10207, 9000, 0, 'cash', NULL, NULL, 9000, 3, 0),
(208, 14, 'good', 69, 71, 'bonus', '2017-07-03 13:18:44', 10208, 986.25, 0, 'cash', 29.5875, 0, 986.25, 3, 19.5),
(209, 14, 'good', NULL, NULL, NULL, '2017-07-03 13:51:22', 10209, 569.29, 0, 'cash', NULL, NULL, 569.29, 3, 17.64),
(211, 14, 'good', 48, 41, 'bonus', '2017-07-03 14:38:02', 10211, 2900.85, 0, 'cash', 87.0255, 0, 2900.85, 3, 16.3),
(212, 14, 'good', 23, 20, 'discount', '2017-07-04 05:56:48', 10212, 539.221, 0, 'cash', 0, 11.0045, 550.225, 3, 16.93),
(213, 14, 'good', 31, 18, 'bonus', '2017-07-04 05:59:00', 10213, 300.16, 0, 'cash', 9.0048, 0, 300.16, 3, 10.72),
(214, 14, 'cancel', 86, 61, 'bonus', NULL, NULL, 1880, 0, NULL, 56.4, 0, 1880, 3, 40),
(215, 14, 'good', 86, 61, 'bonus', '2017-07-04 07:56:49', 10215, 4640, 0, 'cash', 139.2, 0, 4640, 3, 0),
(216, 14, 'good', 20, 38, 'bonus', '2017-07-04 11:12:14', 10216, 579.3, 0, 'cash', 17.379, 0, 579.3, 3, 20.4),
(217, 14, 'good', 43, 23, 'bonus', '2017-07-04 11:32:20', 10217, 1360, 0, 'cash', 40.8, 0, 1360, 3, 0),
(218, 14, 'good', NULL, NULL, NULL, '2017-07-04 13:56:04', 10218, 500.65, 0, 'cash', NULL, NULL, 500.65, 3, 17.18),
(219, 14, 'good', 37, 56, 'discount', '2017-07-05 05:28:47', 10219, 1685.82, 0, 'cash', 0, 34.4044, 1720.22, 3, 52.93),
(220, 14, 'good', NULL, NULL, NULL, '2017-07-05 05:37:26', 10220, 1440, 0, 'cash', NULL, NULL, 1440, 3, 0),
(221, 14, 'good', NULL, NULL, NULL, '2017-07-05 06:16:29', 10221, 905, 0, 'cash', NULL, NULL, 905, 3, 0),
(222, 14, 'good', NULL, NULL, NULL, '2017-07-05 06:17:42', 10222, 1640, 0, 'cash', NULL, NULL, 1640, 3, 0),
(223, 14, 'good', NULL, NULL, NULL, '2017-07-05 06:30:27', 10223, 1600.95, 0, 'cash', NULL, NULL, 1600.95, 3, 15.1),
(224, 14, 'good', 95, 110, 'bonus', '2017-07-05 09:11:30', 10224, 6000, 0, 'cash', 180, 0, 6000, 3, 0),
(226, 14, 'good', 92, 83, 'bonus', '2017-07-05 09:57:34', 10226, 439.965, 0, 'non-cash', 13.1989, 0, 439.965, 3, 32.59),
(227, 14, 'good', 87, 95, 'bonus', '2017-07-05 12:27:51', 10227, 190, 0, 'cash', 5.7, 0, 190, 3, 0),
(228, 14, 'good', 50, 43, 'discount', '2017-07-05 14:20:11', 10228, 1621.9, 0, 'non-cash', 0, 33.1, 1655, 3, 0),
(229, 14, 'good', 68, 68, 'bonus', '2017-07-05 14:34:00', 10229, 1500, 0, 'cash', 45, 0, 1500, 3, 0),
(230, 14, 'good', 27, 34, 'discount', '2017-07-06 05:25:36', 10230, 1803.2, 0, 'cash', 0, 36.8, 1840, 3, 0),
(231, 14, 'good', 96, 90, 'bonus', '2017-07-06 05:52:46', 10231, 200.2, 0, 'cash', 6.006, 0, 200.2, 3, 6.16),
(232, 14, 'good', 26, 33, 'discount', '2017-07-06 08:03:35', 10232, 2646, 0, 'cash', 0, 54, 2700, 3, 0),
(233, 14, 'good', 26, 33, 'discount', '2017-07-06 08:04:15', 10233, 196, 0, 'cash', 0, 4, 200, 3, 0),
(234, 14, 'good', 47, 46, 'bonus', '2017-07-06 09:31:38', 10234, 455, 0, 'cash', 13.65, 0, 455, 3, 0),
(235, 14, 'good', 94, 89, 'bonus', '2017-07-06 09:36:14', 10235, 1503.5, 0, 'cash', 45.105, 0, 1503.5, 3, 11.8),
(236, 14, 'good', 97, 104, 'bonus', '2017-07-06 11:47:57', 10236, 520, 0, 'cash', 15.6, 0, 520, 3, 0),
(237, 14, 'good', 19, 39, 'discount', '2017-07-06 13:17:54', 10237, 1675.81, 0, 'cash', 0, 34.2003, 1710.02, 3, 10.17),
(238, 14, 'good', 80, 96, 'bonus', '2017-07-07 06:07:24', 10238, 350.14, 0, 'non-cash', 10.5042, 0, 350.14, 3, 11.48),
(239, 14, 'good', 39, 50, 'discount', '2017-07-07 06:09:56', 10239, 509.6, 0, 'cash', 0, 10.4, 520, 3, 0),
(240, 14, 'good', 20, 38, 'bonus', '2017-07-07 06:46:41', 10240, 792.575, 0, 'cash', 23.7773, 0, 792.575, 3, 34.05),
(241, 14, 'good', NULL, NULL, NULL, '2017-07-07 07:07:19', 10241, 33.5, 0, 'cash', NULL, NULL, 33.5, 3, 1),
(243, 14, 'good', NULL, NULL, NULL, '2017-07-07 07:09:59', 10243, 750.45, 0, 'cash', NULL, NULL, 750.45, 3, 25.1),
(244, 14, 'good', 90, 60, 'bonus', '2017-07-07 07:51:56', 10244, 1220, 0, 'cash', 36.6, 0, 1220, 3, 0),
(245, 14, 'good', 85, 93, 'bonus', '2017-07-07 08:15:28', 10245, 300.16, 0, 'cash', 9.0048, 0, 300.16, 3, 10.72),
(247, 14, 'good', 81, 70, 'bonus', '2017-07-07 08:47:17', 10247, 1834.96, 0, 'cash', 55.049, 0, 1834.96, 3, 40.09),
(249, 14, 'good', NULL, NULL, NULL, '2017-07-07 09:41:29', 10249, 6899.99, 0, 'cash', NULL, NULL, 6899.99, 3, 0),
(252, 14, 'good', 36, 32, 'bonus', '2017-07-07 09:50:02', 10252, 1200, 0, 'cash', 36, 0, 1200, 3, 0),
(254, 14, 'good', 36, 32, 'bonus', '2017-07-07 09:53:21', 10254, 89.975, 0, 'cash', 2.69925, 0, 89.975, 3, 2.95),
(255, 14, 'good', NULL, NULL, NULL, '2017-07-07 10:01:16', 10255, 9800.1, 0, 'cash', NULL, NULL, 9800.1, 3, 49.56),
(256, 14, 'good', 57, 76, 'discount', '2017-07-07 11:14:47', 10256, 735, 0, 'cash', 0, 15, 750, 3, 0),
(257, 14, 'good', 25, 22, 'bonus', '2017-07-07 12:46:37', 10257, 840, 0, 'non-cash', 25.2, 0, 840, 3, 0),
(258, 14, 'good', 73, 79, 'discount', '2017-07-07 13:00:09', 10258, 588.608, 0, 'cash', 0, 12.0124, 600.62, 3, 20.36),
(259, 14, 'good', 46, 47, 'bonus', '2017-07-07 13:53:41', 10259, 1170, 0, 'cash', 35.1, 0, 1170, 3, 0),
(260, 14, 'good', 48, 41, 'bonus', '2017-07-07 14:22:08', 10260, 350.025, 0, 'cash', 10.5007, 0, 350.025, 3, 10.77),
(261, 14, 'good', 67, 63, 'discount', '2017-07-07 14:24:37', 10261, 2156, 0, 'cash', 0, 44, 2200, 3, 0),
(262, 14, 'good', 16, 7, 'discount', '2017-07-08 05:46:05', 10262, 1429.7, 0, 'cash', 0, 29.1775, 1458.88, 3, 32.75),
(263, 14, 'good', 63, 81, 'bonus', '2017-07-08 06:00:30', 10263, 780, 0, 'cash', 23.4, 0, 780, 3, 0),
(264, 14, 'good', 34, 9, 'discount', '2017-07-08 06:27:11', 10264, 196, 0, 'cash', 0, 4, 200, 3, 0),
(265, 14, 'good', 71, 69, 'bonus', '2017-07-08 06:29:27', 10265, 600.25, 0, 'cash', 18.0075, 0, 600.25, 3, 8.3),
(266, 14, 'good', 34, 9, 'discount', '2017-07-08 06:32:52', 10266, 196, 0, 'cash', 0, 4, 200, 3, 0),
(267, 14, 'good', 62, 62, 'bonus', '2017-07-08 07:03:54', 10267, 1220, 0, 'cash', 36.6, 0, 1220, 3, 0),
(268, 14, 'good', 100, 102, 'bonus', '2017-07-08 07:26:25', 10268, 895.13, 0, 'cash', 26.8539, 0, 895.13, 3, 25.89),
(270, 14, 'good', 64, 73, 'bonus', '2017-07-08 10:35:41', 10270, 4430, 0, 'cash', 132.9, 0, 4430, 3, 0),
(271, 14, 'good', 96, 90, 'bonus', '2017-07-08 11:42:53', 10271, 600, 0, 'cash', 18, 0, 600, 3, 0),
(272, 14, 'good', 61, 59, 'bonus', '2017-07-08 12:18:34', 10272, 480, 0, 'cash', 14.4, 0, 480, 3, 0),
(273, 14, 'good', 48, 41, 'bonus', '2017-07-09 05:00:02', 10273, 2400, 0, 'cash', 72, 0, 2400, 3, 0),
(274, 14, 'good', 48, 41, 'bonus', '2017-07-09 05:02:03', 10274, 440.1, 0, 'cash', 13.203, 0, 440.1, 3, 32.6),
(275, 14, 'good', 91, 92, 'bonus', '2017-07-09 05:03:36', 10275, 770, 0, 'cash', 23.1, 0, 770, 3, 0),
(276, 14, 'good', 95, 110, 'bonus', '2017-07-09 05:29:12', 10276, 5106.25, 0, 'cash', 153.188, 0, 5106.25, 3, 30.9),
(277, 14, 'good', 29, 13, 'discount', '2017-07-09 06:29:11', 10277, 196, 0, 'cash', 0, 4, 200, 3, 0),
(278, 14, 'good', 94, 89, 'bonus', '2017-07-09 07:01:49', 10278, 1220, 0, 'cash', 36.6, 0, 1220, 3, 0),
(279, 14, 'good', 66, 77, 'discount', '2017-07-09 07:23:28', 10279, 245.049, 0, 'cash', 0, 5.001, 250.05, 3, 1.54),
(280, 14, 'good', 41, 48, 'bonus', '2017-07-09 08:09:57', 10280, 740.235, 0, 'cash', 22.2071, 0, 740.235, 3, 24.27),
(281, 14, 'good', 65, 78, 'bonus', '2017-07-09 09:00:44', 10281, 5120, 0, 'cash', 153.6, 0, 5120, 3, 0),
(282, 14, 'good', 65, 78, 'bonus', '2017-07-09 09:03:12', 10282, 2440, 0, 'non-cash', 73.2, 0, 2440, 3, 0),
(283, 14, 'good', 80, 96, 'bonus', '2017-07-09 09:11:15', 10283, 876.2, 0, 'non-cash', 26.286, 0, 876.2, 3, 28.76),
(284, 14, 'good', 80, 96, 'bonus', '2017-07-09 09:18:12', 10284, 152, 0, 'non-cash', 4.56, 0, 152, 3, 7.6),
(285, 14, 'good', NULL, NULL, NULL, '2017-07-10 05:08:16', 10285, 1249.8, 0, 'cash', NULL, NULL, 1249.8, 3, 18.64),
(286, 14, 'good', 86, 61, 'bonus', '2017-07-10 05:42:52', 10286, 1673.25, 0, 'cash', 50.1975, 0, 1673.25, 3, 16.7),
(287, 14, 'good', 91, 92, 'bonus', '2017-07-10 05:47:14', 10287, 700, 0, 'cash', 21, 0, 700, 3, 0),
(288, 14, 'good', NULL, NULL, NULL, '2017-07-10 06:41:10', 10288, 889.65, 0, 'cash', NULL, NULL, 889.65, 3, 21.22),
(289, 14, 'good', 32, 11, 'discount', '2017-07-10 06:54:31', 10289, 3980.01, 0, 'cash', 0, 81.2246, 4061.23, 3, 30.86),
(290, 14, 'good', 31, 18, 'bonus', '2017-07-10 06:56:28', 10290, 1200, 0, 'cash', 36, 0, 1200, 3, 0),
(291, 14, 'good', 32, 11, 'discount', '2017-07-10 06:58:42', 10291, 588, 0, 'cash', 0, 12, 600, 3, 0),
(292, 14, 'good', 55, 14, 'discount', '2017-07-10 07:32:50', 10292, 980, 0, 'cash', 0, 20, 1000, 3, 0),
(294, 14, 'good', 55, 14, 'discount', '2017-07-10 07:39:49', 10294, 392, 0, 'cash', 0, 8, 400, 3, 0),
(296, 14, 'good', 60, 84, 'bonus', '2017-07-10 08:29:31', 10296, 1890, 0, 'non-cash', 56.7, 0, 1890, 3, 0),
(297, 14, 'good', 75, 66, 'bonus', '2017-07-10 09:03:03', 10297, 1600.95, 0, 'cash', 48.0285, 0, 1600.95, 3, 15.1),
(298, 14, 'good', 35, 10, 'discount', '2017-07-10 09:08:58', 10298, 1019.2, 0, 'non-cash', 0, 20.8, 1040, 3, 0),
(299, 14, 'good', 35, 10, 'discount', '2017-07-10 09:10:36', 10299, 245, 0, 'non-cash', 0, 5, 250, 3, 0),
(300, 14, 'good', 20, 38, 'bonus', '2017-07-10 10:22:06', 10300, 404.95, 0, 'cash', 12.1485, 0, 404.95, 3, 12.46),
(301, 14, 'good', 45, 45, 'bonus', '2017-07-10 11:03:01', 10301, 810, 0, 'non-cash', 24.3, 0, 810, 3, 0),
(302, 14, 'good', 69, 71, 'bonus', '2017-07-10 12:39:03', 10302, 900, 0, 'cash', 27, 0, 900, 3, 0),
(304, 14, 'good', NULL, NULL, NULL, '2017-07-10 12:48:48', 10304, 431.46, 0, 'cash', NULL, NULL, 431.46, 3, 4.04),
(306, 14, 'good', NULL, NULL, NULL, '2017-07-11 05:18:01', 10306, 2000, 0, 'cash', NULL, NULL, 2000, 3, 0),
(307, 14, 'good', NULL, NULL, NULL, '2017-07-11 06:03:49', 10307, 100, 0, 'cash', NULL, NULL, 100, 3, 5),
(308, 14, 'good', 63, 81, 'bonus', '2017-07-11 06:55:06', 10308, 1000, 0, 'cash', 30, 0, 1000, 3, 0),
(309, 14, 'good', 74, 64, 'bonus', '2017-07-11 08:25:02', 10309, 285.12, 0, 'non-cash', 8.5536, 0, 285.12, 3, 7.92),
(310, 14, 'good', 57, 76, 'discount', '2017-07-11 08:57:46', 10310, 489.951, 0, 'cash', 0, 9.999, 499.95, 3, 15.15),
(311, 14, 'good', NULL, NULL, NULL, '2017-07-11 09:28:10', 10311, 600, 0, 'cash', NULL, NULL, 600, 3, 0),
(312, 14, 'cancel', 67, 63, 'discount', NULL, NULL, 2665.6, 0, NULL, 0, 54.4, 2720, 3, 0),
(313, 14, 'good', 29, 13, 'discount', '2017-07-11 13:55:57', 10313, 294.235, 0, 'cash', 0, 6.0048, 300.24, 3, 22.24),
(314, 14, 'good', 37, 56, 'discount', '2017-07-12 05:30:56', 10314, 345.332, 0, 'cash', 0, 7.0476, 352.38, 3, 13.23),
(315, 14, 'good', 23, 20, 'discount', '2017-07-12 06:17:27', 10315, 921.2, 0, 'cash', 0, 18.8, 940, 3, 7),
(316, 14, 'good', 79, 98, 'discount', '2017-07-12 06:55:19', 10316, 3572.1, 0, 'cash', 0, 72.9, 3645, 3, 0),
(318, 14, 'good', NULL, NULL, NULL, '2017-07-12 07:12:22', 10318, 9120.07, 0, 'cash', NULL, NULL, 9120.07, 3, 65.19),
(320, 14, 'good', NULL, NULL, NULL, '2017-07-12 07:20:12', 10320, 9273.02, 0, 'cash', NULL, NULL, 9273.02, 3, 76.52),
(322, 14, 'good', 85, 93, 'bonus', '2017-07-12 07:30:13', 10322, 2080, 0, 'cash', 62.4, 0, 2080, 3, 0),
(323, 14, 'good', 89, 80, 'bonus', '2017-07-12 07:36:19', 10323, 2693.2, 0, 'cash', 80.796, 0, 2693.2, 3, 44.36),
(324, 14, 'good', NULL, NULL, NULL, '2017-07-12 07:50:45', 10324, 1220, 0, 'cash', NULL, NULL, 1220, 3, 0),
(325, 14, 'good', 94, 89, 'bonus', '2017-07-12 08:30:34', 10325, 1904.95, 0, 'cash', 57.1485, 0, 1904.95, 3, 16.46),
(326, 14, 'good', 17, 15, 'bonus', '2017-07-12 08:37:12', 10326, 7280, 0, 'cash', 218.4, 0, 7280, 3, 0),
(327, 14, 'good', 58, 75, 'discount', '2017-07-12 11:31:55', 10327, 371.185, 0, 'cash', 0, 7.5752, 378.76, 3, 21.84),
(328, 14, 'good', 64, 73, 'bonus', '2017-07-12 12:58:43', 10328, 520, 0, 'cash', 15.6, 0, 520, 3, 0),
(329, 14, 'good', 15, 57, 'bonus', '2017-07-12 13:08:37', 10329, 402.6, 0, 'cash', 12.078, 0, 402.6, 3, 12.2),
(330, 14, 'good', 68, 68, 'bonus', '2017-07-12 13:51:27', 10330, 1200, 0, 'non-cash', 36, 0, 1200, 3, 0),
(331, 14, 'good', 29, 13, 'discount', '2017-07-12 13:56:21', 10331, 493.107, 0, 'cash', 0, 10.0634, 503.17, 3, 19.66),
(333, 14, 'good', 85, 93, 'bonus', '2017-07-12 14:06:50', 10333, 2419.96, 0, 'cash', 72.5988, 0, 2419.96, 3, 3.57),
(334, 14, 'good', NULL, NULL, NULL, '2017-07-12 14:19:10', 10334, 2900, 0, 'cash', NULL, NULL, 2900, 3, 0),
(335, 14, 'good', 50, 43, 'discount', '2017-07-12 14:22:11', 10335, 445.9, 0, 'non-cash', 0, 9.1, 455, 3, 0),
(336, 14, 'good', 73, 79, 'discount', '2017-07-12 14:57:30', 10336, 1176, 0, 'cash', 0, 24, 1200, 3, 0),
(337, 14, 'good', 40, 52, 'discount', '2017-07-13 05:07:08', 10337, 539.926, 0, 'non-cash', 0, 11.0189, 550.945, 3, 22.75),
(338, 14, 'good', 25, 22, 'bonus', '2017-07-13 06:03:52', 10338, 785.7, 0, 'non-cash', 23.571, 0, 785.7, 3, 29.1),
(339, 14, 'good', 92, 83, 'bonus', '2017-07-13 06:51:31', 10339, 455, 0, 'cash', 13.65, 0, 455, 3, 0),
(340, 14, 'good', 43, 23, 'bonus', '2017-07-13 08:06:33', 10340, 960, 0, 'cash', 28.8, 0, 960, 3, 0),
(341, 14, 'good', 59, 74, 'discount', '2017-07-13 08:57:52', 10341, 1176, 0, 'cash', 0, 24, 1200, 3, 0),
(342, 14, 'good', 82, 97, 'bonus', '2017-07-13 10:37:07', 10342, 2320, 0, 'cash', 69.6, 0, 2320, 3, 0),
(343, 14, 'good', 22, 25, 'bonus', '2017-07-13 10:47:18', 10343, 2424.9, 0, 'cash', 72.747, 0, 2424.9, 3, 82.2),
(344, 14, 'good', 57, 76, 'discount', '2017-07-13 13:41:17', 10344, 1705.31, 0, 'cash', 0, 34.8022, 1740.11, 3, 19.02),
(345, 14, 'good', 68, 68, 'bonus', '2017-07-13 13:52:14', 10345, 680, 0, 'non-cash', 20.4, 0, 680, 3, 0),
(346, 14, 'good', NULL, NULL, NULL, '2017-07-13 14:17:21', 10346, 8860, 0, 'cash', NULL, NULL, 8860, 3, 0),
(347, 14, 'good', 96, 90, 'bonus', '2017-07-14 06:41:55', 10347, 400, 0, 'cash', 12, 0, 400, 3, 0),
(348, 14, 'good', 74, 64, 'bonus', '2017-07-14 07:47:38', 10348, 700.2, 0, 'non-cash', 21.006, 0, 700.2, 3, 19.45),
(349, 14, 'good', 80, 96, 'bonus', '2017-07-14 07:51:57', 10349, 696.16, 0, 'non-cash', 20.8848, 0, 696.16, 3, 20.24),
(350, 14, 'good', 26, 33, 'discount', '2017-07-14 08:34:04', 10350, 4253.47, 0, 'cash', 0, 86.8056, 4340.28, 3, 21.06),
(351, 14, 'good', 100, 102, 'bonus', '2017-07-14 10:59:14', 10351, 680, 0, 'cash', 20.4, 0, 680, 3, 0),
(352, 14, 'good', 19, 39, 'discount', '2017-07-14 12:25:33', 10352, 588, 0, 'cash', 0, 12, 600, 3, 0),
(353, 14, 'good', 91, 92, 'bonus', '2017-07-14 14:12:36', 10353, 480, 0, 'cash', 14.4, 0, 480, 3, 0),
(355, 14, 'good', NULL, NULL, NULL, '2017-07-15 06:18:47', 10355, 4710, 0, 'cash', NULL, NULL, 4710, 3, 30),
(356, 14, 'good', NULL, NULL, NULL, '2017-07-15 07:01:08', 10356, 1950, 0, 'cash', NULL, NULL, 1950, 3, 0),
(358, 14, 'good', NULL, NULL, NULL, '2017-07-15 07:25:14', 10358, 1280, 0, 'cash', NULL, NULL, 1280, 3, 0),
(359, 14, 'good', 94, 89, 'bonus', '2017-07-15 07:39:28', 10359, 1953.65, 0, 'non-cash', 58.6095, 0, 1953.65, 3, 20.1),
(360, 14, 'good', 101, 101, 'bonus', '2017-07-15 08:22:32', 10360, 1160, 0, 'cash', 34.8, 0, 1160, 3, 0),
(361, 14, 'good', 20, 38, 'bonus', '2017-07-15 08:24:55', 10361, 519.82, 0, 'cash', 15.5946, 0, 519.82, 3, 22.12),
(363, 112, 'good', 116, 147, 'bonus', '2017-07-15 09:03:55', 10363, 820, 0, 'cash', 24.6, 0, 820, 4, 20),
(364, 14, 'good', 29, 13, 'discount', '2017-07-15 09:56:46', 10364, 588.304, 0, 'cash', 0, 12.0062, 600.31, 3, 37.06),
(365, 14, 'good', 61, 59, 'bonus', '2017-07-15 12:32:01', 10365, 440, 0, 'cash', 13.2, 0, 440, 3, 0),
(366, 14, 'good', 37, 56, 'discount', '2017-07-16 06:53:23', 10366, 1126.35, 0, 'cash', 0, 22.9868, 1149.34, 3, 46.96),
(367, 14, 'good', 52, 36, 'discount', '2017-07-16 08:00:52', 10367, 980, 0, 'cash', 0, 20, 1000, 3, 0),
(368, 112, 'good', 116, 147, 'bonus', '2017-07-16 08:44:25', 10368, 1140, 0, 'cash', 34.2, 0, 1140, 4, 0),
(369, 14, 'good', 62, 62, 'bonus', '2017-07-16 09:13:50', 10369, 1220, 0, 'non-cash', 36.6, 0, 1220, 3, 0),
(370, 14, 'good', 73, 79, 'discount', '2017-07-17 07:59:32', 10370, 346.185, 0, 'cash', 0, 7.065, 353.25, 3, 28.26),
(371, 14, 'good', 39, 50, 'discount', '2017-07-17 08:20:31', 10371, 686, 0, 'cash', 0, 14, 700, 3, 24.5),
(372, 14, 'good', 90, 60, 'bonus', '2017-07-17 09:32:52', 10372, 1334, 0, 'cash', 40.02, 0, 1334, 3, 2),
(373, 14, 'good', 43, 23, 'bonus', '2017-07-17 11:24:45', 10373, 2080, 0, 'cash', 62.4, 0, 2080, 3, 0),
(374, 14, 'good', 81, 70, 'bonus', '2017-07-17 12:08:00', 10374, 945, 0, 'cash', 28.35, 0, 945, 3, 94.5),
(375, 14, 'good', NULL, NULL, NULL, '2017-07-17 12:45:43', 10375, 1740, 0, 'cash', NULL, NULL, 1740, 3, 0),
(376, 14, 'good', 68, 68, 'bonus', '2017-07-17 13:19:53', 10376, 1300, 0, 'cash', 39, 0, 1300, 3, 0),
(377, 14, 'good', 51, 55, 'discount', '2017-07-18 05:59:23', 10377, 980, 0, 'cash', 0, 20, 1000, 3, 0),
(378, 14, 'good', 77, 86, 'bonus', '2017-07-18 07:16:08', 10378, 680, 0, 'cash', 20.4, 0, 680, 3, 0),
(379, 14, 'good', 94, 89, 'bonus', '2017-07-18 07:33:09', 10379, 1067.5, 0, 'non-cash', 32.025, 0, 1067.5, 3, 19),
(380, 14, 'good', 91, 92, 'bonus', '2017-07-18 08:04:22', 10380, 319.19, 0, 'cash', 9.5757, 0, 319.19, 3, 10.82),
(381, 14, 'good', NULL, NULL, NULL, '2017-07-18 08:12:19', 10381, 2735, 0, 'cash', NULL, NULL, 2735, 3, 0),
(382, 14, 'good', NULL, NULL, NULL, '2017-07-18 08:13:51', 10382, 1900, 0, 'cash', NULL, NULL, 1900, 3, 0),
(383, 14, 'good', 82, 97, 'bonus', '2017-07-18 08:48:38', 10383, 445.399, 234.601, 'cash', 13.362, 0, 680, 3, 0),
(384, 14, 'good', NULL, NULL, NULL, '2017-07-18 11:48:32', 10384, 1210, 0, 'cash', NULL, NULL, 1210, 3, 0),
(385, 14, 'good', 86, 61, 'bonus', '2017-07-18 14:03:33', 10385, 883.49, 0, 'cash', 26.5047, 0, 883.49, 3, 7.98),
(386, 14, 'good', 50, 43, 'discount', '2017-07-18 14:35:19', 10386, 1906.1, 0, 'cash', 0, 38.9, 1945, 3, 0),
(387, 14, 'good', NULL, NULL, NULL, '2017-07-18 15:52:09', 10387, 1735, 0, 'cash', NULL, NULL, 1735, 3, 25),
(388, 14, 'good', NULL, NULL, NULL, '2017-07-19 10:27:29', 10388, 290, 0, 'cash', NULL, NULL, 290, 3, 0),
(389, 14, 'good', NULL, NULL, NULL, '2017-07-19 12:45:04', 10389, 1726.46, 0, 'cash', NULL, NULL, 1726.46, 3, 3.04),
(390, 14, 'good', NULL, NULL, NULL, '2017-07-20 05:11:35', 10390, 1749, 0, 'cash', NULL, NULL, 1749, 3, 19),
(391, 14, 'good', 109, 111, 'bonus', '2017-07-20 05:40:06', 10391, 1121.85, 0, 'non-cash', 33.6555, 0, 1121.85, 3, 39.6),
(392, 14, 'good', NULL, NULL, NULL, '2017-07-20 06:58:34', 10392, 325.5, 0, 'cash', NULL, NULL, 325.5, 3, 21),
(393, 14, 'good', 72, 65, 'bonus', '2017-07-20 08:21:10', 10393, 1715, 0, 'cash', 51.45, 0, 1715, 3, 0),
(394, 14, 'good', 16, 7, 'discount', '2017-07-20 09:01:43', 10394, 1505.28, 0, 'cash', 0, 30.72, 1536, 3, 13),
(395, 14, 'good', 45, 45, 'bonus', '2017-07-20 09:20:53', 10395, 520, 0, 'cash', 15.6, 0, 520, 3, 0),
(396, 14, 'good', 26, 33, 'discount', '2017-07-20 10:17:05', 10396, 1048.6, 0, 'cash', 0, 21.4, 1070, 3, 0),
(397, 14, 'good', 58, 75, 'discount', '2017-07-20 10:30:37', 10397, 281.995, 0, 'cash', 0, 5.755, 287.75, 3, 19.6),
(398, 14, 'good', 91, 92, 'bonus', '2017-07-20 10:46:30', 10398, 1060, 0, 'cash', 31.8, 0, 1060, 3, 0),
(399, 14, 'cancel', NULL, NULL, NULL, NULL, NULL, 3880, 0, NULL, NULL, NULL, 3880, 3, 0),
(400, 14, 'cancel', NULL, NULL, NULL, NULL, NULL, 642.5, 0, NULL, NULL, NULL, 642.5, 3, 25),
(401, 14, 'cancel', NULL, NULL, NULL, NULL, NULL, 44.25, 0, NULL, NULL, NULL, 44.25, 3, 1.5),
(402, 14, 'good', 65, 78, 'bonus', '2017-07-20 14:40:50', 10402, 3689.88, 0, 'non-cash', 110.696, 0, 3689.88, 3, 10.71),
(403, 14, 'good', 107, 115, 'bonus', '2017-07-21 06:10:42', 10403, 455, 0, 'cash', 13.65, 0, 455, 3, 0),
(405, 14, 'good', 31, 18, 'bonus', '2017-07-21 06:16:40', 10405, 520, 0, 'cash', 15.6, 0, 520, 3, 0),
(406, 14, 'good', NULL, NULL, NULL, '2017-07-21 06:49:53', 10406, 2040, 0, 'cash', NULL, NULL, 2040, 3, 0),
(407, 14, 'good', 46, 47, 'bonus', '2017-07-21 07:54:51', 10407, 352.35, 0, 'cash', 10.5705, 0, 352.35, 3, 24.3),
(408, 14, 'good', 94, 89, 'bonus', '2017-07-21 08:00:51', 10408, 1519.88, 0, 'non-cash', 45.5964, 0, 1519.88, 3, 10.71),
(409, 14, 'good', 56, 28, 'bonus', '2017-07-21 08:05:56', 10409, 1440, 0, 'cash', 43.2, 0, 1440, 3, 0),
(410, 14, 'good', 56, 28, 'bonus', '2017-07-21 08:07:20', 10410, 250, 0, 'cash', 7.5, 0, 250, 3, 0),
(412, 14, 'good', 29, 13, 'discount', '2017-07-21 08:53:35', 10412, 395.195, 0, 'cash', 0, 8.0652, 403.26, 3, 17.16),
(413, 14, 'good', 80, 96, 'bonus', '2017-07-21 09:18:50', 10413, 800, 0, 'non-cash', 24, 0, 800, 3, 0),
(414, 14, 'good', 73, 79, 'discount', '2017-07-21 09:37:16', 10414, 1440.35, 0, 'cash', 0, 29.395, 1469.75, 3, 30.9),
(415, 14, 'good', 108, 121, 'bonus', '2017-07-21 09:51:28', 10415, 1174.9, 0, 'cash', 35.247, 0, 1174.9, 3, 37.9),
(416, 14, 'good', 108, 121, 'bonus', '2017-07-21 09:56:30', 10416, 440, 0, 'cash', 13.2, 0, 440, 3, 0),
(417, 14, 'good', 47, 46, 'bonus', '2017-07-21 10:06:46', 10417, 671, 0, 'cash', 20.13, 0, 671, 3, 12),
(418, 14, 'good', NULL, NULL, NULL, '2017-07-21 10:33:08', 10418, 840, 0, 'cash', NULL, NULL, 840, 3, 0),
(419, 14, 'good', 43, 23, 'bonus', '2017-07-21 10:40:44', 10419, 1920, 0, 'cash', 57.6, 0, 1920, 3, 0),
(420, 14, 'cancel', 36, 32, 'bonus', NULL, NULL, 1160, 0, NULL, 34.8, 0, 1160, 3, 0),
(421, 14, 'good', 36, 32, 'bonus', '2017-07-21 11:31:00', 10421, 1410, 0, 'cash', 42.3, 0, 1410, 3, 0),
(422, 14, 'good', 36, 32, 'bonus', '2017-07-21 11:35:37', 10422, 200, 0, 'cash', 6, 0, 200, 3, 0),
(423, 14, 'good', 111, 123, 'bonus', '2017-07-21 11:41:38', 10423, 480, 0, 'cash', 14.4, 0, 480, 3, 0),
(424, 14, 'good', 68, 68, 'bonus', '2017-07-21 12:34:08', 10424, 1160, 0, 'cash', 34.8, 0, 1160, 3, 0),
(425, 14, 'good', NULL, NULL, NULL, '2017-07-21 13:01:55', 10425, 450, 0, 'cash', NULL, NULL, 450, 3, 0),
(426, 14, 'good', 50, 43, 'discount', '2017-07-21 13:51:29', 10426, 1176, 0, 'cash', 0, 24, 1200, 3, 0),
(427, 14, 'good', 106, 116, 'discount', '2017-07-22 05:12:28', 10427, 1518.8, 0, 'cash', 0, 30.996, 1549.8, 3, 57.4),
(428, 14, 'cancel', 63, 81, 'bonus', NULL, NULL, 570.06, 0, NULL, 17.1018, 0, 570.06, 3, 31.67),
(429, 14, 'good', 63, 81, 'bonus', '2017-07-22 05:48:46', 10429, 2720.64, 0, 'cash', 81.6192, 0, 2720.64, 3, 84.14),
(430, 14, 'good', 35, 10, 'discount', '2017-07-22 07:08:30', 10430, 1082.99, 0, 'non-cash', 0, 22.1019, 1105.09, 3, 2.77),
(432, 14, 'good', 59, 74, 'discount', '2017-07-22 07:45:39', 10432, 470.4, 0, 'cash', 0, 9.6, 480, 3, 0),
(433, 14, 'good', 102, 106, 'discount', '2017-07-22 08:06:39', 10433, 1609.31, 0, 'cash', 0, 32.843, 1642.15, 3, 17.7),
(434, 14, 'good', 86, 61, 'bonus', '2017-07-22 12:01:18', 10434, 1360, 0, 'cash', 40.8, 0, 1360, 3, 0),
(435, 14, 'good', NULL, NULL, NULL, '2017-07-22 12:34:56', 10435, 400, 0, 'cash', NULL, NULL, 400, 3, 0),
(436, 14, 'good', 74, 64, 'bonus', '2017-07-23 06:09:26', 10436, 250.52, 0, 'non-cash', 7.5156, 0, 250.52, 3, 11.16),
(437, 14, 'good', 79, 98, 'discount', '2017-07-23 06:31:53', 10437, 2077.6, 0, 'cash', 0, 42.4, 2120, 3, 0),
(439, 14, 'good', NULL, NULL, NULL, '2017-07-23 06:39:22', 10439, 850.81, 0, 'cash', NULL, NULL, 850.81, 3, 20.06),
(441, 14, 'good', 50, 43, 'discount', '2017-07-23 08:12:03', 10441, 445.9, 0, 'non-cash', 0, 9.1, 455, 3, 0),
(442, 14, 'good', 68, 68, 'bonus', '2017-07-23 08:33:14', 10442, 1200, 0, 'cash', 36, 0, 1200, 3, 0),
(443, 14, 'good', 82, 97, 'bonus', '2017-07-23 08:51:08', 10443, 970, 0, 'cash', 29.1, 0, 970, 3, 0),
(444, 14, 'good', 91, 92, 'bonus', '2017-07-24 05:42:25', 10444, 600, 0, 'cash', 18, 0, 600, 3, 0),
(445, 14, 'good', 37, 56, 'discount', '2017-07-24 06:14:19', 10445, 867.3, 0, 'cash', 0, 17.7, 885, 3, 0),
(446, 14, 'good', NULL, NULL, NULL, '2017-07-24 06:54:05', 10446, 1000, 0, 'cash', NULL, NULL, 1000, 3, 80),
(447, 14, 'good', 60, 84, 'bonus', '2017-07-24 06:56:27', 10447, 1160, 0, 'non-cash', 34.8, 0, 1160, 3, 0),
(448, 14, 'good', 94, 89, 'bonus', '2017-07-24 07:52:04', 10448, 2500, 0, 'non-cash', 75, 0, 2500, 3, 0),
(449, 14, 'good', 94, 89, 'bonus', '2017-07-24 07:53:11', 10449, 1100, 0, 'non-cash', 33, 0, 1100, 3, 0),
(451, 14, 'good', 21, 24, 'bonus', '2017-07-24 11:27:34', 10451, 435, 0, 'cash', 13.05, 0, 435, 3, 0),
(452, 14, 'good', 101, 101, 'bonus', '2017-07-24 11:50:51', 10452, 1160, 0, 'cash', 34.8, 0, 1160, 3, 0),
(453, 14, 'good', NULL, NULL, NULL, '2017-07-24 13:54:11', 10453, 201.5, 0, 'cash', NULL, NULL, 201.5, 3, 6.2),
(454, 14, 'good', 40, 52, 'discount', '2017-07-25 05:07:13', 10454, 284.2, 0, 'non-cash', 0, 5.8, 290, 3, 0),
(455, 14, 'good', 58, 75, 'discount', '2017-07-25 06:55:55', 10455, 606.987, 0, 'cash', 0, 12.3875, 619.375, 3, 13.55),
(456, 112, 'good', 124, 155, 'bonus', '2017-07-25 08:20:04', 10456, 1145, 0, 'cash', 34.35, 0, 1145, 4, 5),
(457, 14, 'good', NULL, NULL, NULL, '2017-07-25 09:55:27', 10457, 7010, 0, 'cash', NULL, NULL, 7010, 3, 0),
(458, 14, 'good', 100, 102, 'bonus', '2017-07-25 10:05:31', 10458, 1120, 0, 'cash', 33.6, 0, 1120, 3, 0),
(459, 14, 'good', 26, 33, 'discount', '2017-07-25 11:56:31', 10459, 3822, 0, 'cash', 0, 78, 3900, 3, 0),
(461, 14, 'good', 39, 50, 'discount', '2017-07-25 13:24:21', 10461, 749.7, 0, 'cash', 0, 15.3, 765, 3, 24.5),
(462, 14, 'good', 48, 41, 'bonus', '2017-07-25 13:49:06', 10462, 4640, 0, 'cash', 139.2, 0, 4640, 3, 0),
(463, 14, 'good', 37, 56, 'discount', '2017-07-26 05:26:41', 10463, 641.802, 0, 'cash', 0, 13.098, 654.9, 3, 11.8),
(464, 14, 'good', 96, 90, 'bonus', '2017-07-26 05:58:11', 10464, 600, 0, 'cash', 18, 0, 600, 3, 8),
(465, 14, 'good', 79, 98, 'discount', '2017-07-26 07:17:05', 10465, 1901.2, 0, 'cash', 0, 38.8, 1940, 3, 0),
(466, 14, 'good', 107, 115, 'bonus', '2017-07-26 07:42:30', 10466, 780.975, 0, 'cash', 23.4293, 0, 780.975, 3, 57.85),
(467, 112, 'good', 130, 162, 'bonus', '2017-07-26 07:47:30', 10467, 1620, 0, 'cash', 48.6, 0, 1620, 4, 0),
(468, 112, 'good', 130, 162, 'bonus', '2017-07-26 07:50:13', 10468, 170, 0, 'cash', 5.1, 0, 170, 4, 10),
(469, 14, 'cancel', 89, 80, 'bonus', NULL, NULL, 37250.8, 0, NULL, 1117.52, 0, 37250.8, 3, 41.87),
(470, 14, 'good', 89, 80, 'bonus', '2017-07-26 08:01:32', 10470, 2979.99, 0, 'cash', 89.3997, 0, 2979.99, 3, 0),
(471, 14, 'good', 63, 81, 'bonus', '2017-07-26 10:47:00', 10471, 4100, 0, 'cash', 123, 0, 4100, 3, 0),
(472, 112, 'good', 116, 147, 'bonus', '2017-07-26 11:23:44', 10472, 1200, 0, 'cash', 36, 0, 1200, 4, 0),
(473, 112, 'good', 116, 147, 'bonus', '2017-07-26 11:29:50', 10473, 8674, 0, 'cash', 260.22, 0, 8674, 4, 14),
(474, 112, 'good', 129, 160, 'bonus', '2017-07-26 11:31:29', 10474, 355, 0, 'cash', 10.65, 0, 355, 4, 20),
(475, 112, 'good', 126, 157, 'bonus', '2017-07-26 11:32:20', 10475, 1070, 0, 'cash', 32.1, 0, 1070, 4, 0),
(476, 112, 'good', 122, 153, 'bonus', '2017-07-26 11:33:11', 10476, 581, 0, 'cash', 17.43, 0, 581, 4, 2),
(477, 14, 'good', 40, 52, 'discount', '2017-07-26 11:51:11', 10477, 284.2, 0, 'cash', 0, 5.8, 290, 3, 0),
(478, 14, 'good', NULL, NULL, NULL, '2017-07-26 13:52:22', 10478, 1680, 0, 'cash', NULL, NULL, 1680, 3, 0),
(479, 14, 'good', 86, 61, 'bonus', '2017-07-27 07:38:11', 10479, 660.6, 0, 'cash', 19.818, 0, 660.6, 3, 36.7),
(480, 14, 'good', 94, 89, 'bonus', '2017-07-27 08:03:56', 10480, 986.915, 383.085, 'non-cash', 29.6075, 0, 1370, 3, 0),
(481, 14, 'good', 19, 39, 'discount', '2017-07-27 09:05:25', 10481, 4076.8, 0, 'non-cash', 0, 83.2, 4160, 3, 0),
(482, 112, 'good', 114, 146, 'bonus', '2017-07-27 09:28:36', 10482, 814.5, 0, 'cash', 24.435, 0, 814.5, 4, 3),
(483, 14, 'good', 62, 62, 'bonus', '2017-07-27 09:50:09', 10483, 3480.04, 0, 'cash', 104.401, 0, 3480.04, 3, 52.44),
(484, 14, 'good', 36, 32, 'bonus', '2017-07-27 09:57:50', 10484, 450.17, 0, 'cash', 13.5051, 0, 450.17, 3, 15.26),
(485, 14, 'good', NULL, NULL, NULL, '2017-07-27 11:03:27', 10485, 1400, 0, 'non-cash', NULL, NULL, 1400, 3, 0),
(487, 14, 'good', NULL, NULL, NULL, '2017-07-27 11:35:57', 10487, 963.62, 0, 'cash', NULL, NULL, 963.62, 3, 33.16),
(488, 14, 'good', 65, 78, 'bonus', '2017-07-27 14:23:50', 10488, 2926, 0, 'cash', 87.78, 0, 2926, 3, 0),
(489, 14, 'good', 25, 22, 'bonus', '2017-07-27 14:53:53', 10489, 840, 0, 'non-cash', 25.2, 0, 840, 3, 0),
(490, 14, 'good', NULL, NULL, NULL, '2017-07-28 07:56:36', 10490, 880, 0, 'cash', NULL, NULL, 880, 3, 0),
(491, 14, 'good', 136, 130, 'bonus', '2017-07-28 08:55:35', 10491, 1300, 0, 'cash', 39, 0, 1300, 3, 0),
(495, 14, 'good', 95, 110, 'bonus', '2017-07-28 10:27:48', 10495, 10160, 0, 'cash', 304.8, 0, 10160, 3, 30),
(498, 14, 'good', 86, 61, 'bonus', '2017-07-28 12:03:42', 10498, 200, 0, 'cash', 6, 0, 200, 3, 0),
(499, 14, 'good', 38, 49, 'discount', '2017-07-28 12:49:56', 10499, 1097.6, 0, 'cash', 0, 22.4, 1120, 3, 0),
(500, 14, 'good', 80, 96, 'bonus', '2017-07-29 05:12:15', 10500, 948.89, 0, 'non-cash', 28.4667, 0, 948.89, 3, 27.01),
(501, 14, 'good', 53, 31, 'discount', '2017-07-29 06:58:05', 10501, 1327.9, 0, 'cash', 0, 27.1, 1355, 3, 0),
(502, 14, 'good', NULL, NULL, NULL, '2017-07-29 07:05:57', 10502, 475, 0, 'cash', NULL, NULL, 475, 3, 23.75),
(503, 112, 'good', 116, 147, 'bonus', '2017-07-29 08:29:37', 10503, 844.98, 355.02, 'cash', 25.3494, 0, 1200, 4, 0),
(504, 14, 'good', 135, 129, 'bonus', '2017-07-29 08:53:57', 10504, 325, 0, 'cash', 9.75, 0, 325, 3, 10),
(505, 14, 'good', 135, 129, 'bonus', '2017-07-29 08:56:28', 10505, 480, 0, 'cash', 14.4, 0, 480, 3, 0),
(507, 14, 'good', 68, 68, 'bonus', '2017-07-29 09:53:34', 10507, 1612.4, 267.6, 'non-cash', 48.372, 0, 1880, 3, 0),
(508, 14, 'good', 68, 68, 'bonus', '2017-07-29 09:57:00', 10508, 1200, 0, 'cash', 36, 0, 1200, 3, 0),
(509, 14, 'good', 50, 43, 'discount', '2017-07-29 10:08:47', 10509, 2210.18, 0, 'non-cash', 0, 45.1058, 2255.29, 3, 23.04),
(510, 112, 'good', 117, 148, 'bonus', '2017-07-29 10:11:48', 10510, 440, 0, 'cash', 13.2, 0, 440, 4, 0),
(511, 112, 'good', 117, 148, 'bonus', '2017-07-29 10:12:47', 10511, 440, 0, 'cash', 13.2, 0, 440, 4, 0),
(514, 112, 'good', 116, 147, 'bonus', '2017-07-29 10:55:07', 10514, 1280, 0, 'cash', 38.4, 0, 1280, 4, 0),
(515, 14, 'good', 22, 25, 'bonus', '2017-07-29 11:02:41', 10515, 450, 0, 'non-cash', 13.5, 0, 450, 3, 0),
(516, 14, 'good', 45, 45, 'bonus', '2017-07-30 06:11:42', 10516, 520, 0, 'cash', 15.6, 0, 520, 3, 0),
(517, 14, 'good', 56, 28, 'bonus', '2017-07-30 07:22:23', 10517, 1640, 0, 'cash', 49.2, 0, 1640, 3, 0),
(518, 112, 'good', 126, 157, 'bonus', '2017-07-30 07:27:20', 10518, 1070, 0, 'cash', 32.1, 0, 1070, 4, 0),
(519, 14, 'good', 96, 90, 'bonus', '2017-07-30 07:56:48', 10519, 300.125, 0, 'cash', 9.00375, 0, 300.125, 3, 17.15),
(520, 14, 'good', NULL, NULL, NULL, '2017-07-30 07:57:54', 10520, 900, 0, 'cash', NULL, NULL, 900, 3, 0),
(521, 112, 'good', 114, 146, 'bonus', '2017-07-30 07:58:06', 10521, 87, 0, 'cash', 2.61, 0, 87, 4, 3),
(523, 14, 'good', 71, 69, 'bonus', '2017-07-30 08:27:04', 10523, 300, 0, 'cash', 9, 0, 300, 3, 30),
(524, 14, 'good', 84, 94, 'bonus', '2017-07-30 09:01:25', 10524, 385.165, 0, 'cash', 11.5549, 0, 385.165, 3, 16.39),
(525, 14, 'good', 52, 36, 'discount', '2017-07-30 09:40:14', 10525, 705.6, 0, 'cash', 0, 14.4, 720, 3, 72),
(526, 112, 'cancel', 123, 154, 'bonus', NULL, NULL, 1160, 0, NULL, 34.8, 0, 1160, 4, 0),
(529, 112, 'good', 123, 154, 'bonus', '2017-07-30 10:08:12', 10529, 1900, 0, 'cash', 57, 0, 1900, 4, 0),
(530, 14, 'good', NULL, NULL, NULL, '2017-07-31 05:21:41', 10530, 1875, 0, 'cash', NULL, NULL, 1875, 3, 0),
(531, 14, 'good', 43, 23, 'bonus', '2017-07-31 07:17:11', 10531, 600, 0, 'cash', 18, 0, 600, 3, 0),
(532, 14, 'good', 90, 60, 'bonus', '2017-07-31 07:34:31', 10532, 2320.25, 0, 'cash', 69.6075, 0, 2320.25, 3, 61.85),
(533, 14, 'good', 37, 56, 'discount', '2017-07-31 09:15:48', 10533, 940.8, 0, 'cash', 0, 19.2, 960, 3, 0),
(534, 14, 'good', 97, 104, 'bonus', '2017-07-31 09:55:35', 10534, 1154.95, 0, 'cash', 34.6485, 0, 1154.95, 3, 8.33),
(536, 14, 'good', 35, 10, 'discount', '2017-07-31 12:14:22', 10536, 1019.2, 0, 'cash', 0, 20.8, 1040, 3, 0),
(537, 14, 'good', 102, 106, 'discount', '2017-07-31 12:31:29', 10537, 588, 0, 'cash', 0, 12, 600, 3, 0),
(538, 14, 'good', 91, 92, 'bonus', '2017-07-31 13:24:55', 10538, 620, 0, 'cash', 18.6, 0, 620, 3, 0),
(539, 14, 'good', 65, 78, 'bonus', '2017-07-31 14:23:21', 10539, 2520, 0, 'non-cash', 75.6, 0, 2520, 3, 0),
(540, 14, 'good', 42, 53, 'bonus', '2017-07-31 14:32:28', 10540, 960, 0, 'cash', 28.8, 0, 960, 3, 0),
(541, 14, 'good', 48, 41, 'bonus', '2017-08-01 05:04:23', 10541, 3480, 0, 'cash', 104.4, 0, 3480, 3, 0);
INSERT INTO `shop_seller_history` (`id`, `seller_user_id`, `status`, `client_user_id`, `card_id`, `card_type`, `date`, `code`, `total_sum`, `payment_bonus`, `pay_method`, `total_bonuses_sum`, `total_discount_sum`, `full_sum`, `shop_id`, `total_sale_kg`) VALUES
(542, 14, 'good', 109, 111, 'bonus', '2017-08-01 05:30:18', 10542, 2150.04, 0, 'non-cash', 64.5012, 0, 2150.04, 3, 52.44),
(543, 112, 'good', 116, 147, 'bonus', '2017-08-01 06:45:14', 10543, 2360, 0, 'cash', 70.8, 0, 2360, 4, 0),
(544, 14, 'good', 80, 96, 'bonus', '2017-08-01 07:18:56', 10544, 466, 0, 'non-cash', 13.98, 0, 466, 3, 46.6),
(545, 14, 'good', 26, 33, 'discount', '2017-08-01 07:36:17', 10545, 3586.8, 0, 'cash', 0, 73.2, 3660, 3, 0),
(546, 14, 'good', 96, 90, 'bonus', '2017-08-01 07:49:33', 10546, 200, 0, 'cash', 6, 0, 200, 3, 0),
(547, 112, 'good', 124, 155, 'bonus', '2017-08-01 10:39:32', 10547, 1200, 0, 'cash', 36, 0, 1200, 4, 0),
(548, 14, 'good', 25, 22, 'bonus', '2017-08-01 11:01:53', 10548, 880, 0, 'non-cash', 26.4, 0, 880, 3, 0),
(549, 14, 'good', 134, 128, 'bonus', '2017-08-01 12:10:17', 10549, 5600, 0, 'cash', 168, 0, 5600, 3, 0),
(550, 14, 'good', 109, 111, 'bonus', '2017-08-02 05:11:51', 10550, 1160, 0, 'non-cash', 34.8, 0, 1160, 3, 0),
(551, 14, 'good', NULL, NULL, NULL, '2017-08-02 06:13:28', 10551, 780, 0, 'cash', NULL, NULL, 780, 3, 0),
(552, 14, 'good', 86, 61, 'bonus', '2017-08-02 06:27:25', 10552, 680, 0, 'cash', 20.4, 0, 680, 3, 0),
(553, 14, 'good', 100, 102, 'bonus', '2017-08-02 08:56:11', 10553, 250, 0, 'cash', 7.5, 0, 250, 3, 25),
(554, 14, 'good', 84, 94, 'bonus', '2017-08-02 09:37:08', 10554, 840, 0, 'cash', 25.2, 0, 840, 3, 0),
(555, 14, 'good', NULL, NULL, NULL, '2017-08-02 11:45:10', 10555, 200, 0, 'cash', NULL, NULL, 200, 3, 0),
(556, 14, 'good', 79, 98, 'discount', '2017-08-02 13:04:03', 10556, 2508.8, 0, 'cash', 0, 51.2, 2560, 3, 0),
(557, 14, 'good', 115, 126, 'bonus', '2017-08-03 07:04:54', 10557, 1108.25, 0, 'cash', 33.2475, 0, 1108.25, 3, 13.3),
(558, 14, 'good', 19, 39, 'discount', '2017-08-03 08:08:54', 10558, 1744.4, 0, 'cash', 0, 35.6, 1780, 3, 0),
(559, 112, 'good', 114, 146, 'bonus', '2017-08-03 08:51:14', 10559, 600, 0, 'cash', 18, 0, 600, 4, 0),
(560, 112, 'good', 116, 147, 'bonus', '2017-08-03 10:03:46', 10560, 1220, 0, 'cash', 36.6, 0, 1220, 4, 0),
(561, 14, 'good', 15, 57, 'bonus', '2017-08-03 12:25:19', 10561, 496.513, 48.747, 'cash', 14.8954, 0, 545.26, 3, 17.1),
(562, 14, 'good', 42, 53, 'bonus', '2017-08-03 13:07:53', 10562, 4960, 0, 'cash', 148.8, 0, 4960, 3, 0),
(563, 112, 'good', 116, 147, 'bonus', '2017-08-03 13:11:29', 10563, 1298.7, 0, 'cash', 38.961, 0, 1298.7, 4, 4.2),
(564, 14, 'good', 101, 101, 'bonus', '2017-08-03 13:13:14', 10564, 1160, 0, 'cash', 34.8, 0, 1160, 3, 0),
(565, 14, 'good', 106, 116, 'discount', '2017-08-03 13:20:48', 10565, 1930.76, 0, 'cash', 0, 39.4032, 1970.16, 3, 2.32),
(566, 14, 'good', 45, 45, 'bonus', '2017-08-03 13:30:58', 10566, 520, 0, 'cash', 15.6, 0, 520, 3, 0),
(567, 14, 'good', 91, 92, 'bonus', '2017-08-03 13:49:44', 10567, 2160, 0, 'cash', 64.8, 0, 2160, 3, 0),
(568, 14, 'good', 91, 92, 'bonus', '2017-08-03 13:54:18', 10568, 65.07, 0, 'cash', 1.9521, 0, 65.07, 3, 4.82),
(569, 14, 'good', 107, 115, 'bonus', '2017-08-03 13:55:09', 10569, 455, 0, 'cash', 13.65, 0, 455, 3, 0),
(570, 112, 'good', 126, 157, 'bonus', '2017-08-04 05:30:30', 10570, 1070, 0, 'cash', 32.1, 0, 1070, 4, 0),
(571, 14, 'good', NULL, NULL, NULL, '2017-08-04 05:50:16', 10571, 500, 0, 'cash', NULL, NULL, 500, 3, 0),
(572, 112, 'good', 130, 162, 'bonus', '2017-08-04 10:07:34', 10572, 706, 0, 'cash', 21.18, 0, 706, 4, 18),
(573, 112, 'good', 130, 162, 'bonus', '2017-08-04 10:09:23', 10573, 105, 0, 'cash', 3.15, 0, 105, 4, 0),
(574, 14, 'good', 47, 46, 'bonus', '2017-08-04 11:17:35', 10574, 455, 0, 'cash', 13.65, 0, 455, 3, 0),
(575, 112, 'good', 132, 165, 'bonus', '2017-08-04 12:41:18', 10575, 395.7, 0, 'cash', 11.871, 0, 395.7, 4, 17.9),
(576, 14, 'good', 68, 68, 'bonus', '2017-08-04 13:19:46', 10576, 3760, 0, 'cash', 112.8, 0, 3760, 3, 0),
(577, 14, 'good', 86, 61, 'bonus', '2017-08-04 13:58:16', 10577, 1500, 0, 'cash', 45, 0, 1500, 3, 0),
(578, 14, 'good', 91, 92, 'bonus', '2017-08-04 14:03:09', 10578, 290, 0, 'cash', 8.7, 0, 290, 3, 0),
(579, 112, 'good', 122, 153, 'bonus', '2017-08-05 05:55:14', 10579, 960, 0, 'cash', 28.8, 0, 960, 4, 0),
(580, 14, 'good', 94, 89, 'bonus', '2017-08-05 08:31:40', 10580, 3075, 0, 'cash', 92.25, 0, 3075, 3, 0),
(581, 14, 'good', 50, 43, 'discount', '2017-08-05 08:42:16', 10581, 989.8, 0, 'non-cash', 0, 20.2, 1010, 3, 0),
(582, 14, 'good', 60, 84, 'bonus', '2017-08-05 08:51:13', 10582, 2137.93, 0, 'cash', 64.1377, 0, 2137.93, 3, 33.15),
(583, 14, 'good', 80, 96, 'bonus', '2017-08-05 09:31:36', 10583, 1220, 0, 'cash', 36.6, 0, 1220, 3, 0),
(584, 14, 'good', 106, 116, 'discount', '2017-08-05 09:32:38', 10584, 1411.2, 0, 'cash', 0, 28.8, 1440, 3, 0),
(589, 112, 'good', 129, 160, 'bonus', '2017-08-05 10:45:28', 10589, 960, 0, 'cash', 28.8, 0, 960, 4, 0),
(590, 112, 'good', 116, 147, 'bonus', '2017-08-05 13:10:38', 10590, 1560, 0, 'cash', 46.8, 0, 1560, 4, 0),
(592, 14, 'good', 39, 50, 'discount', '2017-08-06 07:06:04', 10592, 1607.2, 0, 'non-cash', 0, 32.8, 1640, 3, 22.5),
(593, 14, 'good', NULL, NULL, NULL, '2017-08-06 08:35:15', 10593, 1200, 0, 'cash', NULL, NULL, 1200, 3, 0),
(594, 14, 'good', NULL, NULL, NULL, '2017-08-06 08:37:10', 10594, 191.36, 0, 'cash', NULL, NULL, 191.36, 3, 16.64),
(595, 14, 'good', 96, 90, 'bonus', '2017-08-06 09:07:43', 10595, 600, 0, 'cash', 18, 0, 600, 3, 0),
(596, 14, 'good', 81, 70, 'bonus', '2017-08-06 09:31:42', 10596, 455, 0, 'cash', 13.65, 0, 455, 3, 0),
(597, 14, 'good', 55, 14, 'discount', '2017-08-06 09:54:58', 10597, 583.1, 0, 'cash', 0, 11.9, 595, 3, 0),
(598, 14, 'good', 136, 130, 'bonus', '2017-08-07 10:01:48', 10598, 644.3, 0, 'cash', 19.329, 0, 644.3, 3, 29.88),
(599, 14, 'cancel', NULL, NULL, NULL, NULL, NULL, 356.96, 0, NULL, NULL, NULL, 356.96, 3, 23.46),
(600, 14, 'good', 45, 45, 'bonus', '2017-08-07 10:12:51', 10600, 520, 0, 'cash', 15.6, 0, 520, 3, 0),
(602, 14, 'good', 65, 78, 'bonus', '2017-08-07 14:26:09', 10602, 480, 0, 'cash', 14.4, 0, 480, 3, 0),
(603, 14, 'good', NULL, NULL, NULL, '2017-08-08 05:09:09', 10603, 2900, 0, 'cash', NULL, NULL, 2900, 3, 0),
(604, 14, 'good', 35, 10, 'discount', '2017-08-08 06:19:59', 10604, 1019.2, 0, 'non-cash', 0, 20.8, 1040, 3, 0),
(607, 14, 'good', 26, 33, 'discount', '2017-08-08 07:30:31', 10607, 2352, 0, 'cash', 0, 48, 2400, 3, 0),
(608, 14, 'good', 62, 62, 'bonus', '2017-08-08 07:57:51', 10608, 1000, 0, 'cash', 30, 0, 1000, 3, 0),
(609, 14, 'good', 68, 68, 'bonus', '2017-08-08 13:13:10', 10609, 3760, 0, 'cash', 112.8, 0, 3760, 3, 0),
(610, 14, 'good', 72, 65, 'bonus', '2017-08-08 14:21:52', 10610, 455, 0, 'cash', 13.65, 0, 455, 3, 0),
(611, 14, 'good', 65, 78, 'bonus', '2017-08-08 14:33:14', 10611, 2460, 0, 'cash', 73.8, 0, 2460, 3, 0),
(612, 14, 'good', 65, 78, 'bonus', '2017-08-08 14:34:03', 10612, 480, 0, 'cash', 14.4, 0, 480, 3, 0),
(613, 14, 'good', 100, 102, 'bonus', '2017-08-09 05:50:10', 10613, 300, 0, 'cash', 9, 0, 300, 3, 30),
(615, 14, 'good', 40, 52, 'discount', '2017-08-10 05:06:57', 10615, 284.2, 0, 'cash', 0, 5.8, 290, 3, 0),
(616, 14, 'good', 37, 56, 'discount', '2017-08-10 05:09:39', 10616, 1215.2, 0, 'cash', 0, 24.8, 1240, 3, 13.75),
(617, 14, 'cancel', NULL, NULL, NULL, NULL, NULL, 500, 0, NULL, NULL, NULL, 500, 3, 0),
(618, 14, 'good', 73, 79, 'discount', '2017-08-10 05:47:50', 10618, 2005.83, 0, 'cash', 0, 40.9354, 2046.77, 3, 30.06),
(619, 14, 'good', 34, 9, 'discount', '2017-08-10 08:09:06', 10619, 146.912, 0, 'non-cash', 0, 2.9982, 149.91, 3, 5.26),
(620, 14, 'good', 109, 111, 'bonus', '2017-08-10 09:00:59', 10620, 480, 0, 'cash', 14.4, 0, 480, 3, 0),
(621, 14, 'good', 48, 41, 'bonus', '2017-08-10 13:55:54', 10621, 3480, 0, 'non-cash', 104.4, 0, 3480, 3, 0),
(622, 14, 'good', 143, 133, 'bonus', '2017-08-11 06:19:00', 10622, 250.16, 0, 'cash', 7.5048, 0, 250.16, 3, 8.48),
(623, 14, 'good', 143, 133, 'bonus', '2017-08-11 06:19:44', 10623, 1500, 0, 'cash', 45, 0, 1500, 3, 0),
(625, 14, 'good', NULL, NULL, NULL, '2017-08-11 06:50:39', 10625, 123.5, 0, 'cash', NULL, NULL, 123.5, 3, 3),
(626, 14, 'good', 16, 7, 'discount', '2017-08-11 07:21:45', 10626, 1274.06, 0, 'cash', 0, 26.0012, 1300.06, 3, 12.78),
(631, 112, 'good', 116, 147, 'bonus', '2017-08-11 07:44:18', 10631, 4960, 0, 'cash', 148.8, 0, 4960, 4, 0),
(632, 14, 'good', 91, 92, 'bonus', '2017-08-11 08:00:59', 10632, 290, 0, 'cash', 8.7, 0, 290, 3, 0),
(636, 112, 'good', 118, 149, 'bonus', '2017-08-13 06:19:48', 10636, 1175, 0, 'cash', 35.25, 0, 1175, 4, 10),
(639, 149, 'good', NULL, NULL, NULL, '2017-08-13 07:42:06', 10639, 1405, NULL, NULL, 0, 0, 1405, 5, 10),
(642, 149, 'good', 120, 151, 'bonus', '2017-08-13 08:17:21', 10642, 765, 0, 'cash', 22.95, 0, 765, 5, 0),
(643, 149, 'good', NULL, NULL, NULL, '2017-08-13 08:25:36', 10643, 275, NULL, NULL, 0, 0, 275, 5, 0),
(644, 149, 'good', NULL, NULL, NULL, '2017-08-13 08:28:06', 10644, 263, NULL, NULL, 0, 0, 263, 5, 0),
(645, 149, 'good', NULL, NULL, NULL, '2017-08-13 08:32:44', 10645, 1853, NULL, NULL, 0, 0, 1852.99, 5, 5.37),
(646, 149, 'good', 4, 1, 'bonus', '2017-08-13 08:45:15', 10646, 1297, 0, 'cash', 38.91, 0, 1297, 5, 0),
(648, 149, 'good', 4, 1, 'bonus', '2017-08-13 08:50:47', 10648, 1950, 116.085, 'cash', 62.0095, 0, 2066.98, 5, 3.592),
(649, 149, 'good', 5, 2, 'discount', '2017-08-13 08:54:16', 10649, 2320, 0, 'cash', 0, 210, 2530, 5, 0),
(651, 149, 'good', 4, 1, 'bonus', '2017-08-13 09:00:51', 10651, 3160, 0, 'cash', 94.7997, 0, 3159.99, 5, 88.888),
(652, 2, 'good', 4, 1, 'bonus', '2017-08-14 13:10:03', 10652, 3147, 0, 'cash', 94.41, 0, 3147, 1, 3),
(654, 149, 'good', 126, 157, 'bonus', '2017-08-15 08:08:29', 10654, 1070, 0, 'cash', 32.1, 0, 1070, 5, 0),
(655, 149, 'good', 116, 147, 'bonus', '2017-08-15 08:12:02', 10655, 754, 405.71, 'cash', 34.8, 0, 1160, 5, 0),
(710, 2, 'cancel', NULL, NULL, NULL, NULL, NULL, 350, 0, NULL, NULL, NULL, 350, 5, 0),
(711, 112, 'good', NULL, NULL, NULL, '2017-08-16 08:30:24', 10711, 200, NULL, NULL, 0, 0, 200, 4, 0),
(712, 112, 'good', NULL, NULL, NULL, '2017-08-16 08:31:16', 10712, 200, NULL, NULL, 0, 0, 200, 4, 0),
(713, 14, 'good', NULL, NULL, NULL, '2017-08-17 04:46:07', 10713, 6120, NULL, NULL, 0, 0, 6120, 3, 0),
(714, 112, 'cancel', NULL, NULL, NULL, NULL, NULL, 200, 0, NULL, NULL, NULL, 200, 4, 0),
(715, 112, 'cancel', NULL, NULL, NULL, NULL, NULL, 0, 0, NULL, NULL, NULL, 0, 4, 0),
(716, 112, 'good', NULL, NULL, NULL, '2017-08-17 06:06:59', 10716, 290, NULL, NULL, 0, 0, 290, 4, 0),
(717, 112, 'good', 116, 147, 'bonus', '2017-08-17 06:12:06', 10717, 1640, 0, 'cash', 49.2, 0, 1640, 4, 0),
(719, 112, 'good', 116, 147, 'bonus', '2017-08-17 06:17:37', 10719, 200, 0, 'cash', 6, 0, 200, 4, 0),
(720, 112, 'good', NULL, NULL, NULL, '2017-08-17 06:19:04', 10720, 290, NULL, NULL, 0, 0, 290, 4, 0),
(722, 112, 'good', NULL, NULL, NULL, '2017-08-17 06:20:12', 10722, 520, NULL, NULL, 0, 0, 520, 4, 0),
(725, 2, 'good', 4, 1, 'bonus', '2017-08-17 11:14:18', 10725, 25, 0, 'cash', 0.75, 0, 25, 1, 2),
(727, 2, 'good', 143, 133, 'bonus', '2017-08-17 11:39:37', 10727, 13, 0, 'cash', 0.375, 0, 12.5, 1, 1),
(736, 149, 'good', 150, 172, 'bonus', '2017-08-19 11:31:24', 10736, 245, 0, 'cash', 7.35, 0, 245, 5, 12.25),
(737, 149, 'good', 126, 157, 'bonus', '2017-08-19 11:46:43', 10737, 1360, 0, 'cash', 40.799, 0, 1359.97, 5, 13.157),
(738, 149, 'good', 123, 154, 'bonus', '2017-08-19 11:48:19', 10738, 1798, 0, 'cash', 53.94, 0, 1798, 5, 0),
(740, 149, 'good', 133, 166, 'bonus', '2017-08-19 11:52:14', 10740, 400, 0, 'cash', 12, 0, 400, 5, 0),
(741, 149, 'good', 114, 146, 'bonus', '2017-08-19 11:54:42', 10741, 1000, 0, 'cash', 30, 0, 1000, 5, 0),
(742, 149, 'good', 153, 175, 'bonus', '2017-08-19 11:57:45', 10742, 180, 0, 'cash', 5.4, 0, 180, 5, 0),
(743, 149, 'good', 155, 177, 'bonus', '2017-08-20 08:09:04', 10743, 1560, 0, 'cash', 46.7998, 0, 1559.99, 4, 20.465),
(744, 149, 'good', NULL, NULL, NULL, '2017-08-20 08:11:50', 10744, 135, NULL, NULL, 0, 0, 135, 4, 0),
(745, 112, 'good', 161, 179, 'bonus', '2017-08-20 10:24:20', 10745, 780, 0, 'cash', 23.3996, 0, 779.985, 4, 10.169),
(746, 112, 'good', 148, 171, 'bonus', '2017-08-20 10:44:43', 10746, 900, 0, 'cash', 27, 0, 900, 4, 0),
(747, 112, 'good', 116, 147, 'bonus', '2017-08-20 10:46:46', 10747, 1160, 0, 'cash', 34.8, 0, 1160, 4, 0),
(748, 149, 'good', 161, 179, 'bonus', '2017-08-22 07:34:39', 10748, 1001, 0, 'cash', 30.0293, 0, 1000.98, 5, 11.888),
(749, 112, 'good', NULL, NULL, NULL, '2017-08-22 12:01:07', 10749, 3140, NULL, NULL, 0, 0, 3140, 4, 2.222),
(750, 112, 'good', NULL, NULL, NULL, '2017-08-22 12:06:17', 10750, 2470, NULL, NULL, 0, 0, 2470, 4, 0),
(751, 112, 'good', NULL, NULL, NULL, '2017-08-22 12:25:03', 10751, 1181, NULL, NULL, 0, 0, 1180.9, 4, 48.337),
(752, 112, 'good', 124, 155, 'bonus', '2017-08-22 12:25:57', 10752, 1070, 0, 'cash', 32.1, 0, 1070, 4, 0),
(753, 112, 'good', NULL, NULL, NULL, '2017-08-22 12:27:14', 10753, 2250, NULL, NULL, 0, 0, 2249.94, 4, 2.836),
(754, 112, 'good', NULL, NULL, NULL, '2017-08-22 12:28:46', 10754, 2250, NULL, NULL, 0, 0, 2249.94, 4, 2.836),
(755, 112, 'good', 164, 182, 'bonus', '2017-08-22 12:46:28', 10755, 600, 0, 'cash', 17.9988, 0, 599.961, 4, 27.486),
(757, 14, 'good', 26, 33, 'discount', '2017-08-23 05:45:39', 10757, 4665, 0, 'cash', 0, 95, 4760, 3, 0),
(758, 112, 'good', 165, 183, 'bonus', '2017-08-23 05:46:12', 10758, 1000, 0, 'cash', 29.9978, 0, 999.926, 4, 43.406),
(759, 112, 'good', NULL, NULL, NULL, '2017-08-23 06:10:30', 10759, 1525, NULL, NULL, 0, 0, 1524.98, 4, 19.814),
(760, 14, 'good', 23, 20, 'discount', '2017-08-23 07:10:54', 10760, 441, 0, 'cash', 0, 9, 450, 3, 0),
(761, 14, 'good', 86, 61, 'bonus', '2017-08-23 07:48:35', 10761, 880, 0, 'cash', 26.4, 0, 880, 3, 0),
(762, 14, 'good', 92, 83, 'bonus', '2017-08-23 07:49:55', 10762, 455, 0, 'cash', 13.65, 0, 455, 3, 0),
(763, 14, 'good', 141, 119, 'bonus', '2017-08-23 08:02:36', 10763, 3040, 0, 'cash', 91.2, 0, 3040, 3, 0),
(764, 14, 'good', 142, 139, 'bonus', '2017-08-23 08:48:42', 10764, 1100, 0, 'cash', 33, 0, 1100, 3, 0),
(765, 14, 'good', 29, 13, 'discount', '2017-08-23 12:22:36', 10765, 196, 0, 'cash', 0, 4, 200, 3, 0),
(766, 14, 'good', 62, 62, 'bonus', '2017-08-24 05:47:03', 10766, 935, 0, 'cash', 28.0495, 0, 934.985, 3, 41.66),
(767, 14, 'good', 134, 128, 'bonus', '2017-08-24 06:00:41', 10767, 2960, 0, 'cash', 88.8, 0, 2960, 3, 0),
(768, 14, 'good', 66, 77, 'discount', '2017-08-24 07:17:13', 10768, 2306, 0, 'cash', 0, 43.9725, 2349.97, 3, 2.153),
(769, 14, 'good', 19, 39, 'discount', '2017-08-24 07:56:53', 10769, 1333, 0, 'cash', 0, 27, 1360, 3, 0),
(770, 14, 'good', 68, 68, 'bonus', '2017-08-24 08:59:44', 10770, 2440, 0, 'cash', 73.2, 0, 2440, 3, 0),
(771, 14, 'good', 80, 96, 'bonus', '2017-08-24 09:16:09', 10771, 1565, 0, 'non-cash', 46.9479, 0, 1564.93, 3, 52.925),
(772, 112, 'good', NULL, NULL, NULL, '2017-08-24 09:36:30', 10772, 1310, NULL, NULL, 0, 0, 1310, 4, 0),
(773, 112, 'good', NULL, NULL, NULL, '2017-08-24 09:37:21', 10773, 1310, NULL, NULL, 0, 0, 1310, 4, 0),
(774, 112, 'good', 116, 147, 'bonus', '2017-08-24 09:38:40', 10774, 200, 0, 'cash', 6, 0, 200, 4, 0),
(775, 112, 'good', NULL, NULL, NULL, '2017-08-24 09:40:07', 10775, 290, NULL, NULL, 0, 0, 290, 4, 0),
(776, 112, 'good', NULL, NULL, NULL, '2017-08-24 09:41:24', 10776, 1020, NULL, NULL, 0, 0, 1020, 4, 0),
(777, 112, 'good', NULL, NULL, NULL, '2017-08-24 09:45:27', 10777, 290, NULL, NULL, 0, 0, 290, 4, 0),
(778, 112, 'good', NULL, NULL, NULL, '2017-08-24 09:46:07', 10778, 1020, NULL, NULL, 0, 0, 1020, 4, 0),
(779, 112, 'good', 147, 170, 'bonus', '2017-08-24 10:12:34', 10779, 2115, 0, 'cash', 63.4496, 0, 2114.99, 4, 46.139),
(780, 14, 'good', 41, 48, 'bonus', '2017-08-24 10:21:14', 10780, 1508, 0, 'cash', 45.2394, 0, 1507.98, 3, 51.118),
(781, 14, 'good', 41, 48, 'bonus', '2017-08-24 10:22:08', 10781, 200, 0, 'cash', 6, 0, 200, 3, 0),
(782, 14, 'good', 136, 130, 'bonus', '2017-08-24 10:48:14', 10782, 2440, 0, 'cash', 73.2, 0, 2440, 3, 0),
(783, 14, 'good', 97, 104, 'bonus', '2017-08-24 12:09:47', 10783, 2150, 0, 'cash', 64.5, 0, 2150, 3, 0),
(784, 14, 'good', 39, 50, 'discount', '2017-08-24 13:09:24', 10784, 1545, 0, 'non-cash', 0, 31, 1576, 3, 90.057),
(785, 112, 'good', 126, 157, 'bonus', '2017-08-24 13:20:33', 10785, 860, 0, 'cash', 25.8, 0, 860, 4, 0),
(786, 14, 'good', 86, 61, 'bonus', '2017-08-24 13:20:33', 10786, 2160, 0, 'cash', 64.8, 0, 2160, 3, 120),
(787, 14, 'good', 101, 101, 'bonus', '2017-08-24 13:55:07', 10787, 1360, 0, 'non-cash', 40.8, 0, 1360, 3, 0),
(788, 14, 'good', 63, 81, 'bonus', '2017-08-25 06:18:55', 10788, 2430, 0, 'cash', 72.9, 0, 2430, 3, 194.4),
(789, 14, 'good', NULL, NULL, NULL, '2017-08-25 06:39:51', 10789, 680, NULL, NULL, 0, 0, 680, 3, 0),
(790, 14, 'good', NULL, NULL, NULL, '2017-08-25 06:40:22', 10790, 680, NULL, NULL, 0, 0, 680, 3, 0),
(791, 14, 'good', NULL, NULL, NULL, '2017-08-25 06:41:04', 10791, 680, NULL, NULL, 0, 0, 680, 3, 0),
(793, 2, 'good', NULL, NULL, NULL, '2017-08-25 06:48:32', 10793, 7527, NULL, 'non-cash', 0, 0, 7527, 1, 57),
(794, 2, 'good', NULL, NULL, NULL, '2017-08-25 06:48:57', 10794, 951, NULL, 'cash', 0, 0, 951, 1, 2),
(795, 112, 'good', NULL, NULL, NULL, '2017-08-25 07:38:08', 10795, 1765, NULL, 'cash', 0, 0, 1764.99, 4, 15.714),
(796, 112, 'good', NULL, NULL, NULL, '2017-08-25 07:39:29', 10796, 63, NULL, 'cash', 0, 0, 62.985, 4, 2.47),
(797, 112, 'good', 151, 173, 'bonus', '2017-08-25 08:22:55', 10797, 1285, NULL, 'cash', 38.55, 0, 1285, 4, 10),
(798, 112, 'good', 130, 162, 'bonus', '2017-08-25 08:24:53', 10798, 1965, NULL, 'cash', 58.9496, 0, 1964.99, 4, 44.392),
(799, 14, 'good', 75, 66, 'bonus', '2017-08-25 09:52:47', 10799, 2820, NULL, 'cash', 84.6, 0, 2820, 3, 0),
(801, 14, 'good', 17, 15, 'bonus', '2017-08-26 05:36:56', 10801, 880, NULL, 'cash', 26.3992, 0, 879.972, 3, 5.245),
(802, 149, 'good', 169, 187, 'bonus', '2017-08-26 05:37:35', 10802, 1720, NULL, 'cash', 51.6, 0, 1720, 4, 0),
(803, 14, 'good', 46, 47, 'bonus', '2017-08-26 06:08:16', 10803, 1160, NULL, 'cash', 34.8, 0, 1160, 3, 0),
(804, 14, 'good', 96, 90, 'bonus', '2017-08-26 06:13:02', 10804, 200, NULL, 'cash', 6, 0, 200, 3, 0),
(805, 149, 'good', NULL, NULL, NULL, '2017-08-26 06:32:21', 10805, 4740, NULL, 'cash', 0, 0, 4739.97, 4, 14.513),
(806, 14, 'good', 25, 22, 'bonus', '2017-08-26 06:50:33', 10806, 337, NULL, 'cash', 10.1099, 0, 336.996, 3, 10.212),
(807, 14, 'good', 94, 89, 'bonus', '2017-08-26 08:23:14', 10807, 2785, NULL, 'cash', 83.5489, 0, 2784.96, 3, 20.136),
(808, 14, 'good', 68, 68, 'bonus', '2017-08-26 10:10:12', 10808, 6280, NULL, 'cash', 188.4, 0, 6280, 3, 0),
(809, 14, 'good', 102, 106, 'discount', '2017-08-26 10:22:02', 10809, 668, NULL, 'cash', 0, 12.978, 680.978, 3, 23.084),
(810, 14, 'good', 89, 80, 'bonus', '2017-08-26 10:27:06', 10810, 3037, NULL, 'cash', 91.1094, 0, 3036.98, 3, 77.543),
(811, 14, 'good', NULL, NULL, NULL, '2017-08-26 11:41:19', 10811, 2560, NULL, 'cash', 0, 0, 2560, 3, 0),
(812, 14, 'good', 65, 78, 'bonus', '2017-08-27 06:22:59', 10812, 3520, NULL, 'cash', 105.6, 0, 3520, 3, 0),
(813, 14, 'good', 73, 79, 'discount', '2017-08-27 06:23:53', 10813, 843, NULL, 'cash', 0, 17, 860, 3, 0),
(816, 112, 'good', NULL, NULL, NULL, '2017-08-27 06:49:18', 10816, 720, NULL, 'cash', 0, 0, 720, 4, 0),
(817, 112, 'good', NULL, NULL, NULL, '2017-08-27 06:50:23', 10817, 700, NULL, 'cash', 0, 0, 700, 4, 0),
(818, 112, 'good', NULL, NULL, NULL, '2017-08-27 06:53:33', 10818, 240, NULL, 'cash', 0, 0, 239.969, 4, 8.669),
(819, 14, 'good', 73, 79, 'discount', '2017-08-27 07:00:16', 10819, 471, NULL, 'cash', 0, 9, 480, 3, 0),
(820, 112, 'good', NULL, NULL, NULL, '2017-08-27 07:02:36', 10820, 763, NULL, 'cash', 0, 0, 763, 4, 0),
(822, 112, 'good', NULL, NULL, NULL, '2017-08-27 07:09:47', 10822, 481, NULL, 'cash', 0, 0, 480.998, 4, 21.842),
(825, 112, 'cancel', NULL, NULL, NULL, NULL, NULL, 925, 0, NULL, NULL, NULL, 925, 4, 0),
(826, 112, 'cancel', NULL, NULL, NULL, NULL, NULL, 200, 0, NULL, NULL, NULL, 200, 4, 0),
(827, 112, 'good', 156, 178, 'bonus', '2017-08-27 07:19:35', 10827, 880, NULL, 'cash', 26.4, 0, 880, 4, 0),
(829, 112, 'cancel', NULL, NULL, NULL, NULL, NULL, 199.997, 0, NULL, NULL, NULL, 199.997, 4, 7.843),
(831, 112, 'good', NULL, NULL, NULL, '2017-08-27 07:37:08', 10831, 20, NULL, 'cash', 0, 0, 20, 4, 0),
(833, 112, 'good', NULL, NULL, NULL, '2017-08-27 07:41:31', 10833, 575, NULL, 'cash', 0, 0, 574.974, 4, 20.378),
(834, 112, 'good', NULL, NULL, NULL, '2017-08-27 08:25:36', 10834, 650, NULL, 'cash', 0, 0, 650, 4, 0),
(835, 112, 'good', NULL, NULL, NULL, '2017-08-27 08:26:27', 10835, 270, NULL, 'cash', 0, 0, 269.997, 4, 20.769),
(836, 112, 'good', 166, 184, 'bonus', '2017-08-27 08:58:34', 10836, 200, NULL, 'cash', 6, 0, 200, 4, 0),
(837, 112, 'good', NULL, NULL, NULL, '2017-08-27 08:59:26', 10837, 290, NULL, 'cash', 0, 0, 290, 4, 0),
(838, 112, 'good', NULL, NULL, NULL, '2017-08-27 09:14:06', 10838, 360, NULL, 'cash', 0, 0, 360, 4, 0),
(840, 14, 'good', 50, 43, 'discount', '2017-08-27 10:47:09', 10840, 2088, NULL, 'non-cash', 0, 42, 2130, 3, 0),
(841, 14, 'good', 63, 81, 'bonus', '2017-08-28 05:47:47', 10841, 2332.09, 345.907, 'cash', 69.9623, 0, 2677.98, 3, 95.642),
(842, 14, 'good', NULL, NULL, NULL, '2017-08-28 06:14:20', 10842, 200, NULL, 'cash', 0, 0, 200, 3, 0),
(843, 14, 'good', NULL, NULL, NULL, '2017-08-28 06:16:08', 10843, 150, NULL, 'cash', 0, 0, 149.993, 3, 9.677),
(844, 14, 'good', NULL, NULL, NULL, '2017-08-28 06:17:37', 10844, 1188, NULL, 'cash', 0, 0, 1187.5, 3, 5),
(845, 14, 'good', 135, 129, 'bonus', '2017-08-28 06:37:10', 10845, 2500, NULL, 'cash', 74.9997, 0, 2499.99, 3, 192.307),
(846, 14, 'good', 72, 65, 'bonus', '2017-08-28 06:40:07', 10846, 745, NULL, 'cash', 22.35, 0, 745, 3, 0),
(847, 14, 'good', 25, 22, 'bonus', '2017-08-28 07:10:15', 10847, 369.519, 110.481, 'non-cash', 11.0848, 0, 479.966, 3, 15.17),
(848, 14, 'good', 84, 94, 'bonus', '2017-08-28 07:13:38', 10848, 900, NULL, 'cash', 26.9996, 0, 899.987, 3, 10.285),
(849, 14, 'good', 69, 71, 'bonus', '2017-08-28 08:30:28', 10849, 3700, NULL, 'cash', 111, 0, 3699.99, 3, 238.709),
(850, 14, 'good', 99, 100, 'bonus', '2017-08-28 09:15:42', 10850, 500, NULL, 'cash', 14.9995, 0, 499.983, 3, 23.255),
(851, 14, 'good', 41, 48, 'bonus', '2017-08-28 09:22:58', 10851, 1280, NULL, 'non-cash', 38.4, 0, 1280, 3, 0),
(852, 14, 'good', 106, 116, 'discount', '2017-08-28 10:26:25', 10852, 941, NULL, 'cash', 0, 19, 960, 3, 0),
(853, 14, 'good', 22, 25, 'bonus', '2017-08-28 11:19:39', 10853, 740, NULL, 'non-cash', 22.2, 0, 740, 3, 0),
(854, 149, 'good', 169, 187, 'bonus', '2017-08-29 06:27:10', 10854, 1720, NULL, 'cash', 51.6, 0, 1720, 4, 0),
(855, 149, 'good', 117, 148, 'bonus', '2017-08-29 06:27:49', 10855, 480, NULL, 'cash', 14.4, 0, 480, 4, 0),
(856, 149, 'good', 146, 169, 'bonus', '2017-08-29 06:28:40', 10856, 2580, NULL, 'cash', 77.4, 0, 2580, 4, 0),
(857, 149, 'good', 116, 147, 'bonus', '2017-08-29 06:29:01', 10857, 1160, NULL, 'cash', 34.8, 0, 1160, 4, 0),
(858, 149, 'good', 170, 188, 'bonus', '2017-08-29 06:29:31', 10858, 1000, NULL, 'cash', 30, 0, 1000, 4, 0),
(859, 149, 'good', 170, 188, 'bonus', '2017-08-29 06:31:40', 10859, 1000, NULL, 'cash', 30, 0, 1000, 5, 0),
(860, 149, 'good', 153, 175, 'bonus', '2017-08-29 06:34:07', 10860, 187, NULL, 'cash', 5.61, 0, 187, 4, 0),
(861, 14, 'cancel', NULL, NULL, NULL, NULL, NULL, 1609.96, 0, NULL, NULL, NULL, 1609.96, 3, 1.098),
(862, 2, 'good', 4, 1, 'bonus', '2017-08-29 07:30:17', 10862, 15351.5, 248.487, 'cash', 460.545, 0, 15600, 1, 30),
(863, 2, 'good', 5, 2, 'discount', '2017-08-29 07:32:05', 10863, 58506, NULL, 'non-cash', 0, 1194, 59700, 1, 0),
(864, 2, 'good', NULL, NULL, NULL, '2017-08-29 07:35:43', 10864, 1264, NULL, 'cash', 0, 0, 1263.5, 1, 101),
(865, 149, 'good', 116, 147, 'bonus', '2017-08-29 08:42:34', 10865, 2660, NULL, 'cash', 79.8, 0, 2660, 5, 0),
(866, 2, 'good', NULL, NULL, NULL, '2017-08-29 09:11:07', 10866, 5480, NULL, 'non-cash', 0, 0, 5480, 1, 0),
(867, 14, 'good', 140, 140, 'bonus', '2017-08-29 09:30:42', 10867, 110, NULL, 'cash', 3.3, 0, 110, 3, 0),
(869, 14, 'good', 140, 140, 'bonus', '2017-08-29 09:32:09', 10869, 3360, NULL, 'cash', 100.8, 0, 3360, 3, 0),
(870, 112, 'good', 168, 186, 'bonus', '2017-08-29 11:58:33', 10870, 2270, NULL, 'cash', 68.1, 0, 2270, 4, 0),
(871, 14, 'good', 52, 36, 'discount', '2017-08-29 13:40:31', 10871, 980, NULL, 'cash', 0, 20, 1000, 3, 0),
(872, 14, 'good', 158, 135, 'bonus', '2017-08-29 13:46:04', 10872, 2150, NULL, 'cash', 64.5, 0, 2150, 3, 60.606),
(873, 14, 'good', 16, 7, 'discount', '2017-08-29 13:51:15', 10873, 1221, NULL, 'cash', 0, 23.997, 1245, 3, 21.111),
(874, 14, 'good', 96, 90, 'bonus', '2017-08-29 14:28:41', 10874, 400, NULL, 'cash', 12, 0, 400, 3, 0),
(875, 14, 'good', 37, 56, 'discount', '2017-08-30 06:07:23', 10875, 747, NULL, 'cash', 0, 12.986, 759.987, 3, 12.893),
(876, 14, 'good', NULL, NULL, NULL, '2017-08-30 06:18:23', 10876, 100, NULL, 'cash', 0, 0, 100, 3, 0),
(877, 14, 'good', 141, 119, 'bonus', '2017-08-30 06:34:27', 10877, 1720, NULL, 'cash', 51.6, 0, 1720, 3, 0),
(878, 14, 'good', 46, 47, 'bonus', '2017-08-30 06:54:13', 10878, 985, NULL, 'cash', 29.55, 0, 985, 3, 78.8),
(879, 14, 'good', 104, 113, 'bonus', '2017-08-30 07:40:43', 10879, 480, NULL, 'cash', 14.4, 0, 480, 3, 0),
(880, 14, 'good', 35, 10, 'discount', '2017-08-30 14:30:28', 10880, 2480, NULL, 'cash', 0, 50, 2530, 3, 0),
(881, 14, 'good', 21, 24, 'bonus', '2017-08-31 05:34:32', 10881, 2150, NULL, 'cash', 64.4996, 0, 2149.99, 3, 13.636);

-- --------------------------------------------------------

--
-- Структура таблицы `shop_seller_reports`
--

CREATE TABLE IF NOT EXISTS `shop_seller_reports` (
  `id` int(11) NOT NULL AUTO_INCREMENT,
  `date` timestamp NOT NULL DEFAULT CURRENT_TIMESTAMP,
  `total_cash_sum` float DEFAULT '0',
  `total_non_cash_sum` float DEFAULT '0',
  `total_discount_sum` float DEFAULT '0',
  `total_bonuses_sum` float DEFAULT '0',
  `total_pay_bonuses_sum` float DEFAULT '0',
  `seller_user_id` int(11) NOT NULL,
  `total_sale_kg` float DEFAULT '0',
  `last_enter` datetime DEFAULT NULL,
  `in_shop` int(10) DEFAULT NULL,
  PRIMARY KEY (`id`)
) ENGINE=InnoDB AUTO_INCREMENT=73 DEFAULT CHARSET=utf8;

--
-- Дамп данных таблицы `shop_seller_reports`
--

INSERT INTO `shop_seller_reports` (`id`, `date`, `total_cash_sum`, `total_non_cash_sum`, `total_discount_sum`, `total_bonuses_sum`, `total_pay_bonuses_sum`, `seller_user_id`, `total_sale_kg`, `last_enter`, `in_shop`) VALUES
(1, '2017-06-14 21:00:00', 8927.7, 0, 489.8, 77.175, 0, 9, 0, NULL, NULL),
(2, '2017-06-18 21:00:00', 0, 0, 0, 0, 0, 9, 0, '2017-06-19 17:01:11', NULL),
(3, '2017-06-19 21:00:00', 5140.2, 0, 357.3, 0, 0, 9, 60, '2017-06-20 15:58:03', NULL),
(4, '2017-06-19 21:00:00', 1594.7, 0, 45.3, 0, 0, 2, 10, '2017-06-20 10:23:29', NULL),
(5, '2017-06-21 21:00:00', 1634.7, 0, 0, 0, 0, 14, 26.1, '2017-06-22 16:39:22', NULL),
(6, '2017-06-23 21:00:00', 9614.11, 0, 24, 173.116, 0, 14, 65.96, '2017-06-22 16:39:22', NULL),
(7, '2017-06-24 21:00:00', 26760.3, 0, 0, 0, 0, 14, 241.28, '2017-06-22 16:39:22', NULL),
(8, '2017-06-25 21:00:00', 24601.4, 0, 17.9196, 0, 0, 14, 204.65, '2017-06-22 16:39:22', NULL),
(9, '2017-06-26 21:00:00', 16987, 313.2, 0, 9.396, 0, 14, 42.66, '2017-06-22 16:39:22', NULL),
(10, '2017-06-27 21:00:00', 17631.7, 0, 13.6, 314.169, 0, 14, 16.6, '2017-06-22 16:39:22', NULL),
(11, '2017-06-28 21:00:00', 21266.2, 1200, 0, 212.706, 0, 14, 132.06, '2017-06-22 16:39:22', NULL),
(12, '2017-06-29 21:00:00', 25186.4, 592.704, 77.696, 195.758, 0, 14, 188.3, '2017-06-22 16:39:22', NULL),
(13, '2017-06-30 21:00:00', 7115.85, 0, 24, 124.196, 0, 14, 99, '2017-06-22 16:39:22', NULL),
(14, '2017-07-01 21:00:00', 18820.6, 0, 0, 399.9, 0, 14, 30.44, '2017-06-22 16:39:22', NULL),
(15, '2017-07-02 21:00:00', 16590, 350.025, 12.0038, 203.476, 0, 14, 95.02, '2017-06-22 16:39:22', NULL),
(16, '2017-07-03 21:00:00', 7919.33, 0, 11.0045, 206.384, 0, 14, 65.23, '2017-06-22 16:39:22', NULL),
(17, '2017-07-04 21:00:00', 14961.8, 2061.86, 67.5044, 243.899, 0, 14, 100.62, '2017-06-22 16:39:22', NULL),
(18, '2017-07-05 21:00:00', 8999.71, 0, 129, 80.361, 0, 14, 28.13, '2017-06-22 16:39:22', NULL),
(19, '2017-07-06 21:00:00', 28430.9, 1190.14, 81.4124, 244.435, 0, 14, 206.08, '2017-06-22 16:39:22', NULL),
(20, '2017-07-07 21:00:00', 10827.1, 0, 37.1775, 270.161, 0, 14, 66.94, '2017-06-22 16:39:22', NULL),
(21, '2017-07-08 21:00:00', 16237.6, 3468.2, 9.001, 577.944, 0, 14, 125.67, '2017-06-22 16:39:22', NULL),
(22, '2017-07-09 21:00:00', 14990.1, 3964.2, 147.025, 275.375, 0, 14, 119.02, '2017-06-22 16:39:22', NULL),
(23, '2017-07-10 21:00:00', 4484.19, 285.12, 16.0038, 38.5536, 0, 14, 50.31, '2017-06-22 16:39:22', NULL),
(24, '2017-07-11 21:00:00', 46692.7, 1645.9, 149.486, 555.021, 0, 14, 280.03, '2017-06-22 16:39:22', NULL),
(25, '2017-07-12 21:00:00', 17901.2, 2005.63, 69.8211, 228.768, 0, 14, 153.07, '2017-06-22 16:39:22', NULL),
(26, '2017-07-13 21:00:00', 6401.47, 1396.36, 98.8056, 88.6908, 0, 14, 60.75, '2017-06-22 16:39:22', NULL),
(27, '2017-07-14 21:00:00', 11468.1, 1953.65, 12.0062, 146.804, 0, 14, 129.28, '2017-06-22 16:39:22', NULL),
(28, '2017-07-15 21:00:00', 3246.35, 1220, 42.9868, 70.8, 0, 14, 46.96, '2017-06-22 16:39:22', NULL),
(29, '2017-07-16 21:00:00', 8431.18, 0, 21.065, 169.77, 0, 14, 149.26, '2017-06-22 16:39:22', NULL),
(30, '2017-07-17 21:00:00', 12794.2, 1067.5, 58.9, 101.867, 234.601, 14, 62.8, '2017-06-22 16:39:22', NULL),
(31, '2017-07-18 21:00:00', 2016.46, 0, 0, 0, 0, 14, 3.04, '2017-06-22 16:39:22', NULL),
(32, '2017-07-19 21:00:00', 8205.38, 1121.85, 57.875, 132.505, 0, 14, 112.2, '2017-06-22 16:39:22', NULL),
(33, '2017-07-20 21:00:00', 16814.8, 2319.88, 61.4602, 383.794, 0, 14, 132.97, '2017-06-22 16:39:22', NULL),
(34, '2017-07-21 21:00:00', 8079.15, 1082.99, 95.5409, 122.419, 0, 14, 162.01, '2017-06-22 16:39:22', NULL),
(35, '2017-07-22 21:00:00', 5098.41, 696.42, 51.5, 72.6156, 0, 14, 31.22, '2017-06-22 16:39:22', NULL),
(36, '2017-07-23 21:00:00', 4263.8, 4760, 17.7, 208.65, 0, 14, 86.2, '2017-06-22 16:39:22', NULL),
(37, '2017-07-24 21:00:00', 19093.7, 284.2, 111.488, 207.15, 0, 14, 43.05, '2017-06-22 16:39:22', NULL),
(38, '2017-07-25 21:00:00', 26638.2, 0, 57.698, 663.929, 0, 14, 123.65, '2017-06-22 16:39:22', NULL),
(39, '2017-07-26 21:00:00', 9294.93, 7303.71, 83.2, 304.747, 383.085, 14, 140.56, '2017-06-22 16:39:22', NULL),
(40, '2017-07-27 21:00:00', 13637.6, 0, 22.4, 349.8, 0, 14, 30, '2017-06-22 16:39:22', NULL),
(41, '2017-07-28 21:00:00', 6812.88, 5221.47, 72.2058, 240.638, 622.62, 14, 83.8, '2017-06-22 16:39:22', NULL),
(42, '2017-07-29 21:00:00', 7807.89, 0, 14.4, 186.069, 0, 14, 138.54, '2017-06-22 16:39:22', NULL),
(43, '2017-07-30 21:00:00', 10078.2, 2520, 52, 245.256, 0, 14, 70.18, '2017-06-22 16:39:22', NULL),
(44, '2017-07-31 21:00:00', 16426.8, 3496.04, 73.2, 490.081, 0, 14, 99.04, '2017-06-22 16:39:22', NULL),
(45, '2017-08-01 21:00:00', 5258.8, 1160, 51.2, 87.9, 0, 14, 25, '2017-06-22 16:39:22', NULL),
(46, '2017-08-02 21:00:00', 17718.7, 0, 75.0032, 421.306, 48.747, 14, 41.74, '2017-06-22 16:39:22', NULL),
(47, '2017-08-03 21:00:00', 8781.7, 0, 0, 248.451, 0, 14, 35.9, '2017-06-22 16:39:22', NULL),
(48, '2017-08-04 21:00:00', 9764.13, 989.8, 49, 250.588, 0, 14, 33.15, '2017-06-22 16:39:22', NULL),
(49, '2017-08-05 21:00:00', 3029.46, 1607.2, 44.7, 31.65, 0, 14, 39.14, '2017-06-22 16:39:22', NULL),
(50, '2017-08-06 21:00:00', 1644.3, 0, 0, 49.329, 0, 14, 29.88, '2017-06-22 16:39:22', NULL),
(51, '2017-08-07 21:00:00', 13407, 1019.2, 68.8, 244.65, 0, 14, 0, '2017-06-22 16:39:22', NULL),
(52, '2017-08-08 21:00:00', 300, 0, 0, 9, 0, 14, 30, '2017-06-22 16:39:22', NULL),
(53, '2017-08-09 21:00:00', 3985.23, 3626.91, 74.5336, 118.8, 0, 14, 49.07, '2017-06-22 16:39:22', NULL),
(56, '2017-08-10 21:00:00', 3437.72, 0, 26.0012, 61.2048, 0, 14, 24.26, '2017-08-11 15:35:07', 3),
(60, '2017-08-13 21:00:00', 3147, 0, 0, 94.41, 0, 2, 3, '2017-08-14 16:08:59', 1),
(61, '2017-08-21 21:00:00', 1070, 0, 0, 32.1, 0, 112, 56.231, '2017-08-22 14:49:51', 4),
(62, '2017-08-22 21:00:00', 0, 0, 0, 0, 0, 14, 0, NULL, NULL),
(63, '2017-08-23 21:00:00', 200, 0, 0, 6, 0, 112, 0, '2017-08-24 12:34:47', 4),
(64, '2017-08-23 21:00:00', 0, 0, 0, 0, 0, 14, 0, NULL, NULL),
(65, '2017-08-24 21:00:00', 951, 7527, 0, 0, 0, 2, 59, '2017-08-25 09:47:52', 1),
(66, '2017-08-25 21:00:00', 6460, 0, 0, 51.6, 0, 149, 14.513, '2017-08-26 08:34:18', 4),
(67, '2017-08-25 21:00:00', 0, 0, 0, 0, 0, 14, 0, NULL, NULL),
(68, '2017-08-26 21:00:00', 0, 0, 0, 0, 0, 14, 0, NULL, NULL),
(69, '2017-08-27 21:00:00', 0, 0, 0, 0, 0, 14, 0, NULL, NULL),
(70, '2017-08-28 21:00:00', 15351.5, 58506, 1194, 460.545, 248.487, 2, 30, '2017-08-29 10:26:17', 1),
(71, '2017-08-28 21:00:00', 0, 0, 0, 0, 0, 14, 0, NULL, NULL),
(72, '2017-08-29 21:00:00', 0, 0, 0, 0, 0, 14, 0, NULL, NULL);

-- --------------------------------------------------------

--
-- Структура таблицы `shop_seller_stat`
--

CREATE TABLE IF NOT EXISTS `shop_seller_stat` (
  `id` int(11) NOT NULL AUTO_INCREMENT,
  `user_id` int(11) NOT NULL,
  `start_date` timestamp NULL DEFAULT NULL,
  `end_date` timestamp NULL DEFAULT NULL,
  `work_day` varchar(20) DEFAULT NULL,
  `shop_id` int(11) NOT NULL,
  PRIMARY KEY (`id`)
) ENGINE=InnoDB AUTO_INCREMENT=78 DEFAULT CHARSET=utf8;

--
-- Дамп данных таблицы `shop_seller_stat`
--

INSERT INTO `shop_seller_stat` (`id`, `user_id`, `start_date`, `end_date`, `work_day`, `shop_id`) VALUES
(1, 9, '2017-06-15 11:53:02', NULL, NULL, 2),
(2, 9, '2017-06-15 12:10:10', NULL, NULL, 2),
(3, 9, '2017-06-16 06:16:07', NULL, NULL, 2),
(4, 9, '2017-06-19 14:01:11', NULL, NULL, 2),
(5, 9, '2017-06-20 06:18:19', NULL, NULL, 2),
(6, 9, '2017-06-20 06:25:11', NULL, NULL, 2),
(7, 2, '2017-06-20 07:23:29', NULL, NULL, 1),
(8, 9, '2017-06-20 12:58:03', NULL, NULL, 2),
(9, 9, '2017-06-21 05:26:17', NULL, NULL, 2),
(10, 14, '2017-06-22 13:39:22', NULL, NULL, 3),
(11, 2, '2017-06-27 06:04:07', NULL, NULL, 1),
(12, 2, '2017-06-30 12:47:42', NULL, NULL, 1),
(13, 112, '2017-07-13 09:46:23', NULL, NULL, 4),
(14, 112, '2017-07-15 09:01:13', NULL, NULL, 4),
(15, 112, '2017-08-10 10:40:18', NULL, NULL, 4),
(16, 112, '2017-08-11 07:39:44', NULL, NULL, 4),
(23, 2, '2017-08-11 11:09:41', NULL, NULL, 3),
(33, 14, '2017-08-11 12:35:07', NULL, NULL, 3),
(34, 2, '2017-08-11 14:44:47', NULL, NULL, 1),
(35, 149, '2017-08-13 07:34:01', NULL, NULL, 5),
(36, 2, '2017-08-14 13:08:59', NULL, NULL, 1),
(37, 149, '2017-08-15 07:48:02', NULL, NULL, 5),
(38, 112, '2017-08-15 08:37:15', NULL, NULL, 4),
(41, 2, '2017-08-15 11:58:32', NULL, NULL, 1),
(42, 2, '2017-08-15 11:58:58', NULL, NULL, 5),
(43, 2, '2017-08-15 12:01:10', NULL, NULL, 4),
(44, 149, '2017-08-16 06:41:40', NULL, NULL, 5),
(45, 112, '2017-08-16 08:28:55', NULL, NULL, 4),
(46, 112, '2017-08-17 05:55:19', NULL, NULL, 4),
(47, 2, '2017-08-17 11:13:37', NULL, NULL, 1),
(48, 2, '2017-08-17 11:39:16', NULL, NULL, 1),
(49, 112, '2017-08-18 06:30:58', NULL, NULL, 4),
(50, 112, '2017-08-18 09:29:21', NULL, NULL, 4),
(51, 112, '2017-08-18 09:52:06', NULL, NULL, 4),
(52, 112, '2017-08-19 06:30:56', NULL, NULL, 4),
(53, 149, '2017-08-19 10:25:07', NULL, NULL, 5),
(54, 149, '2017-08-20 08:08:02', NULL, NULL, 4),
(55, 112, '2017-08-20 10:21:56', NULL, NULL, 4),
(56, 149, '2017-08-22 07:31:31', NULL, NULL, 5),
(57, 112, '2017-08-22 11:49:51', NULL, NULL, 4),
(58, 112, '2017-08-23 05:45:04', NULL, NULL, 4),
(59, 112, '2017-08-24 09:34:47', NULL, NULL, 4),
(60, 112, '2017-08-24 09:44:53', NULL, NULL, 4),
(61, 2, '2017-08-25 06:47:52', NULL, NULL, 1),
(62, 112, '2017-08-25 07:28:47', NULL, NULL, 4),
(63, 112, '2017-08-25 08:11:37', NULL, NULL, 4),
(64, 149, '2017-08-26 05:34:18', NULL, NULL, 4),
(65, 149, '2017-08-26 05:37:27', NULL, NULL, 4),
(66, 149, '2017-08-26 06:29:36', NULL, NULL, 4),
(67, 112, '2017-08-27 06:32:58', NULL, NULL, 4),
(68, 112, '2017-08-27 07:25:30', NULL, NULL, 4),
(69, 149, '2017-08-29 06:26:28', NULL, NULL, 4),
(70, 149, '2017-08-29 06:31:06', NULL, NULL, 4),
(71, 149, '2017-08-29 06:31:23', NULL, NULL, 5),
(72, 149, '2017-08-29 06:33:14', NULL, NULL, 4),
(73, 149, '2017-08-29 06:35:00', NULL, NULL, 5),
(74, 2, '2017-08-29 07:26:17', NULL, NULL, 1),
(75, 149, '2017-08-29 08:37:50', NULL, NULL, 5),
(76, 112, '2017-08-29 11:56:44', NULL, NULL, 4),
(77, 2, '2017-08-31 08:05:42', NULL, NULL, 1);

-- --------------------------------------------------------

--
-- Структура таблицы `shop_shops`
--

CREATE TABLE IF NOT EXISTS `shop_shops` (
  `id` int(11) NOT NULL AUTO_INCREMENT,
  `name` varchar(255) NOT NULL,
  `description` text,
  `address` text,
  `phone` varchar(20) DEFAULT NULL,
  `created_at` timestamp NOT NULL DEFAULT CURRENT_TIMESTAMP,
  `requisites` text NOT NULL,
  PRIMARY KEY (`id`)
) ENGINE=InnoDB AUTO_INCREMENT=6 DEFAULT CHARSET=utf8;

--
-- Дамп данных таблицы `shop_shops`
--

INSERT INTO `shop_shops` (`id`, `name`, `description`, `address`, `phone`, `created_at`, `requisites`) VALUES
(1, 'Тестовый магазин', 'Тестовый магазин', 'Чернигов', '+380935994767', '2017-05-24 08:37:43', ''),
(3, 'Северская', '', 'Западная д.41', '+79284448427', '2017-06-22 13:35:19', 'ООО \"АТК\"'),
(4, 'Натухаевская', '', 'Ст. Натухаевская, ул. Красная д.38', '+79615000117', '2017-07-13 06:43:00', 'ООО АТК'),
(5, 'Обучение Натухаевская', '', 'Натухаевская', '', '2017-08-13 07:27:26', 'ООО АТК');

-- --------------------------------------------------------

--
-- Структура таблицы `user_profiles`
--

CREATE TABLE IF NOT EXISTS `user_profiles` (
  `id` int(11) NOT NULL AUTO_INCREMENT,
  `user_id` int(11) NOT NULL,
  `surname` varchar(100) DEFAULT NULL,
  `name` varchar(100) DEFAULT NULL,
  `patronymic` varchar(100) DEFAULT NULL,
  `date_birth` datetime DEFAULT NULL,
  `gender` varchar(6) NOT NULL,
  `phone` varchar(15) DEFAULT NULL,
  PRIMARY KEY (`id`),
  KEY `ix_user_profiles_user_id` (`user_id`)
) ENGINE=InnoDB AUTO_INCREMENT=178 DEFAULT CHARSET=utf8;

--
-- Дамп данных таблицы `user_profiles`
--

INSERT INTO `user_profiles` (`id`, `user_id`, `surname`, `name`, `patronymic`, `date_birth`, `gender`, `phone`) VALUES
(1, 1, 'Бублик', 'Евгений', 'Владимирович', '1992-05-14 00:00:00', 'male', '+380935994767'),
(2, 2, 'Продавец', 'Продавец', 'Продавец', NULL, 'male', ''),
(3, 3, 'Сажин', 'Максим', 'Батькович', NULL, 'male', ''),
(4, 4, 'Клиентбонусный', 'Клиентбонусный', 'Клиентбонусный', NULL, 'male', ''),
(5, 5, 'Клиентскидочный', 'Клиентскидочный', 'Клиентскидочный', NULL, 'male', ''),
(6, 6, 'Менеджер', 'Менеджер', 'Менеджер', NULL, 'male', ''),
(7, 7, 'Оператор', 'Оператор', 'Оператор', NULL, 'male', ''),
(8, 8, 'Админ', 'Админ', 'Админ', NULL, 'male', ''),
(11, 11, 'Гуреев', 'Александр', 'Александрович', NULL, 'male', '89284442001'),
(12, 12, 'Гуреев', 'Александер', 'Александрович', NULL, 'male', '+79284442001'),
(13, 13, 'Гуреев', 'Александер', 'Александрович', '1970-01-01 00:00:00', 'male', '+79284442001'),
(14, 14, 'Подшивалова', 'Екатерина', 'Александровна', '2023-04-19 00:00:00', 'female', '+79284448427'),
(15, 15, 'Островский', 'Николай', 'Николаевич', NULL, 'male', '+79628652426'),
(16, 16, 'Фомин', 'Олег', 'Анатольевич', '2022-10-19 00:00:00', 'male', '89186966034'),
(17, 17, 'Кухта', 'Николай', 'Иванович', '1956-07-28 00:00:00', 'male', '89189915148'),
(18, 18, 'Бордонос', 'Наталья', 'Юрьевна', '1978-11-07 00:00:00', 'female', '89184692556'),
(19, 19, 'Прибыльцов', 'Валерий', 'Владимирович', '1958-05-30 00:00:00', 'male', '89648991102'),
(20, 20, 'Сомохина', 'Светлана', 'Дмитриевна', '1961-03-31 00:00:00', 'female', '89385266519'),
(21, 21, 'Найда', 'Виталий', 'Геннадиевич', '1985-08-30 00:00:00', 'male', '89184756297'),
(22, 22, 'Колесник', 'Ольга', 'Сергеевна', '1965-07-23 00:00:00', 'female', '89180375996'),
(23, 23, 'Горбенко', 'Нина', 'Васильевна', '1967-06-29 00:00:00', 'female', '89183210151'),
(24, 24, 'Захарченко', 'Мария', 'Сергеевна', '1992-04-19 00:00:00', 'female', '89002656797'),
(25, 25, 'Компанцева', 'Анна', 'Владимировна', '1981-05-12 00:00:00', 'female', '89615349383'),
(26, 26, 'Шушлебин', 'Алексей', 'Григорьевич', '1957-11-18 00:00:00', 'male', '89189861007'),
(27, 27, 'Подлепаев', 'Сергей', 'Владимирович', '1975-07-20 00:00:00', 'male', '89186941962'),
(28, 28, 'Чистякова', 'Галина', 'Станиславовна', '1955-06-25 00:00:00', 'female', '89183351439'),
(29, 29, 'Хайтиди', 'Анатолий', 'Васильевич', NULL, 'male', '89183451962'),
(30, 30, 'Матыцын', 'Сергей', 'Петрович', '1953-05-16 00:00:00', 'male', '89183931657'),
(31, 31, 'Головатюк', 'Сергей', 'Анатольевич', NULL, 'male', '89181482646'),
(32, 32, 'Власова', 'Христина', 'Марковна', '1959-03-04 00:00:00', 'female', '89183381515'),
(33, 33, 'Матченко', 'Ольга', 'Юлиановна', '1953-02-14 00:00:00', 'female', '89183493144'),
(34, 34, 'Измайлова', 'Валентина', 'Николаевна', '1955-07-02 00:00:00', 'female', '89189351481'),
(35, 35, 'Осмаков', 'Виктор', 'Федорович', NULL, 'male', '89883420067'),
(36, 36, 'Меньшикова', 'Татьяна', 'Анатольевна', '1956-09-19 00:00:00', 'female', '89002443101'),
(37, 37, 'Бакарджиева', 'Светлана', 'Владимировна', '1974-09-10 00:00:00', 'female', '89183506427'),
(38, 38, 'Беликова', 'Елена', 'Григорьевна', '1973-07-12 00:00:00', 'female', '89615320012'),
(39, 39, 'Федоренко', 'Дмитрий', 'Иванович', '1977-01-09 00:00:00', 'male', '89189319643'),
(40, 40, 'Левкович', 'Роман', 'Юрьевич', '1983-04-01 00:00:00', 'male', '89183582211'),
(41, 41, 'Журавель', 'Артем', 'Олегович', '1996-06-06 00:00:00', 'male', '89183434903'),
(42, 42, 'Щербак', 'Елена', 'Николаевна', '1981-04-03 00:00:00', 'female', '89182775680'),
(43, 43, 'Муравко', 'Павел', 'Михайлович', '1958-12-16 00:00:00', 'male', '89180376866'),
(44, 44, 'Бардашова', 'Светлана', 'Богдановна', '1970-11-27 00:00:00', 'female', '89628628224'),
(45, 45, 'Согоян', 'Наталья', 'Александровна', '1979-12-31 00:00:00', 'female', '89181502595'),
(46, 46, 'Слепов', 'Виктор', 'Михайлович', '1960-06-12 00:00:00', 'male', '89183998190'),
(47, 47, 'Бут', 'Александра', 'Евгеньевна', '1982-07-29 00:00:00', 'female', '89184920659'),
(48, 48, 'Бас', 'Наталья', 'Викторовна', '1964-10-03 00:00:00', 'female', '89181423585'),
(49, 49, 'Блинков', 'Михаил', 'Николаевич', '1982-04-09 00:00:00', 'male', '89284111760'),
(50, 50, 'Левина', 'Лариса', 'Петровна', '1962-10-06 00:00:00', 'female', '89181508674'),
(51, 51, 'Садоян', 'Джаем', 'Рашидович', '1986-05-30 00:00:00', 'male', ''),
(52, 52, 'Коломицкая', 'Галина', 'Алексеевна', '1968-01-09 00:00:00', 'female', '89181746549'),
(53, 53, 'Горовик', 'Алексей', 'Сергеевич', '1979-03-21 00:00:00', 'male', '89284301724'),
(54, 54, 'Радченко', 'Валерий', 'Викторович', '1957-04-01 00:00:00', 'male', '89282079402'),
(55, 55, 'Распопина', 'Елена', 'Викторовна', '1969-03-05 00:00:00', 'female', '89181177439'),
(56, 56, 'Игнатенко', 'Ольга', 'Николаевна', '1972-07-27 00:00:00', 'female', '89181505608'),
(57, 57, 'Шубина', 'Анна', 'Николаевна', '1956-08-14 00:00:00', 'female', '89183479175'),
(58, 58, 'Химич', 'Александр', 'Александрович', '1963-01-01 00:00:00', 'male', '89180905587'),
(59, 59, 'Андрейко', 'Татьяна', 'Ивановна', '1956-10-08 00:00:00', 'female', '89615044071'),
(60, 60, 'Кормаченко', 'Олег', 'Анатольевич', '1978-09-30 00:00:00', 'male', '89282374937'),
(61, 61, 'Савичев', 'Александр', 'Павлович', NULL, 'male', '89385105911'),
(62, 62, 'Табакова', 'Наталья', 'Ивановна', '1977-02-26 00:00:00', 'female', '89189654597'),
(63, 63, 'Семенова', 'Анна', 'Георгиевна', '1963-06-19 00:00:00', 'female', '89184338921'),
(64, 64, 'Ярмак', 'Любовь', 'Ивановна', '1961-07-20 00:00:00', 'female', '89182962647'),
(65, 65, 'Белан', 'Елена', 'Вячеславовна', '1975-06-01 00:00:00', 'female', '89186831602'),
(66, 66, 'Ковригин', 'Илья', 'Геннадьевич', '1981-09-12 00:00:00', 'male', '89284035898'),
(67, 67, 'Чугунов', 'Александр', 'Александрович', NULL, 'male', '89883875404'),
(68, 68, 'Чумак', 'Валентина', 'Александровна', '1969-12-19 00:00:00', 'female', '89184604029'),
(69, 69, 'Терешагина', 'Людмила', 'Борисовна', '1978-06-09 00:00:00', 'female', '89186388015'),
(70, 70, 'ККостров', 'Сергей', 'Николаевич', '1962-04-29 00:00:00', 'male', '89183839052'),
(71, 71, 'Курбанова', 'Ирина', 'Анатольевна', '1982-02-18 00:00:00', 'female', '89898153390'),
(72, 72, 'Соколов', 'Александр', 'Сергеевич', '1984-10-10 00:00:00', 'male', '892803883615'),
(73, 73, 'Зайцева', 'Валентина', 'Петровна', NULL, 'female', '89182664717'),
(74, 74, 'Чанчикова', 'Татьяна', 'Александровна', '1956-09-07 00:00:00', 'female', '89186506236'),
(75, 75, 'Русанова', 'Антонина', 'Михайловна', '1955-09-15 00:00:00', 'female', '89184817297'),
(76, 76, 'Блохин', 'Андрей', 'Иванович', '1955-10-24 00:00:00', 'male', '89183781028'),
(77, 77, 'Шпорт', 'Наталья', 'Алексеевна', '1961-10-21 00:00:00', 'female', '89184612694'),
(78, 78, 'Сокол', 'Григорий', 'Кириллович', '1963-05-01 00:00:00', 'male', '89184883845'),
(79, 79, 'Залесский', 'Андрей', 'Евгениевич', '1983-09-22 00:00:00', 'male', '89180226722'),
(80, 80, 'Крайнова', 'Светлана', 'Михайловна', '1961-07-21 00:00:00', 'female', '89280372154'),
(81, 81, 'Яковлев', 'Сергей', 'Васильевич', '1975-07-28 00:00:00', 'male', '89181441929'),
(82, 82, 'Алентьева', 'Елена', 'Андреевна', '1997-05-04 00:00:00', 'female', '89530816554'),
(83, 83, 'Кравченко', 'Светлана', 'Анатольевна', '1972-09-27 00:00:00', 'female', '89184801329'),
(84, 84, 'Пастухова', 'Людмила', 'Владимировна', '1964-12-14 00:00:00', 'female', '89181992241'),
(85, 85, 'Климова', 'Анжелла', 'Викторовна', '1967-09-23 00:00:00', 'female', '89892642327'),
(86, 86, 'Ильченко', 'Михаил', 'Валерьевич', '1979-10-08 00:00:00', 'male', '89181204839'),
(87, 87, 'Дмитриев', 'Леонид', 'Константинович', '1974-02-28 00:00:00', 'male', '89180956303'),
(88, 88, 'Николаенко', 'Надежда', 'Федоровна', '1964-09-26 00:00:00', 'female', '89183597034'),
(89, 89, 'Григорьянц', 'Оксана', 'Георгиевна', '1975-05-09 00:00:00', 'female', '89183503948'),
(90, 90, 'Жильцова', 'Галина', 'Николаевна', NULL, 'female', '89181502076'),
(91, 91, 'Щерба', 'Алексей', 'Викторович', '1981-02-08 00:00:00', 'male', '89180315820'),
(92, 92, 'Шамраев', 'Геннадий', 'Петрович', '1973-08-30 00:00:00', 'male', '89280405608'),
(93, 93, 'Павлов', 'Олег', 'Григорьевич', '1962-03-13 00:00:00', 'male', '89183807126'),
(94, 94, 'Моисеенко', 'Евгений', 'Александрович', '1971-11-25 00:00:00', 'male', '89186716171'),
(95, 95, 'Демешко', 'Ирина', 'Николаевна', '1964-04-22 00:00:00', 'female', '89183759918'),
(96, 96, 'Гнедаш', 'Андрей', 'Николаевич', NULL, 'male', '89184310072'),
(97, 97, 'Кийко', 'Павел', 'Сергеевич', '1986-02-02 00:00:00', 'male', '89180427464'),
(98, 98, 'Попов', 'Алексей', 'Петрович', NULL, 'male', '89891201974'),
(99, 99, 'Романовская', 'Ирина', 'Васильевна', '1959-12-13 00:00:00', 'female', '89885272772'),
(100, 100, 'Яцкая', 'Анжелика', 'Николаевна', NULL, 'female', '89189337618'),
(101, 101, 'Веденникова', 'Елена', 'Владимировна', '1970-03-10 00:00:00', 'female', '89183634855'),
(102, 102, 'Ладебная', 'Анжелика', 'Викторовна', '1980-06-26 00:00:00', 'female', '891817386'),
(103, 103, 'Шматко', 'Наталья', 'Григорьевна', '1997-03-24 00:00:00', 'female', '89184549033'),
(104, 104, 'Батурин', 'Виктор', 'Викторович', '1974-08-11 00:00:00', 'male', '89182189812'),
(105, 105, 'Омельяненко', 'Олег', 'Александрович', '1979-04-01 00:00:00', 'male', '89184497447'),
(106, 106, 'Павлова', 'Татьяна', 'Николаевна', '1959-02-21 00:00:00', 'female', '89182517262'),
(107, 107, 'Оглы', 'Михаил', 'Найшаевич', '1970-01-17 00:00:00', 'male', '89183832418'),
(108, 108, 'Фарафонов', 'Владимир', 'Иванович', '1954-02-14 00:00:00', 'male', '89181351743'),
(109, 109, 'Стадник', 'Владимир', 'Валериевич', '1977-11-01 00:00:00', 'male', '89615300345'),
(110, 110, 'Шкуропатова', 'Галина', 'Ивановна', '1958-11-21 00:00:00', 'female', '89182523956'),
(111, 111, 'Синицкая', 'Инна', 'Александровна', '1970-10-22 00:00:00', 'female', '89189584115'),
(112, 112, 'Шауров', 'Тимофей', 'Михайлович', '1993-05-07 00:00:00', 'male', '+79615000117'),
(113, 113, 'Сетраков', 'Павел', 'Васильевич', '1977-07-22 00:00:00', 'male', '89284251389'),
(114, 114, 'Шишкин', 'Александр', 'Сергеевич', '1981-11-18 00:00:00', 'male', '89186556594'),
(115, 115, 'Бровкина', 'Екатерина', 'Викентьевна', '1989-07-28 00:00:00', 'female', '89086745123'),
(116, 116, 'Коробов', 'Александр', 'Леонидович', NULL, 'male', ''),
(117, 117, 'Бондарь', 'Евгений', 'Васильевич', NULL, 'male', '89284338245'),
(118, 118, 'Сапронова', 'Евгения', 'Владимировна', NULL, 'female', '89604803602'),
(119, 119, 'Медведева', 'Надежда', 'Григорьевна', NULL, 'female', '89189673128092'),
(120, 120, 'Муравьева', 'Любовь', 'Петровна', NULL, 'female', '89186704061'),
(121, 121, 'Сесепкин', 'Александр', 'Петрович', '1958-02-15 00:00:00', 'male', '89883109405'),
(122, 122, 'Хисенко', 'Антонина', 'Васильевна', '1946-10-18 00:00:00', 'female', '89184817458'),
(123, 123, 'Тимонин', 'Владимир', 'Николаевич', '1979-10-15 00:00:00', 'male', '89186646361'),
(124, 124, 'Плугатырь', 'Олег', 'Александрович', '1982-03-30 00:00:00', 'male', '89183961987'),
(125, 125, 'Згарданюк', 'Владимир', 'Николаевич', NULL, 'male', '89183180411'),
(126, 126, 'Глухова', 'Гульнара', 'Андреевна', '1985-08-20 00:00:00', 'female', '89186318759'),
(127, 127, 'Есауленко', 'Николай', 'Кондратиевич', NULL, 'male', '89883465805'),
(128, 128, 'Тетюев', 'Анатолий', 'Алексеевич', NULL, 'male', '89184622525'),
(129, 129, 'Самарь', 'Мила', 'Николавена', NULL, 'female', '89186710835'),
(130, 130, 'Попрыгина', 'Надежда', 'Николавена', NULL, 'female', '89186220701'),
(132, 132, 'Кондратенко', 'Андрей', 'Владимирович', NULL, 'male', '89181102353'),
(133, 133, 'Заленский', 'Виталий', 'Вячеславович', '1972-04-29 00:00:00', 'male', '89883141037'),
(134, 134, 'Чубинец', 'Людмила', 'Петровна', '1962-04-02 00:00:00', 'female', '89186451750'),
(135, 135, 'Горинов', 'Евгений', 'Иванович', '1964-10-28 00:00:00', 'male', '89284121968'),
(136, 136, 'Коржукова', 'Галина', 'Николаевна', '1970-11-15 00:00:00', 'female', '89182302444'),
(137, 137, 'Козловская', 'Надежда', 'Ивановна', NULL, 'female', '89188141838'),
(139, 139, 'Коротких', 'Елена', 'Владимировна', NULL, 'female', '892814049135'),
(140, 140, 'Душечкина', 'Надежда', 'Ивановна', '1966-01-22 00:00:00', 'female', '89181150252'),
(141, 141, 'Сонин', 'Олег', 'Петрович', '1977-06-23 00:00:00', 'male', '89880804213'),
(142, 142, 'Каретный', 'Николай', 'Петрович', NULL, 'male', '89184484521'),
(143, 143, 'Романенко', 'Роман', 'Сергеевич', '1987-12-29 00:00:00', 'male', '89385036338'),
(144, 144, 'Шамай', 'Екатерина', 'Михайловна', '1987-08-14 00:00:00', 'female', '89181139608'),
(145, 145, 'Шиханян', 'Нарине', 'Овсеновна', '1979-04-16 00:00:00', 'female', '89183902359'),
(146, 146, 'Смирнов', 'Дмитрий', 'Константинович', '1976-01-05 00:00:00', 'male', '89184101330'),
(147, 147, 'Сизова', 'Наталья', 'Владимировна', NULL, 'female', '89094434071'),
(148, 148, 'Ельцова', 'Любовь', 'Юрьевна', '1971-07-02 00:00:00', 'female', '89128522727'),
(149, 149, 'Юрьева', 'Елена', 'Дмитриевна', '1969-02-23 00:00:00', 'female', '89884717602'),
(150, 150, 'Курочкин', 'Сергей', 'Алексеевич', NULL, 'male', '89094487654'),
(151, 151, 'Наумов', 'Александр', 'Николаевич', '1977-02-15 00:00:00', 'female', '89180550512'),
(152, 152, 'Багдасарян', 'Алберт', 'Арташович', '1954-04-28 00:00:00', 'male', '89183123153'),
(153, 153, 'Гультяев', 'Юрий', 'Иванович', '1961-01-01 00:00:00', 'male', '89180839171'),
(154, 154, 'Речихин', 'Сергей', 'Павлович', '1960-09-21 00:00:00', 'male', '89884867775'),
(155, 155, 'Аликбетов', 'Али', 'Нериманович', '1963-04-11 00:00:00', 'male', '89184124833'),
(156, 156, 'Ульянов', 'Сергей', 'Витальевич', NULL, 'male', '892829555779'),
(157, 157, 'Мухтарова', 'Елена', 'Владимировна', '1973-08-22 00:00:00', 'female', '89182141606'),
(158, 158, 'Иващенко', 'Светлана', 'Викторовна', '1975-06-28 00:00:00', 'female', '89182597087'),
(159, 159, 'Тимченко', 'Владимир', 'Николаевич', '1969-09-19 00:00:00', 'male', '89184488497'),
(160, 160, 'Максимова', 'Лидия', 'Владимировна', '1969-01-04 00:00:00', 'female', '89182857704'),
(161, 161, 'Барабан', 'Александр', 'Александрович', NULL, 'male', '89186997142'),
(162, 162, 'Ващенко', 'Наталия', '', NULL, 'female', '8183707801'),
(163, 163, 'Данчина', 'Эльза', 'Генриховна', '1950-08-28 00:00:00', 'female', '89184784893'),
(164, 164, 'Левченко', 'Владимир', 'Евдокимович', '1955-12-29 00:00:00', 'male', '89182682269'),
(165, 165, 'Загребина', 'Ольга', 'Васильевна', '1967-03-29 00:00:00', 'female', '89181821051'),
(166, 166, 'Егоян', 'Виолетта', 'Суриковна', NULL, 'female', '89528488430'),
(167, 167, 'Кочура', 'Виктор', 'Алексеевич', '1949-07-29 00:00:00', 'male', '89604733283'),
(168, 168, 'Перевезенцева', 'Татьяна', 'Александровна', '1972-10-24 00:00:00', 'female', '89274772969'),
(169, 169, '', '', '', NULL, '', ''),
(170, 170, 'Сиделев', 'Василий', 'Владимирович', '1978-11-04 00:00:00', 'male', '89002569976'),
(171, 171, 'Самыкин', 'Константин', 'Геннадиевич', '1977-10-17 00:00:00', 'male', '89618519382'),
(172, 172, 'Чухрий', 'Диана', '', '1970-01-20 00:00:00', 'female', '89887651259'),
(173, 173, 'Шаталюк', 'Владимир', 'Валентинович', '1975-08-20 00:00:00', 'male', '89615109288'),
(174, 174, 'Исаева', 'Наталья', 'Васильевна', '1973-08-30 00:00:00', 'female', '89034503668'),
(175, 175, 'Теплов', 'Валерий', 'Сергеевич', '1956-08-09 00:00:00', 'male', '89181324114'),
(176, 176, 'Кутепов', 'Олег', 'Александрович', '1979-10-31 00:00:00', 'male', '89146531197'),
(177, 177, 'Мельников', 'Виктор', 'Николаевич', '1985-02-19 00:00:00', 'male', '89531152373');

-- --------------------------------------------------------

--
-- Структура таблицы `user_users`
--

CREATE TABLE IF NOT EXISTS `user_users` (
  `id` int(11) NOT NULL AUTO_INCREMENT,
  `role_id` smallint(1) DEFAULT '0',
  `email` varchar(100) NOT NULL,
  `login` varchar(50) NOT NULL,
  `password_hash` varchar(100) NOT NULL,
  `reset_password_token` int(11) DEFAULT NULL,
  `auth_key` varchar(32) NOT NULL,
  `blocked_at` timestamp NULL DEFAULT NULL,
  `confirm_email_at` timestamp NULL DEFAULT NULL,
  `register_ip` varchar(15) NOT NULL,
  `created_at` timestamp NULL DEFAULT NULL,
  `updated_at` timestamp NULL DEFAULT NULL,
  `cookies` text,
  `now_in_shop` int(10) DEFAULT NULL,
  PRIMARY KEY (`id`)
) ENGINE=InnoDB AUTO_INCREMENT=178 DEFAULT CHARSET=utf8;

--
-- Дамп данных таблицы `user_users`
--

INSERT INTO `user_users` (`id`, `role_id`, `email`, `login`, `password_hash`, `reset_password_token`, `auth_key`, `blocked_at`, `confirm_email_at`, `register_ip`, `created_at`, `updated_at`, `cookies`, `now_in_shop`) VALUES
(1, 1, 'jeka.deadline@gmail.com', 'admin', '$2y$13$gAtlJ6HstvWpIE.LFzJvD.FlWeVOBnbw5dtjySj43UMktUXOyq/Mq', NULL, '052ab34597a0d0b2437841e8e3da2e8c', NULL, '2017-05-24 08:36:49', '127.0.0.1', NULL, NULL, '2017-08-31', NULL),
(2, 2, 'seller@yandex.ru', 'seller', '$2y$13$Kc1RmP9JPFJbizVxTMvNUuzG6iswAyvym.Pw6L32rV9hXEWioZC.u', NULL, '5CFRUenYSecvubvKVAsh1b6MoDS4XjFP', NULL, '2017-05-24 08:38:33', '46.149.89.114', NULL, NULL, '2017-08-31', 1),
(3, 1, 'sajin@gmail.com', 'sajin', '$2y$13$987DXD1sAiypCE3MPXd7k.1LX8DvHU6bQS/x3uAiRTJJ.vW03Y8qq', NULL, 'xqCIT2sdd0iHyC0mGtD-083RRuCpMGoy', NULL, '2017-05-24 09:11:29', '46.149.89.114', NULL, NULL, '2017-08-31', NULL),
(4, 3, 'clientbonus@yandex.ru', 'clientbonus', '$2y$13$B25FMjej.Swei7NgQ9EL2OQnZ2cdwRrp8d2py9m0co5yGIsXvxhnq', NULL, 'jwIkZN-ystLuhA-72Sdhja6vksXruxBN', NULL, '2017-06-01 13:41:19', '46.149.94.229', NULL, NULL, NULL, NULL),
(5, 3, 'clientdiscount@yandex.ru', 'clientdiscount', '$2y$13$vUNo0lhyr6SkaW84fmmR/.gnifB8OYa1.OPOfmcOcyXfdHi3tBVVG', NULL, 'dwmGo0EQzSRHGANccsJe1QZ14jXBaoE3', NULL, NULL, '46.149.94.229', NULL, NULL, NULL, NULL),
(6, 5, 'manager@yandex.ru', 'manager', '$2y$13$GEuFtR57qt0aQYE/x85R0eK7UT08I3BaM1oZlG2r.JUcsws2.1lTK', NULL, 'JyoIOuOLoM_u-cifABkzGdlXN8gvviDM', NULL, NULL, '46.149.94.229', NULL, NULL, NULL, NULL),
(7, 4, 'operator@yandex.ru', 'operator', '$2y$13$DoEutLwEyLVfM5GillH.YehBw017kHxHs5lnwwkziEOv/C4xN/Oti', NULL, '-5D3EiEdwh2g-jQFbho56hpCZ1aSMFeP', NULL, NULL, '46.149.94.229', NULL, NULL, NULL, NULL),
(8, 1, 'tshaurov@yandex.ru', 'tshaurov', '$2y$13$Wxsls0gC6KGTWG5zDHzH/.lBMHUsrNhllACt2/RlzkDoPY4tOimYS', NULL, 'zNweFItmhvErGjRjYouiojRjhDJW9m6b', NULL, '2017-06-14 14:11:53', '46.149.94.229', NULL, NULL, '2017-08-30', NULL),
(11, 3, 'ads@yandex.ru', 'ads', '$2y$13$sJee9sdB32Vd97c.VkjUjOfQqqrrL3iRxKV.uibrg2R3O02vIRLXy', NULL, 'vzfWKYs5YR_HOWwXvcpCsvs8HY0CUxBf', NULL, NULL, '85.26.186.70', NULL, NULL, NULL, NULL),
(12, 5, 'Gyreev-86@bigmir.net', 'GyreevAA', '$2y$13$PyuP..BNiRbl4KeoXynwZe33rtToqK9mF4NEp4aClARJgl7/A9Ue.', NULL, '5P875os58fnS01NsW3URpDVpC_maDFfR', NULL, NULL, '85.26.186.80', NULL, NULL, NULL, NULL),
(13, 1, 'admin@admin.ru', 'adminn', '$2y$13$yZ1.0Yvb3PkkrwECZr1JaOD3KooLXeAP7jP4IX74Kn6KYJmquCMJS', NULL, 'RJSQMqZIgBTse_fZBmUxA2O941F_P3UX', NULL, NULL, '85.26.186.80', NULL, NULL, NULL, NULL),
(14, 2, 'katerina231983@yandex.ru', 'ekaterina', '$2y$13$6Hy5mNjUuz3.SmLVEwnTq.kidLvbAnrbOaC3HZfh.UrBLo7drbhL2', NULL, 'T2CH9tIQXcdimJQJ_hSHKVdVw31kxAjm', NULL, '2017-06-22 13:38:38', '85.26.183.106', NULL, NULL, NULL, NULL),
(15, 3, 'Abc1@yandex.ru', 'Abc', '$2y$13$Vq0hHxBObDCRcNzEBmZH2e5kJsRXCk0z0wHa9sRG0wTHXIAmoZNDa', NULL, 'Xxzm5D2hiA4b34c1sv04T2382IMPkBrx', NULL, NULL, '188.170.196.48', NULL, NULL, NULL, NULL),
(16, 3, 'Fominseberiak@mail.ru', 'Fominseberiak', '$2y$13$WhxuLiAOUVjo.RVeEsred.aUiiU7L7UonSJZUFn0BTKNNbrEKdv/a', NULL, 'HI8ePDfGkeVuqNtN8soEr_52pfQ2tuYG', NULL, NULL, '188.170.193.179', NULL, NULL, NULL, NULL),
(17, 3, 'kuhta@mail.ru', 'kuhta', '$2y$13$sAWCnblNhrBR3ynMtDdgOu0PzAdISCwzMkNKnhwSkdVpJ9jRapdP6', NULL, '3j09qZEJkHvYrLby8_o-ot-MNHjkUy6v', NULL, NULL, '185.3.33.190', NULL, NULL, NULL, NULL),
(18, 3, 'Bordonos@mail.ru', 'Bordonos', '$2y$13$6imW53ihh6bFYWBtZJgJV.WLzMx740DBmibPQ.SdbfDyG1WCwFVji', NULL, 'ZlbWnxqSR4TdpbYFGlw_JRU3REEZe-OX', NULL, NULL, '185.3.33.190', NULL, NULL, NULL, NULL),
(19, 3, 'pribilcov@mail.ru', 'pribilcov', '$2y$13$PL/8lHi1D8Pk4d2m4Ao6BuLCRTnFla5gVSDvlT5qwk4RDyUDVGn0C', NULL, 'Zy4-8oXv9GuANuDgmHP84wRoBA1Um7q7', NULL, NULL, '185.3.33.190', NULL, NULL, NULL, NULL),
(20, 3, 'somohina@mail.ru', 'somohina', '$2y$13$bIgc5z.gQDO06YC8nmBZGuxBBz2ymPAW99mNKg6BLlcEMaHXYzBI6', NULL, 'WSbxrVisrueeRwdvR11f4pSwg4pYDP5B', NULL, NULL, '185.3.33.190', NULL, NULL, NULL, NULL),
(21, 3, 'nayda@mail.ru', 'nayda', '$2y$13$YpQJFAG.rv5WIFJYKzm9f.u4DZlNprvu3vgzeTaLr5YekhMB.70gi', NULL, 'U_E4R1PICjUBUXjfg_C0bTbYITNFh66Y', NULL, NULL, '185.3.33.190', NULL, NULL, NULL, NULL),
(22, 3, 'kolesnikos@mail.ru', 'kolesnikos', '$2y$13$GgzUvDvLnpioasPLgjjoLOkFCYTzqTxTL1TIPlEVsnruBwjCnUGxy', NULL, '3VkqsF4fFQtLtt0LgO26FOWi1-BJTXSk', NULL, NULL, '185.3.33.190', NULL, NULL, NULL, NULL),
(23, 3, 'gorbenkonv@mail.ru', 'gorbenkonv', '$2y$13$JuJx9Lmaye610A3UBMZ7FOhvF40WBGg6ASGGymIc334.LO5xIoGYq', NULL, 'zjdmOQBZHrW7qROgIPuP4g1CgioSpFER', NULL, NULL, '185.3.33.190', NULL, NULL, NULL, NULL),
(24, 3, 'zaharchenkoms@mail.ru', 'zaharchenkoms', '$2y$13$CfLNEXaEhJ1OahHkTtA2XeOcXgeFzS0z1tuSv03yXZ0Q4t6XcJGjO', NULL, '22UB9StHBZmlVdg-Ywq_KfV5iTVmmuNu', NULL, NULL, '185.3.33.190', NULL, NULL, NULL, NULL),
(25, 3, 'kompancevaav@mail.ru', 'kompancevaav', '$2y$13$hH/0b7JJHToHhTlP5seA7Oig3/WXTgyqNkMYkCbwIJmzWHOMEVifq', NULL, 'qkND6fidL5Sr5NAwXu8bYEAaUb22kn0_', NULL, NULL, '185.3.33.190', NULL, NULL, NULL, NULL),
(26, 3, 'shushlebinag@mail.ru', 'shushlebinag', '$2y$13$4t5L3J96Zgj6b1tRWAN0genrHal9.RZZurJGjBVjvzoQgM8CCe1fu', NULL, 'JR2riaiW6cK1vD-_FK_r8MgzeDETKSGe', NULL, NULL, '185.3.33.190', NULL, NULL, NULL, NULL),
(27, 3, 'podlepaevsv@mail.ru', 'podlepaevsv', '$2y$13$9E8GkYmHskRLRgcSm6MQq.5gl9Y/PhvLPczdNq/sufQIg8Z/VLbxW', NULL, 'F6V3vx7PPT8bM9enccUYIW2z3jMbt8DO', NULL, NULL, '185.3.33.190', NULL, NULL, NULL, NULL),
(28, 3, 'chistyakovags@mail.ru', 'chistyakovags', '$2y$13$zgipgYAmNaC2qdTg9VxUPuXVK.MEhAmc/APRi2tk4FH5EO6FrG7Vy', NULL, 'tBh39lWliPn69_g_cezyHFZwjLCFpRiG', NULL, NULL, '185.3.33.190', NULL, NULL, NULL, NULL),
(29, 3, 'haytidiav@mail.ru', 'haytidiav', '$2y$13$ZYePabv098tg5yNbVM3uSe.YN4OAet1p3dRwg/X88WItFaUhFlOHa', NULL, 'NotqpvyGGWYNnq9KbQPE4lNzdoQOszJw', NULL, NULL, '185.3.33.190', NULL, NULL, NULL, NULL),
(30, 3, 'maticinsp@mail.ru', 'maticinsp', '$2y$13$zObyQ/33izZraJawqOspo.P/hq14BhFaX1.QLIAdqfFkX7GeYhH3i', NULL, 'kHoJU66ZdiupoM0DhNOzIwCqxYj8KmLd', NULL, NULL, '185.3.33.190', NULL, NULL, NULL, NULL),
(31, 3, 'golovatyuksa@mail.ru', 'golovatyuksa', '$2y$13$Svzvt4rHF1k0ZTvLyjrT0e1s7LIYKM.Nny3OZLhQX71/OSZrwc9uK', NULL, 'OwKsKTREzBlqBFCWGlcCilIS7kCzHvZU', NULL, NULL, '185.3.33.190', NULL, NULL, NULL, NULL),
(32, 3, 'vlasovahm@mail.ru', 'vlasovahm', '$2y$13$TaVy9yX7xKJ.HxzpZ79d6usbLEb7qf236ErmL77KdWm7STzWTZbqC', NULL, 'xc5dkZr0GUM7Mr1FMeQ-Qayi9TgarxSM', NULL, NULL, '185.3.33.190', NULL, NULL, NULL, NULL),
(33, 3, 'matchenkooyu@mail.ru', 'matchenkooyu', '$2y$13$scroUzRuDN632WbQNSzN1.F1U/ndRys7pSb7LWNCIixdx.nm3ImO.', NULL, 'RqeDALYCmhE8z7hym1vio91pZLmlCWaM', NULL, NULL, '185.3.33.190', NULL, NULL, NULL, NULL),
(34, 3, 'izmaylovavn@mail.ru', 'izmaylovavn', '$2y$13$zEDXclkm9Rm1gOykvwIAIeiV.6dft59YlHKJnRltCuEfYrWVHq.aW', NULL, 'TlRluhgcqvxGBI1Z-b2jjXgQbFzLVNgh', NULL, NULL, '185.3.33.190', NULL, NULL, NULL, NULL),
(35, 3, 'osmak19@mail.ru', 'osmakovvf', '$2y$13$85bKzvB2OX3hdU9xaK/Aiumdi2Jc/u7cWW4c6XJ20XJ8LRvOWq/jG', NULL, 'D35IDsF7tOYfFwIUmmgJ5Hd6gNVL7ZVp', NULL, NULL, '185.3.33.190', NULL, NULL, NULL, NULL),
(36, 3, 'menshikovata@mail.ru', 'menshikovata', '$2y$13$tbldmdVB.C0EUrwAL2J1SecAQ1ZfQSnT9j6PustmyszpL3e.91Iry', NULL, 'WXVhoQzqysSeC_0kTgf6cnMpW__ce0HK', NULL, NULL, '185.3.33.190', NULL, NULL, NULL, NULL),
(37, 3, 'bakardzhievasv@mail.ru', 'bakardzhievasv', '$2y$13$wzalfQkacIxsGV8Lziii3eBGljopbiY.6g6Ck8tolj78J5jc0t3ku', NULL, 'd2Wf3xrqTN9W9sBwZ6cAVjkxWZ2x4tKP', NULL, NULL, '185.3.33.190', NULL, NULL, NULL, NULL),
(38, 3, 'belikovaeg@mail.ru', 'belikovaeg', '$2y$13$VShIA/S9jb3qFJIe43P8HeexwbSqDCBVgHV7DRYEQfj0JERgFnNp.', NULL, 'EXZuHOSoY65LIZ95CShBRkHs3pec6ppy', NULL, NULL, '185.3.33.190', NULL, NULL, NULL, NULL),
(39, 3, 'fedorenkodi@mail.ru', 'fedorenkodi', '$2y$13$lGX9uibi0cV7ahc.L9s2xuc4VKNkC6vV33LkdvHSdeOk91WTXuck.', NULL, '-OQ9UiZBJjPoDhSbPn4y9ayeZWO0CxTK', NULL, NULL, '185.3.33.190', NULL, NULL, NULL, NULL),
(40, 3, 'levkovichry@mail.ru', 'levkovichry', '$2y$13$F8VlyI81HGg8yfEE3NgP7OXtBp.fgJYrhKZrsDX6CbC8lqc0DCiqq', NULL, 'ncmxAAHFs5cXrd2fkLRM1ZZA1IDU3whB', NULL, NULL, '185.3.33.190', NULL, NULL, NULL, NULL),
(41, 3, 'yuravelao@mail.ru', 'yuravelao', '$2y$13$DdiuZYPKnIW1LuZoYh6RGuXEErmqUY7cuIHMOMQL9hQLfvaqwvczy', NULL, '8Y0dezlQUhZp7ia5Qhr8CBgLASs96awb', NULL, NULL, '185.3.33.190', NULL, NULL, NULL, NULL),
(42, 3, 'sherbaken@mail.ru', 'sherbaken', '$2y$13$5qEA2YC/ikBxk.D66GhlEu6.eIICF7T7zntxUVh7emTNv0WuSRU.e', NULL, 'KJUpzui5CPHkhtdRc8KxhcrpotXNdgbE', NULL, NULL, '185.3.33.190', NULL, NULL, NULL, NULL),
(43, 3, 'muravkopm@mail.ru', 'muravkopm', '$2y$13$4XXeN14sWGtSx.6cphTq6OmTX7mbLNyE.v5ELQ9cDyF45CXOl1gSu', NULL, '45ti_oHdfG7h33IYABHdjoiIe_oHEAYd', NULL, NULL, '185.3.33.190', NULL, NULL, NULL, NULL),
(44, 3, 'bardashovasb@mail.ru', 'bardashovasb', '$2y$13$t6zYhLg5qBcitaCQS.WYwOcC1wzpOSOexIe0mZ7Mp/N.YTod/PU8G', NULL, '4UwW0C48wntdOn5ZuR5uD5kY31ga5gqf', NULL, NULL, '185.3.33.190', NULL, NULL, NULL, NULL),
(45, 3, 'sogoyanna@mail.ru', 'sogoyanna', '$2y$13$L3402NpD4EFInRxhu8bZeOjtC0giaMSz3PdUtw5q0pbqS0f4FEqbu', NULL, 'ks_cyt62AifZ_G2wQ_UuyehIDrFXREUm', NULL, NULL, '185.3.33.190', NULL, NULL, NULL, NULL),
(46, 3, 'slepovvm@mail.ru', 'slepovvm', '$2y$13$iYhBEk2wahkaPIt.4JM/OezHeFMrD60elX7uNg50TS83NgkW3R15i', NULL, 'NtVbHeDTK_uqUthXCOOl9pRVW06Yt4rs', NULL, NULL, '185.3.33.190', NULL, NULL, NULL, NULL),
(47, 3, 'butae@mail.ru', 'butae', '$2y$13$co4s/j0pO0SJ18pyZplqCOYJxOBtuYOqUTNykmOHKVclq6syYpOr.', NULL, 'EbefqrpsgQC0TArj-7zGpMD2Ots8b1MK', NULL, NULL, '185.3.33.190', NULL, NULL, NULL, NULL),
(48, 3, 'busnv@mail.ru', 'busnv', '$2y$13$1OwJDjShD1gsQJ37ESqwse0fS0R3Zvw74I5SEv9geDr3Zvr85fPFm', NULL, 'tp1wDohH7JaEfgcsOgH4YPYTofRil3wV', NULL, NULL, '185.3.33.190', NULL, NULL, NULL, NULL),
(49, 3, 'blinkovmn@mail.ru', 'blinkovmn', '$2y$13$xHBRS5s9q07Wr8dHKHA1GeswQfggUnQysvhZLupItWMtaZoyzZxx.', NULL, 'iCD4QVtfIv6-pOCNli3VGckjRAQJ4FFM', NULL, NULL, '185.3.33.190', NULL, NULL, NULL, NULL),
(50, 3, 'levinalp@mail.ru', 'levinalp', '$2y$13$8gzJ6KRgK.7VBBT5DXADF.JfvXxRPcQd215Wif2zBt4JTUTAjrgNS', NULL, '9Sx2lvl0CETfyWGAF2LXNSxG2zvqQhR9', NULL, NULL, '185.3.33.190', NULL, NULL, NULL, NULL),
(51, 3, 'sadoyandr@mail.ru', 'sadoyandr', '$2y$13$WV6cBtHHSXJOhs5HSc5gaO0c6aMIbhp6oYvV//KxgduzADJ4k6gNC', NULL, 'c39Qu34f9ATE4FElc6pKqGZRofdZSLH5', NULL, NULL, '185.3.33.190', NULL, NULL, NULL, NULL),
(52, 3, 'kolomickayaga@mail.ru', 'kolomickayaga', '$2y$13$YFiHSsKTkZ8bneqrCrXDQ.shyqpd2VEbuoOo0Uuerar0ejQEMN5DG', NULL, 'fFKQ_L-M1HWsCnmvoJp_xPqJukDOoMjX', NULL, NULL, '185.3.33.190', NULL, NULL, NULL, NULL),
(53, 3, 'mr.nedobry@yandex.ru', 'gorovikas', '$2y$13$cBx1hBl/C7LM/rg2EX9Z9eLjTmlssE8K2k9hG5ya726ghUt9C.S3u', NULL, 'sV0BZw6gFBSYUU0eTxgkODFjXqgiZkn1', NULL, NULL, '185.3.33.91', NULL, NULL, NULL, NULL),
(54, 3, 'radchenkovv@mail.ru', 'radchenkovv', '$2y$13$6ulyBl7Jn9q2aaoCjYP1xu2DOXLWucH8bTKQqAZZspVKyq83DmhUC', NULL, 'KhWWifznNwj2JLBy5gSyIBM9B7CzOnGR', NULL, NULL, '185.3.33.91', NULL, NULL, NULL, NULL),
(55, 3, 'raspopinaev@mail.ru', 'raspopinaev', '$2y$13$B0CGfVhsHMovpGiYEUshQuVxOluWI9k7tn3aStpErPKG3tQM5u4ge', NULL, 'HJHzNiFrWfpBsAvS8N6b4X0QgX4HBRyR', NULL, NULL, '185.3.33.91', NULL, NULL, NULL, NULL),
(56, 3, 'ignatenkoon@mail.ru', 'ignatenkoon', '$2y$13$O8dwbnrkgJmgGyQ8UCDxnOvdoPiqJIVEyFd4/SWX/1ccTY5j8ewh2', NULL, '94jeEaP2zZEqrRMqxX6TDyYe3Xa0GA5G', NULL, NULL, '185.3.33.91', NULL, NULL, NULL, NULL),
(57, 3, 'shubinaan@mail.ru', 'shubinaan', '$2y$13$JPGmB31OEnEoipzV44PJUeqrSIatU8LofNvP6CwFoKhw4R3OIujaW', NULL, 'cjWyV7LQ6gSoGbJgn6aujr97SsvBj6Xj', NULL, NULL, '185.3.33.91', NULL, NULL, NULL, NULL),
(58, 3, 'himichaa@mail.ru', 'himichaa', '$2y$13$1JkSDIUM7MsoXEJ.SHPn4u3yFGqdIQ0UVm3kKbllHfeXfnNiFuF0e', NULL, 'HgQeREzQrCOO4Eon2uuFIT1kiRPESVAL', NULL, NULL, '185.3.33.91', NULL, NULL, NULL, NULL),
(59, 3, 'Andreykoti@mail.ru', 'Andreykoti', '$2y$13$n2Ie2EXHBa.i1YajEO1HvemRcQpMmOVLrF3UFkvrKV6kqSbq2HraO', NULL, 'EXwB6Ixc4syP4-CUC3er8tZfKgh_P8px', NULL, NULL, '185.3.33.91', NULL, NULL, NULL, NULL),
(60, 3, 'kormachenkooa@mail.ru', 'kormachenkooa', '$2y$13$8MS6pf0Nb/f2j9TTAq4m1uHfQcjgHSmoAWL3K/5XC3Uu26ojDGA7W', NULL, '97XZuv5Elova62sSNH3dN5FAEzA04gux', NULL, NULL, '185.3.33.91', NULL, NULL, NULL, NULL),
(61, 3, 'savichevap@mail.ru', 'savichevap', '$2y$13$wYWj2wX20NK3YN.OoVvioOjuLk8Sre0YrvfcEAV91mDko4najSoZ.', NULL, '-kou5hwUMYP7yOPlBfCbJ21q9DKRtPtb', NULL, NULL, '185.3.33.91', NULL, NULL, NULL, NULL),
(62, 3, 'tabakovani@mail.ru', 'tabakovani', '$2y$13$6Ll.P2jr3sBvIX0fig/WMumoKwpSYNuEgC2H0PszOzHwreqpoUkay', NULL, 'Ii01sM96SwrAlwDsORp5Wy79a03nxpQ2', NULL, NULL, '185.3.33.91', NULL, NULL, NULL, NULL),
(63, 3, 'semenovaag@mail.ru', 'semenovaag', '$2y$13$pM11DRWy8XLHPaKWgF8zEu/l4ErHSr6UW7RDxSM2f0Ic7IrdbfyQ6', NULL, 'ldoVsmLySO9J7d40Wa64-B8ATZS7ABko', NULL, NULL, '185.3.33.91', NULL, NULL, NULL, NULL),
(64, 3, 'yarmakli@mail.ru', 'yarmakli', '$2y$13$5FaKzQVCmdEUuXZU4Esaeu4cVX2r3HE4DlPB1FPZMriNbAjTPAYj.', NULL, 'PhJxkrOSU3E7ScxBgo8Aa22j2tLuwCYN', NULL, NULL, '185.3.33.91', NULL, NULL, NULL, NULL),
(65, 3, 'belanev@mail.ru', 'belanev', '$2y$13$GDiIA/kMV5PJs1LNzLXfieFbcixGDDQVL2RNVCCqMKyif8OjjIrl6', NULL, 'tq6fLOLDJr0ONp1krJUuRtXvMOQRO1oK', NULL, NULL, '185.3.33.91', NULL, NULL, NULL, NULL),
(66, 3, 'kovriginig@mail.ru', 'kovriginig', '$2y$13$8g5OBjE0OupsCTsszIEpfemFY/n/1PGjwXxqzn1xyubxGIt.4ErbS', NULL, '26d0PnuK2gLs1Yb8G_wi7ODZfOZL1xP0', NULL, NULL, '185.3.33.91', NULL, NULL, NULL, NULL),
(67, 3, 'Chugunovaa@mail.ru', 'Chugunovaa', '$2y$13$ispp0PMnMjMZ3VCRB3HJQ.NhgkRqDpZhg/.wvkwRjfHCELjxZSAw6', NULL, 'gc2qYg83hWJ3HwR5W8pvGsRVLXmbJe7l', NULL, NULL, '185.3.33.91', NULL, NULL, NULL, NULL),
(68, 3, 'chumakva@mail.ru', 'chumakva', '$2y$13$XzoI.MzWkly0xk3s3TIw1O1rVGW3nnjxDra9N/6A6yGZzbwrJHm7e', NULL, 'Ftz25o1dd5FUJRba8eb7SHjL5XdXeODN', NULL, NULL, '85.26.183.152', NULL, NULL, NULL, NULL),
(69, 3, 'tereshaginalb@mail.ru', 'tereshaginalb', '$2y$13$BDksIhqBoMKOyNlyZwvJGOsE2kadQQRYxNznWf2B1FU66//vLXYCi', NULL, 'rvltNwrGwAc1LmuDYQLGadpPbHRPtA21', NULL, NULL, '85.26.183.152', NULL, NULL, NULL, NULL),
(70, 3, 'Kostrovsn@mail.ru', 'Kostrovsn', '$2y$13$vFRjeIy1KX12HMmcUpy/tujXXbaF5BZgAhaf4rYlY.DMZpIsY58Hu', NULL, 'iJvuMSTNsSk5NXVrDw4E5GS3c5hMk9ku', NULL, NULL, '85.26.183.152', NULL, NULL, NULL, NULL),
(71, 3, 'kurbanovaia@mail.ru', 'kurbanovaia', '$2y$13$xzMqcRNrjNaYvnQaipZc..GxcDstTo7v6KFqeU124JYdC3ZSiOZJW', NULL, '3ZwU2zccbJiVl9ftjgTuKEdVAOSHAeHe', NULL, NULL, '85.26.183.152', NULL, NULL, NULL, NULL),
(72, 3, 'sokolovas@mail.ru', 'sokolovas', '$2y$13$uAeGEhQG/.XI465Nt0Zi5ejljzhdPMBY61TWWh5qnPbIBK1JrKXKa', NULL, 'uoyzwzKuBifjd9QW1u4VxvhIDn9pcACR', NULL, NULL, '85.26.183.152', NULL, NULL, NULL, NULL),
(73, 3, 'zaytsevavp@mail.ru', 'zaytsevavp', '$2y$13$5r5OsR/lTqOrKY.rft/mkO.1yNiC2njT4sgN2cj3RuXNFDp/D52uq', NULL, 'FJkv6iZPfe_VC39kAJ3S6cYDcpKdGalP', NULL, NULL, '85.26.183.152', NULL, NULL, NULL, NULL),
(74, 3, 'Chanchikovata@mail.ru', 'Chanchikovata', '$2y$13$VtXomwYgpuSlfDQNj9xPn.wEHGaLW0WghuWPJUKnzSDe/w3pCXJVC', NULL, 'mukxBChQmtH-m6OMgzUgoDQ1FOJ9Mbmm', NULL, NULL, '85.26.183.152', NULL, NULL, NULL, NULL),
(75, 3, 'rusanovaam@mail.ru', 'rusanovaam', '$2y$13$JYjPr4NaD0VoHrdjzHJB8eiSVP/ybaz2AN9zy7wSJ6kep8YIGlw0S', NULL, '4OLKMA5HlzTPlyp1s9sZ2TJqtc7pJRvn', NULL, NULL, '85.26.183.152', NULL, NULL, NULL, NULL),
(76, 3, 'blohinai@mail.ru', 'blohinai', '$2y$13$S0SIsa3j/Iuxu9Ksana/pOjCBM37i09.8T/LhWIMVUNqn1YQk.7W.', NULL, 'eT0boK0kv9hyPhs_Q1xD0WXDXoJnRrIb', NULL, NULL, '85.26.183.152', NULL, NULL, NULL, NULL),
(77, 3, 'shportna@mail.ru', 'shportna', '$2y$13$gBEWwXvQpQeOi5WVRBdbleFKvVT9zl9YQDtMltbo2j2vZFYoMDrfK', NULL, 'f24_1WAc-4I37bVVe5bh03AwofKLhNT5', NULL, NULL, '85.26.183.152', NULL, NULL, NULL, NULL),
(78, 3, 'sokolgk@mail.ru', 'sokolgk', '$2y$13$GBCA9gRUqDxE.J13l0nzjOAOU.HaTNbWQCUNe.GOxk8kq1YmUz.y.', NULL, 'HhaicDJalSGD1hSgTCHWfHSN5P97wNqp', NULL, NULL, '85.26.183.152', NULL, NULL, NULL, NULL),
(79, 3, 'zalesskiyae@mail.ru', 'zalesskiyae', '$2y$13$RgAvctLn3lOMubTsiB.0m.HmJVzVgCy3HX5p6vVbo8z8WQ7zA5zjS', NULL, 'FDE4mDn0shf_YYnz5E5hip8r_eSA--CZ', NULL, NULL, '85.26.183.152', NULL, NULL, NULL, NULL),
(80, 3, 'kraynovasm@mail.ru', 'kraynovasm', '$2y$13$bI3knBSrLnITE0GZX3KkJuEWMKjVh7cvDcYzyaW9atZ2WcPDMx9Zu', NULL, '4gHBmAV1Tavd1poH9_W4D2WEg7kPNb5i', NULL, NULL, '185.3.32.97', NULL, NULL, NULL, NULL),
(81, 3, 'yakovlevsv@mail.ru', 'yakovlevsv', '$2y$13$/5nlAXubarLPdnhsrvRsoOz1b35vUs8KkFUMMcY8EQ0x1sh9XzcZW', NULL, 'MBO9y44SG-XeVHGVAImOSdQM1bS01HaV', NULL, NULL, '185.3.32.97', NULL, NULL, NULL, NULL),
(82, 3, 'alentievaea@mail.ru', 'alentievaea', '$2y$13$rC2q87rqv2DU/3vwygDigOqAl9sR5UHCHJ6XCvOynp.h4b0UZ5XJG', NULL, 'tGPQbFJe_mLObQCwVWdDmIgBdMPBOmkE', NULL, NULL, '185.3.32.97', NULL, NULL, NULL, NULL),
(83, 3, 'kravchenkosa@mail.ru', 'kravchenkosa', '$2y$13$r8uzAAFocIvkdWj4kmdH3eYzndsFqRNZijQyXYGbJ0TVM6y/I52HC', NULL, 'mqDXtirpK7OEkb2tlcbORwCErbfSk-s-', NULL, NULL, '185.3.32.97', NULL, NULL, NULL, NULL),
(84, 3, 'pastuhovalv@mail.ru', 'pastuhovalv', '$2y$13$SfmZp2hqNjfSjphO3zsHVOjCGioZZNorvtpLADleNbWKlG8xG3fia', NULL, 'a6zTYT7r8jlEdc-c6iYudkijBYGhc4-f', NULL, NULL, '185.3.32.97', NULL, NULL, NULL, NULL),
(85, 3, 'klimovaav@mail.ru', 'klimovaav', '$2y$13$nkBfrq1dCthX/rjxztn5aOVElMEdgYmKMJIBSV9RO.Yu1.HFe0F6W', NULL, 'lGzliWfvkKmCP8J253BIVtwj3zxRVmyA', NULL, NULL, '185.3.32.97', NULL, NULL, NULL, NULL),
(86, 3, 'ilchenkomv@mail.ru', 'ilchenkomv', '$2y$13$ylZyJr/G2NftKMx7yiZsQO1IrG5PgFjuwXsvNcRUUSmpTtEt.v0Om', NULL, 'gGrhzLabnmBM3REvw2Vpa-aJeOzRUOAo', NULL, NULL, '185.3.32.97', NULL, NULL, NULL, NULL),
(87, 3, 'leonid_dmitriev@mail.ru', 'dmitrievlk', '$2y$13$Hum2VtnYx/IuaOiikNyktetTltfu2vs.o1tHyOaqafziqKsffR1gW', NULL, 'a5AmUeBRPgLoLyB7B_g7Ln0ndf3p_LCP', NULL, NULL, '185.3.33.80', NULL, NULL, NULL, NULL),
(88, 3, 'Nikolaenkonf@mail.ru', 'Nikolaenkonf', '$2y$13$QgQbbNelPLI0drx9ekREWu9rinD3KgiV/Eu5dfKCZhdL4yRdZUrIq', NULL, 'yQC7MhTfgpuVlyoZdluJfLQvoYLx3fC7', NULL, NULL, '188.170.193.213', NULL, NULL, NULL, NULL),
(89, 3, 'Grigoryancog@mail.ru', 'Grigoryancog', '$2y$13$EiT3S22Ro39lyyTmHOKOkOt0qPI1ocpT0yjc2Q9OUrRyPQl2Sk3u2', NULL, '-UKSxQqcOE0Jhfn75R10GPXH6Wz20xIC', NULL, NULL, '188.170.193.213', NULL, NULL, NULL, NULL),
(90, 3, 'Zhiltsova@mail.ru', 'Zhiltsova', '$2y$13$l5dTmnjWNjtCCtMH5H1w0eyFpZOjU3KMkHN8XAfWrn92w7aF5NwHu', NULL, 'UalQGTDzfZ2PMWX-B98IMTrvcnBge_Tn', NULL, NULL, '188.170.193.213', NULL, NULL, NULL, NULL),
(91, 3, 'Sherbaav@mail.ru', 'Sherbaav', '$2y$13$TSScT8xnHobuHn1I8mO45u/LEHqf60TXq2kY4zZNTmP7QC8eCpTsu', NULL, 'rOysGt2_5rT3ipInYP-swqqkQNFMOQ8k', NULL, NULL, '188.170.193.213', NULL, NULL, NULL, NULL),
(92, 3, 'Shamraevgp@mail.ru', 'Shamraevgp', '$2y$13$oB.un50zGPA22jL8CQb9xOo6MvPTW/CqVOr6.hJjahByQn0UMQddi', NULL, 'vBg0nG-roJumcTXGzUlcHhE-_Eb0w6U-', NULL, NULL, '188.170.193.213', NULL, NULL, NULL, NULL),
(93, 3, 'Pavlovog@mail.ru', 'Pavlovog', '$2y$13$8gN/8WoUv6/RVdDP9g.omOHdIKTMoGIMvf.JyUXpAlKCxfIYh8wLm', NULL, 'XBCmWRNXjLhLMtReUzblSGJ2su8oOZ6Q', NULL, NULL, '188.170.193.213', NULL, NULL, NULL, NULL),
(94, 3, 'Moiseenkoea@mail.ru', 'Moiseenkoea', '$2y$13$uxtfkmKYdj.qkftbIpWiIeFzv8X7JZ.zLH7lobqZUSEDt9l1ApEvi', NULL, 'ZUX1cofpscO4iruS98njKx_2G1VWP3Hn', NULL, NULL, '188.170.193.213', NULL, NULL, NULL, NULL),
(95, 3, 'Demeshkoin@mail.ru', 'Demeshkoin', '$2y$13$HxTSop1bnKYeJG.fCtkQjeXdB8P8ElrDv1JL5YM4uBm.aEsCoQD6a', NULL, 'CvtsWWmWASwksikbu7DmCyBEQ_l5l8Qb', NULL, NULL, '188.170.193.213', NULL, NULL, NULL, NULL),
(96, 3, 'Gnefashan@mail.ru', 'Gnefashan', '$2y$13$YOHoWujywgI8NcGTQNu0qekZL7M3.FjFbaqvfA0URXYDmXHzGVdH.', NULL, '2LNHcnFdLGnyNa4go5LxcH0illPI_mWQ', NULL, NULL, '188.170.193.213', NULL, NULL, NULL, NULL),
(97, 3, 'Kiykops@mail.ru', 'Kiykops', '$2y$13$63sFjABzrlzkzJfLbz8CP.68NnPVEIjwm9CisRWO.SZAvIGtyTLbW', NULL, 'eSpklApekL1fI-qcTJ0nyhPT035-hsUi', NULL, NULL, '185.3.34.246', NULL, NULL, NULL, NULL),
(98, 3, 'Popovap@mail.ru', 'Popovap', '$2y$13$adPcyZy6YpiQF.bZw/MPqORq.qhX./4sxCssY8fQIwCbx5v7T/G/y', NULL, 'oC7PfDJxKGkUtFV_M6CjSRJ5KrxK8g48', NULL, NULL, '185.3.34.246', NULL, NULL, NULL, NULL),
(99, 3, 'Romanovskayaiv@mail.ru', 'Romanovskayaiv', '$2y$13$JeiqHExGJliEUa.arGDNQOk0Idw0XlDG6zRSGCRFB1dPTsocDAI56', NULL, 'xYPQRUXrDwDJXf5hpx6W1HpvWxmAoP_M', NULL, NULL, '188.170.194.220', NULL, NULL, NULL, NULL),
(100, 3, 'Yackayaan@mail.ru', 'Yackayaan', '$2y$13$ulWeDYaFSxL7dopsHW.NeuBlMg6FnlysmE3nZfIRa5D0cZxwqVjcW', NULL, '7o-aKWsfyH_oAkuYSLH-O1Mt5JQd-xYn', NULL, NULL, '188.170.194.220', NULL, NULL, NULL, NULL),
(101, 3, 'Vedennikovaev@mail.ru', 'Vedennikovaev', '$2y$13$oac3qTy7LIf7uN4mfAPBCOTWTiBfIRUv2NT.JTCNXLC9yJzTwRKd6', NULL, 'MOmoX_a19aYwUlHD798tZXhQmozsFGsG', NULL, NULL, '188.170.194.220', NULL, NULL, NULL, NULL),
(102, 3, 'Ladebnayaav@yandex.ru', 'Ladebnayaav', '$2y$13$mf2qEINhlXaozf/5gjuAlOpIdx06LpXg5SZiuWEtxtXviBr/nhB4e', NULL, 'YbU6putfLVddQxOxc7jvq5yL7LLi9TR2', NULL, NULL, '188.170.194.220', NULL, NULL, NULL, NULL),
(103, 3, 'Shmatkong@mail.ru', 'Shmatkong', '$2y$13$gieoqnS4YZZs8Oa4QHuk0uXtGNawYkLkQrrwQ0f9T9Gbm3JSmcCJi', NULL, 'vKQz1n2dg0H0FN57vSKXltb8dIQuKFTK', NULL, NULL, '188.170.194.220', NULL, NULL, NULL, NULL),
(104, 3, 'Baturinvv@mail.ru', 'Baturinvv', '$2y$13$jfL8bL87EuqdGycmJZSNtuyYYRYQ6I2NPVazlAXk971ytIakuSRcm', NULL, 'Q6gLjQmVZiNFLU79zggk5Y8ROvmLAsvW', NULL, NULL, '85.26.186.46', NULL, NULL, NULL, NULL),
(105, 3, 'Omelyanenkooa@mail.ru', 'Omelyanenkooa', '$2y$13$uD6XuTqWG9.gF.U0dpnDGO8NIQhUkJLP9yK8IjJz5Qa0Fe0hxC2NS', NULL, 'bylcgu8cgSGhEt7YGWaOAN9rqqTp1wVI', NULL, NULL, '85.26.186.46', NULL, NULL, NULL, NULL),
(106, 3, 'Pavlovatn@mail.ru', 'Pavlovatn', '$2y$13$/F.b0lq1wRgOSR9D5a1E3e./Q.Q/EHgZhz.WhKzpwqEY0ZJZDUM9W', NULL, 'o8iiRmV_engCxaiEg_8QTKwqJCziY3Fy', NULL, NULL, '85.26.186.46', NULL, NULL, NULL, NULL),
(107, 3, 'Oglumn@mail.ru', 'Oglumn', '$2y$13$H7XW8x/hwO2syVr4uWDgYuFTA2QmKzOKVkFQrl0Ft62TcFjVax7bG', NULL, 'gdZww0ic-0f78TtxypGaQJq5OmI69GcO', NULL, NULL, '85.26.186.46', NULL, NULL, NULL, NULL),
(108, 3, 'Farafonovvi@mail.ru', 'Farafonovvi', '$2y$13$zIb5nyuIaW5cHUyKrQAcheB7baVRH7NZGGJzdiNMqujYuBu7fd7IW', NULL, 'CTGJr0-ovUR1vvpFLNNK2GWO3yv-erGR', NULL, NULL, '85.26.186.46', NULL, NULL, NULL, NULL),
(109, 3, 'Stadnikvv@mail.ru', 'Stadnikvv', '$2y$13$HIJj6DuliL0u71BXyxI6duH0K0EV5fy4tYjdHpwJDAmdMnKt1MO1i', NULL, 'pH6mvJtcszpKuAO0Hr65ApSfKhERdbov', NULL, NULL, '85.26.186.46', NULL, NULL, NULL, NULL),
(110, 3, 'Shkuropatovagi@mail.ru', 'Shkuropatovagi', '$2y$13$.VahpVqZ2DeN3iUYEGKOXOyE6.iwFNC2ZSYtUQ1gUHQYsKgjoWTBC', NULL, '5qLatmPaJaNbOIkdPnbBuUD8Kx1xSRdg', NULL, NULL, '85.26.186.46', NULL, NULL, NULL, NULL),
(111, 3, 'Sinickayaia@mail.ru', 'Sinickayaia', '$2y$13$f2kW3wm/.70gTHzt2IASB.EBi77IuUxTSIyGrpHH/Zxpx8HapyQgS', NULL, 'pNEJxKyi_r8v8oe0Ugm6_umHFXljbzgZ', NULL, NULL, '85.26.186.46', NULL, NULL, NULL, NULL),
(112, 2, 'natuhaevskaya@mail.ru', 'natuhaevskaya', '$2y$13$kOO0VtSxuMpKh2UNT50jMOudASEx5yOvDW9FwC3.kWcl8YuHI4ova', NULL, 'O3qpWclempmzbY2wiLclI-HSvUQSmWAW', NULL, NULL, '85.26.183.93', NULL, NULL, '2017-08-29', 4),
(113, 3, 'setrakovpv@mail.ru', 'setrakovpv', '$2y$13$xJ8VFeVHNUpFkQK7ji9bY.yurVigwyGlnalEfMyvnBK0b7F7px1SO', NULL, 'FZ_s55l_9zi697cG0lxwxbNef46pliv3', NULL, NULL, '188.170.192.40', NULL, NULL, NULL, NULL),
(114, 3, 'shishkinas@mail.ru', 'shishkinas', '$2y$13$sZp5yXZjdwbJkvs1LSNC/e/0GmZZWaqUma8bYOXVpT.H3e2baa0DC', NULL, 'SObXa-xXTvzzRDq7Xgilnb4D3GzihsRC', NULL, NULL, '188.170.192.40', NULL, NULL, NULL, NULL),
(115, 3, 'brovkinaev@mail.ru', 'brovkinaev', '$2y$13$StpJEv0LdT2x7LrVsVEB3OwsopfmppEkRRFcp9l.rOznY/C0LKHie', NULL, 'V7f4cH11u0JfttyiRybfGjTThG59Z1-h', NULL, NULL, '188.170.192.40', NULL, NULL, NULL, NULL),
(116, 3, 'Koroboval@mail.ru', 'Koroboval', '$2y$13$9lqXUkiOwQExf35p5MnsYuVDmeLghq0kdiUJpSlGAZxoQGlGCjzCy', NULL, 'LBULD-aFdv_vNwYtXkZtAl-cRmHfCzRZ', NULL, NULL, '185.3.33.34', NULL, NULL, NULL, NULL),
(117, 3, 'bondarev@mail.ru', 'bondarev', '$2y$13$Bckr80DTXbcBItLvFzwFx.8Kb5W846fbo/ovjRn1FoaaeBimMW1RS', NULL, 'um5gpwNKtvoqs5xcVASZjEfcFnLl3561', NULL, NULL, '185.3.35.173', NULL, NULL, NULL, NULL),
(118, 3, 'Sapronovaev@mail.ru', 'Sapronovaev', '$2y$13$yokztFdK2tHqJd4IwEBxROOFWbBiO/5lVUZPiaSlUMyNtUiAvKtry', NULL, 'd35IoQcYDlJdbeRhVe3lalYpC2cc897o', NULL, NULL, '185.3.35.173', NULL, NULL, NULL, NULL),
(119, 3, 'medvedevang@mail.ru', 'medvedevang', '$2y$13$Yoa6bmf3jrntbUjpxaHZ9.XWMQjZoxNEPGZdebzYMtaTZYZy6Axq.', NULL, 'LKz4N4wCmarwFqnKPhYo9vtKg8U3O58o', NULL, NULL, '185.3.35.173', NULL, NULL, NULL, NULL),
(120, 3, 'muravevalp@mail.ru', 'muravevalp', '$2y$13$EeoO5RarpmnALF97uwU3cemTTKvSqmkOPMBM8O0iyYtBEE04KzUs.', NULL, 'WKovBk9QVGhqa6QaWxxHQhuva5IK9NxI', NULL, NULL, '185.3.35.173', NULL, NULL, NULL, NULL),
(121, 3, 'sesepkinap@mail.ru', 'sesepkinap', '$2y$13$ziemiNBOZrvwPf81IH32AeNxnfTWA980WVKe1oo99Gkk/T.wIWrtO', NULL, 'fJU2ZypTq2kMny-xW1j-_uTGz6IjcG1E', NULL, NULL, '185.3.35.173', NULL, NULL, NULL, NULL),
(122, 3, 'hisenkoav@mail.ru', 'hisenkoav', '$2y$13$O/P1EfblEu9MzlaEX7rs7uzr4v.IPg16Yt/uBRrsiKcy5W1ijNE7y', NULL, 'WHbn759czDGma8maPKWtCsQRCrzZIyCA', NULL, NULL, '185.3.35.173', NULL, NULL, NULL, NULL),
(123, 3, 'timoninvn@mail.ru', 'timoninvn', '$2y$13$vsGNZdiGESiIdZQBzJsUvOiCSaAM4SaIYlgm3VeOVp3N4Jde0FlWW', NULL, '0Zs0SogsOJl7G25NGY-K6foniaz--f5b', NULL, NULL, '185.3.35.173', NULL, NULL, NULL, NULL),
(124, 3, 'plugaturoa@mail.ri', 'plugaturoa', '$2y$13$34Y5eiHl33dI81mvp2z.KOZDviAGQxAgrW06fqnHsiRVFyt3EnfJC', NULL, 'wx650jTqWooaH4iiSOA816a9RUAf2AR_', NULL, NULL, '185.3.35.173', NULL, NULL, NULL, NULL),
(125, 3, 'zgardanukvn@mail.ru', 'zgardanukvn', '$2y$13$vxGTbU2COAIYnZad/bKbG.7yQYj8zu2ASR73wK1LX8FRvzSSYzRyC', NULL, 'HDqC2pq9B7MhpyPde5geqRedvfYm0xX7', NULL, NULL, '185.3.35.173', NULL, NULL, NULL, NULL),
(126, 3, 'Gluhovaga@mail.ru', 'Gluhovaga', '$2y$13$dnH6yA3SnSxgg3XNuVBqc.Qr01Q99gXa7T7kD9uqXrDKWWpxebIoy', NULL, 'V_y2mcgaDYq87pZqQRIAxW0MyTjuggYU', NULL, NULL, '185.3.35.173', NULL, NULL, NULL, NULL),
(127, 3, 'esaulenko@mail.ru', 'esaulenko', '$2y$13$SuRZjnsR2fDyzl3U4qfMueEJaElF2Afeeh79ZFr62yxcfAjdPX2d6', NULL, 'itDwWpTWJJz-IZvjU-NPpgDT2EHXRiLx', NULL, NULL, '185.3.35.173', NULL, NULL, NULL, NULL),
(128, 3, 'tetuevaa@mail.ru', 'tetuevaa', '$2y$13$fMisr6gH48oSWtnZFQ7yNOV6FibiLWBTxfKENwnPQBRrmNaVON6i6', NULL, 'HtkSUWbIH5_dIlH8dlkyNRx5vXfJoY-g', NULL, NULL, '85.26.186.132', NULL, NULL, NULL, NULL),
(129, 3, 'samarlp@mail.ru', 'samarlp', '$2y$13$./KvGPmQd349SoRnpu1jsOu/BeICI7p.Vz7SfuwHYVkJZZ/j/mQlC', NULL, '0_vwrXTpWjbyim8w4A7pfYfhatYzSIqJ', NULL, NULL, '185.3.34.78', NULL, NULL, NULL, NULL),
(130, 3, 'popruginann@mail.ru', 'popruginann', '$2y$13$appt1FQGckCMdlfhAKBJM.LcN206qVIqljZCJLr9GBUdkYg7.6CqC', NULL, '8YVXy74mFiDKNzVi9Etm4yEw2XMcxYw0', NULL, NULL, '185.3.34.78', NULL, NULL, NULL, NULL),
(132, 3, 'kondratenkoav@mail.ru', 'kondratenkoav', '$2y$13$uD6etVlivV5fbLP71KCCt.EKuBfiCPnTlFP9HIICkTF7ZydzFaPni', NULL, 'beDp8AmsAouVw632Q1vyY5R1X7rBZ4Ay', NULL, NULL, '185.3.33.201', NULL, NULL, NULL, NULL),
(133, 3, 'zalenskiyvv@mail.ru', 'zalenskiyvv', '$2y$13$kr/DbfLVGxKE2UWLnEZmwOBioAZrhquqkErm0u3YJvnwigWsJW4ba', NULL, 'ukpNenbJGwlzNvzDcEEhaoPEmPxAkHKF', NULL, NULL, '185.3.33.201', NULL, NULL, NULL, NULL),
(134, 3, 'chubineclp@mail.ru', 'chubineclp', '$2y$13$TEmpg/JjCWF6kxAeEtIuuu9Qj0zdml4LGW8rGwX954BtXBgfSRCM2', NULL, 'jTBhozosEYmZkThE6ngTN3HNuBs-ozNp', NULL, NULL, '188.170.192.46', NULL, NULL, NULL, NULL),
(135, 3, 'gorinovei@mail.ru', 'gorinovei', '$2y$13$swXqk.PgmNtWfV2jACPvkuIbIsTRZDtrhsPbfuEPdsD0Z5BuBVD5K', NULL, 'MUBM_eMsViPA9ryObxEpfnW5m1fZe3km', NULL, NULL, '185.3.33.113', NULL, NULL, NULL, NULL),
(136, 3, 'korzhukovagn@mail.ru', 'korzhukovagn', '$2y$13$KtCzJrSqXhyqZT6PeJH3hOtPJR5nVbB23c5cGVjGWWPeaPE.qMrzO', NULL, 'syzJLlbOSQz3aI5lREF88ogMBsAHE9DU', NULL, NULL, '185.3.33.113', NULL, NULL, NULL, NULL),
(137, 3, 'kozlovskayani@mail.ru', 'kozlovskayani', '$2y$13$VZ0osNo55elVEedgoo214.LY3/vswtt.B50E6EPLspvqWFh3Oygcy', NULL, 'gz71L78x8ShaVBiTgDeL-lq5goL1Xa6R', NULL, NULL, '185.3.33.113', NULL, NULL, NULL, NULL),
(139, 3, 'korotkihev@mail.ru', 'korotkihev', '$2y$13$sgafgCFk4znBNelHmtzDVeK.r7.50PJXaXimk.bHA1y7eolMO9lmy', NULL, 'ddLZj02edBrwYVS5XbfQibF3aAAbxhpM', NULL, NULL, '85.26.186.235', NULL, NULL, NULL, NULL),
(140, 3, 'dushechkinani@mail.ru', 'dushechkinani', '$2y$13$4RhzqatApLtBHIn75lUDZeHKafHbkLFfYvvDc1WV8IY9OAvkiRL9W', NULL, 'wfg9Zzkdign-u7nPkrgeQGmJKzpE9jM5', NULL, NULL, '85.26.186.235', NULL, NULL, NULL, NULL),
(141, 3, 'soninop@mail.ru', 'soninop', '$2y$13$D4vnXqAtIWh32VWEAtFk8uKYM0UvRB8SrxbkxwGosZ5Yk.ShHPJQO', NULL, 'igSpOqryGJWvSP4LpotPAlCpxWu7KWRr', NULL, NULL, '85.26.186.235', NULL, NULL, NULL, NULL),
(142, 3, 'karetniynp@mail.ru', 'karetniynp', '$2y$13$Un/LUVlR.urvnrEi1V.k8OaDSz5Cf/vxHFfxPzhLNT5HukDZjdJXO', NULL, 'He2bBZi2JEpjA4avCA4NuMJ8bLVOJh7W', NULL, NULL, '85.26.186.235', NULL, NULL, NULL, NULL),
(143, 3, 'romanenkors@mail.ru', 'romanenkors', '$2y$13$TEUTFAZ44sCVQRkxs3Huk.thDNIQJHMZ4.t9EffmM.rgVXPJiNkM.', NULL, '4boJ72D5I6OhKX_j6Oo6zj7Y3aN6CiT5', NULL, NULL, '188.170.194.35', NULL, NULL, NULL, NULL),
(144, 3, 'shamayem@mail.ru', 'shamayem', '$2y$13$QVw2V3L.MdFDtOhZIWwOludfa3q1ETDMSPmrG/k05WnzpQtBAJtpG', NULL, 'xf57k1mPuWgME7ssuZ9M_F0lypE6h6uB', NULL, NULL, '188.170.195.180', NULL, NULL, NULL, NULL),
(145, 3, 'shihanyanno@mail.ru', 'shihanyanno', '$2y$13$dH5MshwxuQAcItlkVvfNjeUwRjh986nR5ZPX8jyTJA.cYhaV.Uy7C', NULL, 't-wfjaF7jNHL_EgF3FF8iL7Wwx4l-2I_', NULL, NULL, '188.170.195.180', NULL, NULL, NULL, NULL),
(146, 3, 'smirnovdk@mail.ru', 'smirnovdk', '$2y$13$CD82r/HBoyED9xrhX3mCfuTJ64hJ4vRflZtnNJhlZCY.KPb5Jj0re', NULL, 'pkjU-7pGMbQToPK3EoBz-9_1qRry0p0e', NULL, NULL, '188.170.195.180', NULL, NULL, NULL, NULL),
(147, 3, 'sizovanv@mail.ru', 'sizovanv', '$2y$13$yn7.IkurQ.fyxZNgXK5c1.eL0R0kJZhI1X2bVZ1BjreOvraTIF9Fa', NULL, 'RyZ-SJjKekgdHedsE77GGktBp05TjlOC', NULL, NULL, '188.170.195.180', NULL, NULL, NULL, NULL),
(148, 3, 'eltsovaly@mail.ru', 'eltsovaly', '$2y$13$DVgb52HvS7qiTcIeRQ89IOfnSDXZ85utem5vhOtgS3Sj0u2VIo5dC', NULL, '0JZ_3kb2csKPOqAWBJMxT8EafujEhyCe', NULL, NULL, '188.170.195.180', NULL, NULL, NULL, NULL),
(149, 2, 'qwerty@mail.ru', 'qwerty', '$2y$13$d4Y6Q1D4gntORQpS7gjrQ.34IZxyvEhMjOrNCFrQnu9jALORT9K0O', NULL, 'Gag6o6oN2GVVfjCzNS3m68c1RFPN4NHQ', NULL, NULL, '185.3.35.219', NULL, NULL, '2017-08-29', 5),
(150, 3, '', '', '$2y$13$luh8pcDlc.fMSdcN0v/zz.ryBVUn9WcE6ZYHTCdcZzjM30ucFdsWC', NULL, 'gxfAnuZFJQKJqXmMvEJkLgYOYt0iDjK4', NULL, NULL, '185.3.33.71', NULL, NULL, NULL, NULL),
(151, 3, '', '', '$2y$13$K6L3HmXuIFy3Ge.6yub.AOxTxs.01GUdJ90OWXSweOIY01BlNNvde', NULL, 'nF1nY4ceL_cjuw7cmvYMVn09W8O53gcQ', NULL, NULL, '185.3.33.71', NULL, NULL, NULL, NULL),
(152, 3, '', '', '$2y$13$yN.XXhRbtXhbCvOspUyyme6a9HdVg3tYhjodRyMq6CkgJEP/GUSiu', NULL, 'jAui2DBNIKDv-4o70ftmTqibGXXlmFsM', NULL, NULL, '185.3.33.71', NULL, NULL, NULL, NULL),
(153, 3, '', '', '$2y$13$eZ4DtTmo/eYDNTgjiF2wzO48Jflu7S9mYwgCqf68z6ZS51Z6JiTAm', NULL, 'm3rWu4wYz1GMGSO5NB7ixxUZf1saMqfO', NULL, NULL, '185.3.33.71', NULL, NULL, NULL, NULL),
(154, 3, '', '', '$2y$13$ZxnlKDmNihySFo02udzsK.oMBhJ3bm8Zl6MZizsfIF/oT3GFvsYVu', NULL, 'V1_KzF8_zPVHfK-4JN3lGQg2rhMms9Ea', NULL, NULL, '185.3.33.71', NULL, NULL, NULL, NULL),
(155, 3, '', '', '$2y$13$6l3JNcYkG6PmKqVBoAZ7c.y50IQVf.7hDf.uEk7jbq.hT0oykH/JS', NULL, 'KUQGgAcTck3hIb5TZb1ChtK3YkfABsNP', NULL, NULL, '212.188.16.114', NULL, NULL, NULL, NULL),
(156, 3, '', '', '$2y$13$.50.uIEvSVnQaT7FHBdMUe9ULpToq6KUkXFf46RViUVd4fPgh/Try', NULL, 'I_NhAOG-8nvLbSaM568py_6mogTXeqa3', NULL, NULL, '212.188.16.114', NULL, NULL, NULL, NULL),
(157, 3, '', '', '$2y$13$uQIrd4nrRwxapF1eWcK.IupD.elCiaohy4wF1X7YoxP4dYBlxsJxq', NULL, 'Ery3C_xTALKz-YX9rvVDIEyT3pHkE9rI', NULL, NULL, '212.188.16.114', NULL, NULL, NULL, NULL),
(158, 3, '', '', '$2y$13$u9ROSDFqSL9lauvA3.F8ceUaph1.wJT7Yg/2dQischyTXy61bQ5Ly', NULL, 'wVntzd65rhJo2el5udgCGkeC6B9ABhsZ', NULL, NULL, '212.188.16.114', NULL, NULL, NULL, NULL),
(159, 3, '', '', '$2y$13$iyQVKOFv.hUsLan4e26d.usxjRp0YJJjHYs6UUJSsqtSYJ1Em.CmG', NULL, 'U3PCFtWPa0z6X_SbqZlHoy2yzpZT40cQ', NULL, NULL, '212.188.16.114', NULL, NULL, NULL, NULL),
(160, 3, '', '', '$2y$13$GS0GHqOakyrBuMSWBc0AgOaH1CoJPQJJf6NHWX7u/r5rriwk2lW/q', NULL, 'sNHEgJ8zq-T7DyaN12OH3CwDEnw4ZnMy', NULL, NULL, '212.188.16.114', NULL, NULL, NULL, NULL),
(161, 3, '', '', '$2y$13$96B91oV70pk9qOKTrubUv.TuIqEn3Yfkgk80yv64h5hlIxnuQr7IW', NULL, 'k1Xh2Bh3XfsNT7qg7DMe39Ow8hC1kbg6', NULL, NULL, '212.188.16.114', NULL, NULL, NULL, NULL),
(162, 3, '', '', '$2y$13$4MheJ6zH97YC5RCovcEgjOuSoCCaN6w6fbvQVnijj4PvpUO62IsFq', NULL, 'BUeMzhSgo4NGHwcusCTAJyyNTfNTWUUM', NULL, NULL, '212.188.16.114', NULL, NULL, NULL, NULL),
(163, 3, '', '', '$2y$13$55czyIN6B4m1K0oUkbcceOCzU5ZqJE3Pfr2jvFYO75.zbda649zpi', NULL, 'cjLs-qZiAF4IFSzWjZ4oj7emSTVwjtqJ', NULL, NULL, '212.188.16.114', NULL, NULL, NULL, NULL),
(164, 3, '', '', '$2y$13$yDxzR7RoXLZaN6kBwHf6cejAfyj5HKKXn1JoAMrKITh6GvuStepDe', NULL, 'GbEMsrbBZag-R2PwVnuQBAegr67AUJ1g', NULL, NULL, '212.188.16.114', NULL, NULL, NULL, NULL),
(165, 3, '', '', '$2y$13$8NEN5lC19fWwhOCUaKfMUu4JH.crGvMW/C2UlntGaRhAuh00xLX6e', NULL, 'i34rvAhqVN_y52GZKoet0HX4maY81oVW', NULL, NULL, '212.188.16.114', NULL, NULL, NULL, NULL),
(166, 3, '', '', '$2y$13$M9XJhaJgHaPZCj55OPquxOftqOEtllfczsTgHf2aTcMIVrMMQ8wtW', NULL, 'iJ1zdTRqCk4EjUMgBpVB18EQKbwd2681', NULL, NULL, '212.188.16.114', NULL, NULL, NULL, NULL),
(167, 3, '', '', '$2y$13$Tqn4X8qtwBhUflJmPuP.0ejjnwE5RTh3ocALhVI9z.Q6XuRe29lZK', NULL, 'TiyVPk_Cd8P45ptkfHfYodTItGrBiUo2', NULL, NULL, '188.170.198.124', NULL, NULL, NULL, NULL),
(168, 3, '', '', '$2y$13$EBnBxIyEHRGr9mow8bZFuunc0Z6G/v.oKsIedb6Ce9MMJKjzb1Yve', NULL, 'TCWIWyLoeyKFMB2T1-ePz1aYUOw92AeW', NULL, NULL, '188.170.198.124', NULL, NULL, NULL, NULL),
(169, 3, '', '', '$2y$13$.a8gJuM3T3y6nOUnjhS3/.sgoBcFXa83dCyYTduyl/TS/RQHitdXi', NULL, 'krAAkQ9gTkasvhJK5Zw5UordBPGqzI1S', NULL, NULL, '85.26.183.224', NULL, NULL, NULL, NULL),
(170, 3, '', '', '$2y$13$uDlyEwTg/8hi8VgdrczSy.XAWnEJv/VDzoM/cgI7Fccj.UwsKScJO', NULL, 'zNuNaU_szwwEr312MQbzKvocgtywi7OJ', NULL, NULL, '85.26.183.224', NULL, NULL, NULL, NULL),
(171, 3, '', '', '$2y$13$PXdxSmPwjfCEVnqWXfc55Oq57Y8I..dhch/YwOWYFUaBLJ.vIRhU.', NULL, 'm7wmsIn7mmI4SjW8fmwCKWFyW7UE5Jfb', NULL, NULL, '85.26.183.224', NULL, NULL, NULL, NULL),
(172, 3, '', '', '$2y$13$fRNO7lcJU0yc1pEM0l1tu.eIe0A6ItE64Ss2XXyGyo8NjA1nVoKf2', NULL, 'svgk2zY6J-Zq8hL63pc432tVb3s3nLqn', NULL, NULL, '85.26.183.224', NULL, NULL, NULL, NULL),
(173, 3, '', '', '$2y$13$Dow6dfNP3zcWV7.AJgGWGOSXpRCXoQ/V4kBfGChMg2FoUtwwU9zK6', NULL, 'U1YKpr3S9xwJicyxLU90OeEuha6vHSHd', NULL, NULL, '85.26.183.224', NULL, NULL, NULL, NULL),
(174, 3, '', '', '$2y$13$3n0GC21csYSAC5StnKGDQuJkWeSVEmfeh39x8hZfsaEyWoGSnq/0G', NULL, 'pRfP2tRXCyotLEWN_uPphlrDbVdgKxx6', NULL, NULL, '85.26.183.224', NULL, NULL, NULL, NULL),
(175, 3, '', '', '$2y$13$yFCZnaSDPoGFmOOs8b7PMO3a8nXQdCOPl58wGtaDgIKgkYpwha1JO', NULL, 'o8aZOcr_BHhdBgI5avgjUgXA3W-zN_-5', NULL, NULL, '85.26.183.224', NULL, NULL, NULL, NULL),
(176, 3, '', '', '$2y$13$j3mQi6pRqd6iW1yVn/m/autqkJVhHwGXimDcVFuWVyZuFA8dZP0K6', NULL, 'tp88dNuAFN5zN3AB38tgqin8LTHj6exS', NULL, NULL, '85.26.186.186', NULL, NULL, NULL, NULL),
(177, 3, '', '', '$2y$13$1L4H.axzx494tuX/Hkf6MOUKFfFmBd4mxPVlNJM.wHYpetGlvKQ6W', NULL, 'iN_xwwQUcffqvMZrtDegT30GXXwpb8K7', NULL, NULL, '85.26.186.186', NULL, NULL, NULL, NULL);

--
-- Ограничения внешнего ключа сохраненных таблиц
--

--
-- Ограничения внешнего ключа таблицы `product_price`
--
ALTER TABLE `product_price`
  ADD CONSTRAINT `fk_price` FOREIGN KEY (`product_id`) REFERENCES `product_products` (`id`) ON DELETE SET NULL ON UPDATE CASCADE;

--
-- Ограничения внешнего ключа таблицы `product_products`
--
ALTER TABLE `product_products`
  ADD CONSTRAINT `fk_product_products_category_id` FOREIGN KEY (`category_id`) REFERENCES `product_categories` (`id`) ON DELETE SET NULL ON UPDATE CASCADE,
  ADD CONSTRAINT `fk_product_products_max_discount_percentage` FOREIGN KEY (`max_discount_percentage`) REFERENCES `product_percentages` (`id`) ON DELETE SET NULL ON UPDATE CASCADE,
  ADD CONSTRAINT `product_products_ibfk_1` FOREIGN KEY (`max_bonus_percentage`) REFERENCES `product_percentages` (`id`) ON DELETE SET NULL ON UPDATE CASCADE;

--
-- Ограничения внешнего ключа таблицы `shop_checks`
--
ALTER TABLE `shop_checks`
  ADD CONSTRAINT `fk_shop_checks_seller_history_id` FOREIGN KEY (`seller_history_id`) REFERENCES `shop_seller_history` (`id`) ON DELETE SET NULL ON UPDATE CASCADE;

--
-- Ограничения внешнего ключа таблицы `shop_client`
--
ALTER TABLE `shop_client`
  ADD CONSTRAINT `fk_shop_client_card_id` FOREIGN KEY (`card_id`) REFERENCES `shop_cards` (`id`) ON DELETE CASCADE ON UPDATE CASCADE,
  ADD CONSTRAINT `fk_shop_client_user_id` FOREIGN KEY (`user_id`) REFERENCES `user_users` (`id`) ON DELETE CASCADE ON UPDATE CASCADE;

--
-- Ограничения внешнего ключа таблицы `shop_client_purchases_history`
--
ALTER TABLE `shop_client_purchases_history`
  ADD CONSTRAINT `fk_shop_client_purchases_history_product_id` FOREIGN KEY (`product_id`) REFERENCES `product_products` (`id`) ON DELETE CASCADE ON UPDATE CASCADE;

--
-- Ограничения внешнего ключа таблицы `shop_links_seller_shop`
--
ALTER TABLE `shop_links_seller_shop`
  ADD CONSTRAINT `fk_shop_seller_shop_id` FOREIGN KEY (`shop_id`) REFERENCES `shop_shops` (`id`) ON DELETE CASCADE ON UPDATE CASCADE,
  ADD CONSTRAINT `fk_shop_seller_user_id` FOREIGN KEY (`user_id`) REFERENCES `user_users` (`id`) ON DELETE CASCADE ON UPDATE CASCADE;

--
-- Ограничения внешнего ключа таблицы `user_profiles`
--
ALTER TABLE `user_profiles`
  ADD CONSTRAINT `fk_user_profiles_user_id` FOREIGN KEY (`user_id`) REFERENCES `user_users` (`id`) ON DELETE CASCADE ON UPDATE CASCADE;

/*!40101 SET CHARACTER_SET_CLIENT=@OLD_CHARACTER_SET_CLIENT */;
/*!40101 SET CHARACTER_SET_RESULTS=@OLD_CHARACTER_SET_RESULTS */;
/*!40101 SET COLLATION_CONNECTION=@OLD_COLLATION_CONNECTION */;
